feature,pooled_pearson,pooled_spearman,median_within_lot_spearman,n_valid_lots,sequence_adjusted_pearson,sequence_adjusted_spearman,abs_sequence_adjusted_pearson,bootstrap_n_valid,bootstrap_valid_fraction,bootstrap_ci_low,bootstrap_median,bootstrap_ci_high,bootstrap_excludes_zero
Stat3_Etch_MV_Heater4Temp,-0.32559196769582227,-0.28273044274594067,-0.11666666666666667,10,0.5513402581978742,0.4654291853052024,0.5513402581978742,1000,1.0,0.16688191220419404,0.5510640066247328,0.8201499415153567,True
Stat3_Etch_MV_moriInnerCurrent,-0.572762284054323,-0.5292698390334967,-0.5878787878787879,10,-0.5008002942681009,-0.5019548448451975,0.5008002942681009,1000,1.0,-0.747371383583578,-0.5121791764073373,-0.23959294513029092,True
Stat3_Etch_MV_Gas7Flow,-0.24363866183001548,-0.1032897749286746,-0.7190476190476192,10,-0.420078130047099,-0.5653376069881301,0.420078130047099,1000,1.0,-0.9077680340241211,-0.41735141119309227,0.07057954645575959,False
Stat3_Etch_MV_PlatenRFTuningCapacitor,-0.48745435505986495,-0.5126272410270861,-0.7939393939393937,10,-0.4107251636576775,-0.6259201859744287,0.4107251636576775,1000,1.0,-0.7919879441220533,-0.42426389968220807,-0.09479648434776683,True
Stat3_Etch_MV_PlatenRFPeakToPeak,-0.47482351235051934,-0.4804515515480258,-0.6863636363636363,10,-0.40879951599042796,-0.5156915924060442,0.40879951599042796,1000,1.0,-0.7289729286104782,-0.42002057640485707,-0.058645995453018226,True
Stat3_Etch_MV_Gas2Flow,0.4599717588437363,0.40891479694269317,0.18181818181818182,10,0.3276745112289107,0.23625444683174252,0.3276745112289107,1000,1.0,-0.11630838926450357,0.3019736752427482,0.6803255470285021,False
Stat3_Etch_MV_Heater2Temp,0.5418180802774891,0.573104152724455,0.43257575757575756,10,0.3158440728501829,0.20045084709943295,0.3158440728501829,1000,1.0,-0.24260412054798028,0.30767457773706613,0.6274046920485984,False
Stat3_Etch_MV_PlatenDcBias,0.21373508865315943,0.3369905956112853,0.13787878787878785,10,-0.28836720767431145,-0.3273924835335142,0.28836720767431145,1000,1.0,-0.5746299988590448,-0.30441283677080566,-0.016851716024140054,True
Stat3_Etch_MV_ForeLinePressure,0.2953400777058242,0.2662111232432814,0.6545454545454544,10,0.24862552722696257,0.34886055440104263,0.24862552722696257,1000,1.0,-0.013137249325975073,0.2578602026726323,0.6339110432643745,False
Stat3_Etch_MV_Heater3Temp,-0.2218570621232669,-0.23169657828357376,-0.23030303030303031,10,-0.23398940059348292,-0.3673875523933642,0.23398940059348292,1000,1.0,-0.5034090665619768,-0.2427271588477075,-0.04227505425788043,True
Stat3_Etch_MV_Gas4Flow,0.13144816617282587,0.07528794336233315,0.16969696969696968,10,0.1631086720533439,-0.008523827973653624,0.1631086720533439,1000,1.0,-0.2822702723213897,0.16611669185228578,0.4582276468843614,False
Stat3_Etch_MV_HeliumBPPressure,-0.32331550939522724,-0.32288543414350035,-0.15757575757575756,10,-0.16216939197180053,-0.1747560846747209,0.16216939197180053,1000,1.0,-0.5224417730617894,-0.17683852079076362,0.1941982570982295,False
Stat3_Etch_MV_SourceRFReflectedPower,-0.05899243742442736,-0.186943045331267,-0.4303030303030303,10,0.15877767992062086,0.0693177415378113,0.15877767992062086,1000,1.0,0.009444408913590484,0.16148719702566475,0.2519254675576014,True
Stat3_Etch_MV_SourceRFPeakToPeak,0.37637668808856595,0.39590010918953195,0.5818181818181818,10,-0.15630742473401915,-0.1449050755521116,0.15630742473401915,1000,1.0,-0.4224628468073311,-0.15560615749846907,0.06824834208455569,False
Stat3_Etch_MV_SourceRFLoadPower,0.235087363198676,0.3088302631115495,0.5492424242424243,10,0.14937716713037266,0.34921277869747464,0.14937716713037266,1000,1.0,-0.15243327362441644,0.15283788669713844,0.6039568349245691,False
Stat3_Etch_MV_Gas1Flow,0.24378422814188405,0.2519812616674299,-0.32272727272727275,10,0.12934218003760872,-0.02706843718079674,0.12934218003760872,1000,1.0,-0.35366919260760143,0.12531702647509946,0.5139466434601029,False
Stat3_Etch_MV_Gas5Flow,-0.11961668193907121,-0.057535838822161955,0.034848484848484844,10,-0.1133895143542142,0.03272163713852982,0.1133895143542142,1000,1.0,-0.3980540888912546,-0.11698839379123958,0.35260552624753916,False
Stat3_Etch_MV_Pressure,0.07228830627502801,0.10075375999436444,-0.02424242424242424,10,0.11144634704221847,0.025201648409707303,0.11144634704221847,1000,1.0,-0.19848981650618241,0.11098392614420499,0.35054753064237254,False
Stat3_Etch_MV_PlatenRFLoadPower,0.01102026172911012,-0.014036138212813923,0.19999999999999998,10,0.07282595827045779,0.12731147194533482,0.07282595827045779,1000,1.0,-0.2356530480614473,0.07131782941614388,0.29367950368150203,False
Stat3_Etch_MV_Heater1Temp,-0.059254125005017574,-0.08551388911295986,-0.31762605632935326,10,0.07222279017179295,0.06181536402381037,0.07222279017179295,1000,1.0,-0.09663346577468866,0.06879899300160144,0.22883787198166047,False
Stat3_Etch_MV_SourceRF2TuningCapacitor,-0.09444048799760421,-0.06083219965107593,0.0,5,-0.06945299363753768,-0.06607823470113951,0.06945299363753768,999,0.999,-0.35782928769585126,-0.08247929055238638,0.2649332919328046,False
Stat3_Etch_MV_PlatenRFReflectedPower,0.21697839026777252,0.19155718361452576,-0.1856060606060606,10,-0.05336556224746479,-0.153657849318446,0.05336556224746479,1000,1.0,-0.2512249431494921,-0.05203393248651998,0.12637771595433236,False
Stat3_Etch_MV_PlatenRFLoadCapacitor,-0.10925437619134266,-0.1536226268888028,0.18961038961038962,10,0.015916838690701582,-0.025043147476312918,0.015916838690701582,1000,1.0,-0.4012890036454172,-0.00021927755061814736,0.4205808037597407,False
Stat3_Etch_MV_HeliumBPFlow,-0.2612766708582712,-0.3156634144623297,0.4121212121212121,10,0.014083375730665574,0.0614279172977352,0.014083375730665574,1000,1.0,-0.183713266886804,0.021295998452096437,0.27126261415670905,False
Stat3_Etch_MV_SourceRF2PeakToPeak,0.12831207885653415,0.08395266105455956,-0.00606060606060606,10,-0.012737721333110848,-0.08004297136416472,0.012737721333110848,1000,1.0,-0.31466107097467083,-0.018018973507687767,0.24936796437447245,False
Stat3_Etch_MV_EpdIntensity,,,,0,,,,0,0.0,,,,False
Stat3_Etch_MV_SourceRFTuningCapacitor,,,,0,,,,0,0.0,,,,False
