feature,raw_median_abs_within_lot_spearman,residual_median_abs_within_lot_spearman,raw_median_spearman,residual_median_spearman
PlatenRFTuningCapacitor,0.9575757575757575,0.04242424242424241,0.9575757575757575,-0.012121212121212121
SourceRFPeakToPeak,0.8060606060606059,0.06666666666666665,-0.8060606060606059,0.0303030303030303
ForeLinePressure,0.7757575757575756,0.07012987012987014,-0.7757575757575756,0.04242424242424242
PlatenRFPeakToPeak,0.7696969696969695,0.04242424242424242,0.7696969696969695,-0.04242424242424242
SourceRFLoadPower,0.6727272727272726,0.07272727272727272,-0.6727272727272726,-0.030303030303030297
Gas7Flow,0.5575757575757575,0.09696969696969696,0.5575757575757575,-0.05194805194805195
Gas2Flow,0.5151515151515151,0.04242424242424242,0.0,-0.012121212121212121
Heater3Temp,0.509090909090909,0.1333333333333333,0.4181818181818181,-0.036363636363636355
SourceRFReflectedPower,0.49090909090909085,0.04848484848484848,0.49090909090909085,0.0
PlatenRFLoadPower,0.4303030303030303,0.0303030303030303,-0.3090909090909091,0.012121212121212121
Heater4Temp,0.4121212121212121,0.11515151515151513,0.19393939393939394,0.012121212121212116
moriInnerCurrent,0.4121212121212121,0.10909090909090907,0.4121212121212121,-0.10909090909090907
Heater2Temp,0.36363636363636365,0.10303030303030303,-0.32987012987012987,0.05454545454545454
HeliumBPPressure,0.35757575757575755,0.129004329004329,-0.08484848484848484,-0.129004329004329
Pressure,0.3515151515151515,0.04848484848484848,0.06666666666666667,0.036363636363636355
HeliumBPFlow,0.3333333333333333,0.036363636363636355,-0.3333333333333333,-0.01212121212121212
PlatenRFLoadCapacitor,0.32121212121212117,0.16363636363636364,-0.2787878787878788,-0.16363636363636364
Gas1Flow,0.2848484848484848,0.14112554112554113,0.2848484848484848,0.054545454545454536
Gas5Flow,0.2787878787878788,0.1515151515151515,0.2285714285714286,0.017316017316017316
Gas4Flow,0.2666666666666666,0.09696969696969696,-0.17575757575757572,0.01212121212121212
Heater1Temp,0.2545454545454545,0.09090909090909091,0.2545454545454545,-0.023376623376623377
PlatenDcBias,0.23636363636363633,0.13939393939393938,-0.23636363636363633,-0.1333333333333333
PlatenRFReflectedPower,0.20606060606060606,0.07878787878787878,0.08484848484848484,0.036363636363636355
SourceRF2PeakToPeak,0.10909090909090907,0.07272727272727272,-0.060606060606060594,0.04848484848484848
