feature,PC1,PC2,PC3,PC4,PC5,PC6,PC7,PC8,PC9,PC10,PC11,PC12,PC13,PC14,PC15,PC16,PC17,PC18,PC19,PC20,PC21,PC22,PC23,PC24,PC25
ForeLinePressure,0.08473694479095255,-0.30804991155213685,-0.15881361329387925,-0.08523182119251173,0.3849343948380579,0.015470609799502716,-0.19284604931652563,-0.22760863051546262,-0.16689333597366338,-0.028148398770072768,-0.12518453944961122,-0.05449200676849082,-0.04826152554140192,0.08375671783875129,0.1773611194445664,-0.08835904782838828,0.07226898732817487,-0.26637734609930025,-0.24606581785957332,0.5115943224528904,0.05281054620693955,0.24293338355526334,0.2334005277164882,0.12366809065320589,-0.04585436817963632
Gas1Flow,0.386198716401272,-0.07360705312390448,0.12966718761347934,-0.01267919653875856,-0.05563710455030448,-0.1587769712601065,-0.11956431851463656,-0.11721409890897755,0.0073420626997274235,0.012110089611995313,0.02252034056836869,0.11152870484300417,-0.17901139763907814,-0.270472777209365,-0.04300774073464607,0.0555698244384824,0.156102820547061,0.2293937480092921,-0.2556170666442519,-0.3911999992943268,-0.3168786037701731,0.3261808902221196,0.35865065145084285,0.13391471421436996,0.0098287363019691
Gas2Flow,0.09503642391136422,-0.24381324759615972,-0.1342907880747873,0.20268739245275855,-0.23710772500173682,-0.30246904275220965,0.3091209191595576,-0.07967145577638875,0.029445836900631833,0.14041241637478882,-0.032751406408202774,0.06000297991717104,0.40572548759212906,0.2727429060464336,-0.4080638815576389,-0.27934086779850664,0.16171254138177932,-0.13384502949505947,-0.15352355584557134,-0.06031685702800624,0.15525994765788598,0.08491866111438329,0.10183739071640924,-0.03154155746077159,0.00595609869430259
Gas4Flow,0.32465814197510057,-0.04716773067010802,0.26117208663367375,0.21278829632139723,0.0744244311943219,0.1927858044942817,0.1091053395843483,-0.10805930443929726,0.12191921379933543,-0.10355601369403448,-0.04404097037285819,0.015803403272946957,0.07342186847539854,0.07912274981091875,0.0554279228463049,-0.15113238201916482,-0.17299467869121482,0.1478180847133903,0.2912681423926433,0.15764413389133128,0.0419747716000151,0.10374936292497824,0.0459110740732573,0.04108199095665259,0.6851766057267538
Gas5Flow,-0.35215784374069814,0.01607252555336579,-0.20277265154435814,-0.2346718585791724,-0.029015183132698217,-0.19182732742120068,-0.1253246861023206,0.04398858847029209,-0.1075360041220125,0.1256182065340108,0.07417738243413136,0.013140525006593342,-0.09578189967151869,-0.0358304488439221,-0.01473741368947744,0.13674245722793432,0.03866174345637153,-0.17588133353003088,-0.29644042906284246,-0.17769991799899731,0.07617185125647379,-0.009676616953931936,-0.004108190545508694,-0.07087631559716406,0.7064320014129875
Gas7Flow,0.08476120005249313,0.27562327458258373,-0.14782512526098687,0.000673808841150784,-0.13718633445167364,0.2860673688292838,0.054240713232231175,0.536700156475455,0.06178260745855443,-0.22969175522245935,-0.028407430041561148,-0.14591609124103402,-0.2483863841941136,0.0672408197754828,-0.02653526699822159,-0.3529473081569349,0.17083632778704322,0.03155201885578604,-0.2498383472995815,0.03109404987936673,0.263271915978226,0.23511220627565452,0.11002944546613716,0.05111525221496274,0.01755671199283511
Heater1Temp,-0.009294180988742075,0.10267012114277073,-0.1611298024737922,-0.03204967935056812,0.04120579172439151,0.04177398260211761,-0.15667279817101817,-0.2424500485736708,0.808972749385179,0.3099836445927246,0.0070352601180575045,-0.26476962038923946,-0.13601620499189723,0.1735293924262645,-0.013565053193737337,0.012912449643919329,0.020079165695841117,-0.020067717244918522,-0.019432088253513915,-0.032010625015941346,0.015702391858580075,0.0338264009394908,0.021060612154109083,0.03710754757048672,-0.02342640112194976
Heater2Temp,0.15975222010473372,-0.10958539865495259,-0.29614294601053953,0.03477267201216972,-0.3232354546458643,-0.18730336102066578,-0.15977273031823905,-0.1148744076435853,-0.08511962356863087,-0.052902883032687816,-0.3774182314916721,-0.1025292222364134,-0.05931602618070768,0.05058468979324197,0.5269663565137642,-0.34756831135587535,0.04078557614201168,0.057597536178536746,0.07486664737802834,-0.1719232930989022,-0.07474642445974336,-0.2267335042775787,-0.17037411493993138,-0.012389820393327595,0.03712803128408779
Heater3Temp,0.10778703038963075,0.20619617786195585,-0.16200118535145455,0.13473815068271663,-0.14975699874250023,0.044950003264580936,0.03446779795400376,-0.42557404248013153,-0.1329607728738253,-0.18635161962435295,0.7234041105450655,-0.15128907750205944,0.042758017856214914,-0.0511078606578834,0.1771839323480984,-0.09419527270333598,-0.07386751699356882,-0.011538603303190877,-0.1506995171154935,-0.0029955783526004753,0.14378336829547272,-0.02418404395867202,-0.03174122357569269,-0.004433674504875276,-0.028430362839256606
Heater4Temp,-0.1646672196407399,0.16292387768811842,0.28055407967573365,-0.23917773058799707,0.0019117256895136762,0.10705681771338621,-0.09009475176289397,-0.062446293930761024,0.26461113903760214,-0.0942433853342344,-0.04293585472988968,0.43338719008433346,0.44155010857402277,-0.19957995603144785,0.27268962585421413,-0.31221856762985006,-0.04696025863375032,-0.2251367199373483,-0.1572611412573042,-0.11463807767561959,0.09041050542292312,0.037340983539443214,0.062469530768973235,0.0718915641357119,-0.04828009770171477
HeliumBPFlow,-0.16242760921189492,0.12964756773289673,0.362802036580906,-0.00032634848639862067,-0.0028145890831483313,0.08159531250464462,0.28611768308440205,-0.11129251729260475,-0.19425151121275816,0.05831770089685907,-0.16075591668694314,-0.4218118327068188,-0.021326285973240554,0.3509202197259198,0.14854560011512494,0.007365471866266429,-0.24206201125370994,-0.23106972689355254,-0.1795755919536729,-0.2762729415948537,-0.1751294968010751,0.13622518310204326,0.03311742930477897,0.24693870636598217,-0.04220948887959817
HeliumBPPressure,-0.07371760003044975,0.11297772151497702,-0.08635061530492245,0.1498172689947575,0.4894006000351698,0.3009711023745822,-0.26073884964551547,-0.20823539803175078,-0.19974726063056988,-0.014642354967120592,-0.14380751517287,-0.1659018643777856,0.19825728741398896,-0.01436961862014443,-0.23889375095901638,-0.21014775624372617,0.2662016964614397,0.15152243545850075,0.02023759662457345,-0.39225629864686357,0.08491737999441842,-0.09566126960693128,-0.07504988188242379,-0.10478287949772067,0.01799321692071556
PlatenDcBias,0.09995922563275776,-0.06041263993552324,-0.18911041574917878,0.4130293016171656,-0.08290580760363161,0.18914944003197903,-0.31386103127154047,0.35879797061858654,0.010545120235508803,0.1728901022040246,0.049239533150921735,-0.1763738760630554,0.3932049158882743,-0.18481616882215368,0.04060037915041056,0.14104754367987232,-0.31385131840229574,-0.19658707820348803,-0.14567029936941564,0.002852099369266753,-0.2442458354626948,-0.05442942153013635,0.10506041767105885,0.05753410512772247,0.030314329960814956
PlatenRFLoadCapacitor,-0.01850234117165976,0.09646043668927985,0.29910113031456326,0.4323368689947088,0.09111198762556377,-0.27949123292820877,-0.1885596499753398,0.012004368305359898,-0.04466570139001458,0.2407990433792485,-0.0900009871518413,0.14485099180249572,-0.2118961807245057,0.006437064749322166,0.07799124787601512,0.009220581664491035,-0.18125523843114172,0.18324567884979084,-0.28288560424579645,0.029186473541839286,0.5093060565409114,-0.17361594998657046,0.0011441968848449856,0.10469408767533746,-0.062327010013235484
PlatenRFLoadPower,-0.11420174003562146,-0.09246510957400882,-0.07322686414676438,0.4448520909154285,0.08882453435948491,0.2866576015795424,0.37564789390278697,-0.0069312940035672795,0.06989384627531553,0.16233665132200786,0.04353952463889457,0.3199898427405971,-0.17968594871112342,-0.006641003541453192,0.3155062703107487,0.13377085951533046,0.42630204271119965,-0.18210352199837415,-0.08666677276454457,-0.06898365300504551,-0.1499778009678044,-0.03612121459633106,-0.07578274692910338,-0.021181380475330056,0.03845219227899868
PlatenRFPeakToPeak,0.07826774020275072,0.40248541507911134,-0.20411934270135892,0.05416620975216236,0.03874306789634143,-0.11376542558524438,0.08248743272595106,-0.05892974037695007,-0.12749752421521945,0.23447285103127366,-0.17870790436620496,0.06903132721774859,0.12665254570636242,-0.027880826697260983,0.19214137910133233,0.1705469248448086,-0.1227049772896742,-0.016833450065295838,0.1825045760155341,-0.024566876833278184,0.14832521655228043,0.5687999064811593,-0.0003888952216358349,-0.41702887480242423,-0.05571774266228713
PlatenRFReflectedPower,0.31470964586394157,-0.09445571025172338,-0.03715972202660354,-0.2553249401255716,-0.11960053498095521,0.2941978121318184,0.10413765542123557,-0.04887436763097406,0.011184716810480153,-0.07110621069178681,-0.16514444491705613,-0.033060563404582355,0.2614076938574418,0.15385699209262046,0.13939154649587762,0.533159890185925,0.0935201788210547,0.16964089776087296,-0.2555624140895894,-0.07797402873588392,0.3529263284262475,-0.20494822534909576,0.07431734764665328,-0.03359916504669464,0.001757550963609013
PlatenRFTuningCapacitor,0.18347364674152977,0.38441403379353395,-0.17311618839489773,-0.07139819569900042,0.06608399755363004,-0.12923398855841778,0.10709425401046982,-0.014958624826200731,-0.07652254059532725,0.16341829727834833,-0.08684161673095314,0.02563186550846902,0.15827894666595238,-0.1605810592559631,-0.08035707760163947,0.07968442240107672,0.1851174337891818,0.013281586763173217,0.023709109272834886,0.16131993900181033,-0.03887304023966956,0.0025806951792347217,-0.33510626338507876,0.6824880140297966,0.07546422937661727
Pressure,-0.19664270538526035,0.060376686194770456,-0.1456641492339515,0.17606068056961713,-0.2740238756709535,0.2141050888350113,0.12616780556795046,-0.3888158665838691,0.04862802103967248,-0.2657331569020142,-0.40658434724051734,0.03097033225440044,-0.16037172020538457,-0.38399308530292575,-0.31112787881150933,0.06279030499652156,-0.23756201711288946,-0.04545182029884631,-0.17503320246675064,0.12144011368994193,0.007941115698755816,0.015157093265296438,-0.008005556481259331,-0.0032938315749872302,0.0054168286590393945
SourceRF2PeakToPeak,0.07627800382876587,-0.009227264070775147,-0.011429532603319588,-0.21605627445202974,-0.2724011307719391,0.4503653420561722,-0.1387145507477101,-0.11648776442226867,-0.25930363994813715,0.5720771326936205,0.0639021644222765,0.28092237508121604,-0.1554543394150264,0.16756872261435038,-0.14648194224740793,-0.21449456613339019,-0.1480034196964773,0.08182789738454997,-0.017097884451214004,0.07103034598124733,-0.06769128554410254,-0.018038832834066185,-0.025990261476019533,0.013203201749160828,-0.02292689129564476
SourceRF2TuningCapacitor,-0.36775143828974344,0.022597241015488486,-0.2739499501586332,0.02837234508381767,-0.015361135013841468,0.02335563159625642,0.12151495878486412,-0.012757457684315467,-0.05601903837876547,0.053054422269837004,0.011375330348493421,0.03993878023111597,0.07267251676467795,0.018733153105854102,0.13086883128397805,0.004587623617183272,-0.05466453036428015,0.2828652773363804,0.31883872901194954,-0.05195795664687905,0.11349086808753292,-0.07305772238552431,0.6540741544921352,0.3295887216168654,-0.014463271922299651
SourceRFLoadPower,-0.360359679659174,-0.2283832673426254,0.01761409043406838,0.03410346670863677,-0.05234778159898335,0.03698494785223023,0.007635335241730594,0.02282841071513349,0.05590773246951112,0.0043821874565738925,0.04758011160597467,-0.07305176734339637,0.22561794725614123,0.04090559535396675,0.13640032153840068,-0.025625869464331676,0.009968641062866525,0.6299697870717925,-0.2613195673686142,0.16340387864396705,-0.13798395638432487,0.34012799427228896,-0.3192956973550758,0.024615624500173662,0.002227029108609682
SourceRFPeakToPeak,0.06129243543338572,-0.3408908631432173,-0.2949326808784834,-0.014693658373277732,0.1919028343875136,0.0662006607814262,0.016679642574717053,0.06773392275427713,0.06908176654302267,-0.16755009371776453,0.0819256277115668,0.2640877221554504,-0.13566444231681582,0.11476454308571091,-0.032125630433578356,0.043154076518167224,-0.4063571862006543,-0.08889477397374776,0.09772208417661536,-0.39563974156890425,0.21283898545537264,0.2442173532447898,-0.28025888006939437,0.27381999599390916,-0.07359880027873401
SourceRFReflectedPower,0.15493109955637954,-0.032035912169671915,-0.15888837319563268,-0.19253681012095067,0.37641953103152975,-0.05186292861397091,0.5052122820589714,0.09207024289186215,0.05154062330690642,0.22204595996924908,0.004444651518136556,-0.09805038523206205,-0.02005545766314531,-0.3089696027396648,0.05972892720966011,-0.24740188941133615,-0.3089096630170786,0.1594690497503848,-0.23588789461429982,-0.0011808255533120593,-0.07344382464456078,-0.2589956943893922,0.035925195132559526,-0.17903914396610907,-0.0019250328361662648
moriInnerCurrent,0.04820937745098645,0.35606159703754325,-0.19624245244201013,0.07445873348874943,0.15860383134947925,-0.09897636594730269,-0.0581819820262666,-0.014163394376915418,0.0380051153637838,-0.27368838654598787,-0.051340480360116625,0.3678834274237105,0.008738362304352007,0.5140454173370124,-0.06889629773156318,0.04641590036939516,-0.17698968843508361,0.14227103699216595,-0.23520770899098103,0.07888605457523434,-0.38260259418558956,-0.17535370655132382,0.0790085156382977,-0.07598511515848846,0.02231048560673934
