PC1,PC2,PC3,PC4,PC5,PC6,PC7,PC8,PC9,PC10,PC11,PC12,PC13,PC14,PC15,PC16,PC17,PC18,PC19,PC20,PC21,PC22,PC23,PC24,experiment_key,lot_number,wafer_number
-5.682304795328861,0.5489207704055612,-2.659802100994351,0.18922393971445167,0.7755333376354009,-1.776524116099548,0.2978914101801384,-0.41120365888576443,0.963153314092811,-0.9704436604776957,1.140929199449584,1.0936319530694385,1.0318773450570689,0.36115736357092854,-1.0067847567726766,-0.03954073138545405,0.8186098281720358,-0.09329044558612591,-0.17626876092473084,0.20394946330006314,0.1867910642550057,-0.0005700973558641608,0.027373491521707607,0.05271504637466775,2024-07-02_01,1,1
1.7422947039718781,-0.11368773167303078,2.536822977069148,-1.484588370720596,-0.17375765516638064,1.9805028651500138,-1.396863064288875,0.7111506521063091,0.5489269471364752,0.4854100971825873,-0.1411159353707935,-0.36339392346506455,-0.3341284547085365,-0.9265898528046745,-0.026971211974210617,0.6931983300890785,-0.35492947659086466,0.45135529549005227,-0.1980045130089001,-0.25956384321815096,-0.14878006559107956,0.06445369377936304,-0.5345009216621444,0.0309341774441846,2024-07-02_02,1,2
1.2174614600109313,1.5777277402011414,-0.8024084421499321,2.085331790772639,-0.7176504706006981,1.083410232371072,-0.7569327818836707,-0.11772508602350523,0.987646526661963,-0.21012892224586047,-1.040308560661766,-0.43147371002281293,-0.2748317821812084,0.6364532441232786,0.6918952192759839,-1.4859658617318547,-0.4504409607165878,-0.02353034493383156,0.2713651180955774,0.4496291367089275,-0.3254282753939837,-0.14596166090361704,0.2523027407739756,-0.1015930946285502,2024-07-02_03,1,3
2.3812017266171077,-0.3362819535956627,1.3439721493271797,-0.4481367892621703,-1.609321661820551,0.3166677618238804,1.0742890070275057,0.1286485844004943,-2.3210266563666604,0.8479503055337543,0.21561443352758863,-0.6700685752841931,-1.1667818433911934,-0.008646886387403841,0.1291124614911757,0.7314950706457859,-0.3973678636531619,-0.6151381388198304,0.04467127898900515,0.32921916153561875,0.12739259206120396,-0.3546429726854472,-0.047720012268458414,0.08442725370286543,2024-07-02_04,1,4
1.6256757078457107,-1.6000201177807345,1.0939401270981794,0.6761352614354934,1.4884127879204387,-1.471040844143382,1.696075858754431,0.1591483354144118,1.017563710740778,0.05419694882445176,-0.08602187053973218,-0.5808533171474458,0.5555310104432528,-0.4568840509744888,1.3580334528265936,0.6667577823727353,0.1332255727484972,-0.2139246758181527,0.4306371453634481,-0.29602521589684366,0.019568883294913676,0.22040639857628358,0.3369823852337469,-0.07742622172884402,2024-07-02_05,1,5
1.3418105800307927,-0.31177378793692684,-1.9019228183046901,-0.3145261767754573,-0.020407347749704235,-0.18065079494976538,-1.3750768594215312,-0.1340265685380262,-2.0564958253778,-0.13341149340893657,-0.8462169099223704,0.9436530121537343,-0.7329047851874289,0.21052528197181816,-0.8174725823797432,-0.4626673811650366,-0.29250808033162234,0.6057813331579905,0.13296674150655366,-0.4081232791614885,0.1798992021283108,0.4054092004946465,0.2651128210369818,-0.11617175896805534,2024-07-02_06,1,6
0.5192548753750234,-0.9432017084110589,-0.21143385030390688,-0.750015679243582,-0.6285180991136684,-0.3802944044122753,1.7616734753526528,-0.6191056482766927,-1.034262791270587,0.3350307553495332,-0.3170835677981406,0.12503596762465927,0.8145583091797032,0.804260422938855,0.03014911140527354,-0.23879732963285683,0.4312544671634695,0.28916393697393217,-0.18340413839428052,-0.1818262794862133,0.012532773027357407,0.11266275346735781,-0.21185862594845842,0.08767144185165626,2024-07-02_07,1,7
0.3921811829052688,-1.1654025410403799,2.225795043544231,-1.578435891611796,1.9831021783454503,-0.25426390432215396,-0.06749098743014026,0.2721386325901382,-0.37428295061022515,0.733988449956668,0.6275859181152208,-0.7057828430459759,0.04967680290854427,-0.5033668619534142,0.33591422462954773,-0.13344935874615738,0.6818541168625699,-1.1343447452293574,-0.2891103010218953,-0.8245693065956522,0.02807784382158537,-0.015965700597149704,0.04665374110487941,-0.04320941358488424,2024-07-02_08,1,8
-1.4448029041551165,1.350418408173161,-0.48263660683202847,1.5495369290355305,-0.35134013989879415,0.3880343497251473,-0.7834330533713014,-0.8827839155889342,0.9423578707275173,-0.9764951477208789,0.36009387068233606,0.27130355130744327,-0.07841937728850286,-0.2047172582663864,-0.6236615142624136,0.32324186817963746,-1.1443259122278853,1.1320086201841242,-0.5537482236232534,0.4254832978852213,0.11156809056211643,-0.39063486581408574,0.3467520232462776,0.15790194943818261,2024-07-02_09,1,9
-2.0927725371079826,0.993300921738897,-1.142326478417034,0.07547498660704141,-0.7460529294551108,0.29415885494642674,-0.45013300498010805,0.8937586727939913,1.3264198543577097,-0.16609733304214952,0.08652342249069626,0.31794788461096146,0.13542277513654796,0.08780859781647629,-0.07021440402842434,-0.054272388800605004,0.5746283084153693,-0.39808083535311234,0.5208956530817977,0.5618268649551953,-0.19162210806785218,0.10484325100648104,-0.4810976430018481,-0.0752493798937496,2024-07-02_10,1,10
-6.861995403758425,1.812302829147532,0.9239523196651922,-0.502598932496864,1.6103583336636444,-1.7717372771276314,-0.176072586059147,-0.3454032098715766,-1.1186109068412633,1.1800494720906847,-0.9427006087311812,0.41574151475222176,-0.11777396421268668,-0.3473308477820024,0.7322623001817373,0.8490936015626077,-0.9653980713462291,-0.37073489382748537,-0.33375397313312294,0.12420370314372875,0.16055290276729778,-0.01313366509918681,0.2423705102738623,0.19768761331248813,2024-07-05_01,2,1
0.06250443922125505,0.3327105280495175,1.3442350848327205,0.5648210022796758,-2.021019530660835,1.8470606750834555,0.00837721307028053,-0.033257064844579694,0.658131731815254,-0.552167368761925,0.7785402688480637,-0.4093998534184462,-0.36159327574472466,0.14972356826719113,-0.26964012378265506,-0.2792995664828718,1.0199278464482464,0.2995019602474842,-0.5548792112128511,0.15878874797832918,0.07156383980534459,0.09483669944091248,0.13872447724080103,-0.07062671596918942,2024-07-05_02,2,2
2.240853734467137,0.47979342827527033,-0.1569379481717253,0.2637531164574988,-1.8012989918853575,0.9483483739399361,-0.421754857267172,0.44773172514138077,1.1714564374198912,-0.21161205091267765,1.208235353717575,0.28868724951767705,-0.08751402311975229,0.11546317720063759,0.5736531788667489,-0.11057224846972087,-0.15856959540308543,0.04147278822151986,0.5250477163290642,-0.09059306476337117,-0.1596930930758391,0.2616369641192728,-0.6110804114545214,-0.059617699121960736,2024-07-05_03,2,3
3.337090805238016,-2.3076951353987014,-1.2446372071142513,1.1613449609301045,3.0957191068731422,0.7400644293565644,0.482893655373175,0.037040133922684786,0.4389659361859177,-0.30214603583923894,-0.2793441056093544,-0.0334870202402921,1.18762869535537,0.22194499969778594,-0.6287110230822488,-0.5554261010021574,0.2991180050332282,-0.016595841639618934,0.174450745574397,0.12003101421675827,-0.16351429325804834,-0.3258432987256032,0.10183924921301728,-0.02403592911712042,2024-07-05_04,2,4
3.0407852149714527,-0.5005115086784165,-0.7720465617381158,-2.917247319095744,-0.6649027068324731,-0.9487136601763171,0.7847752017712077,-1.0008049133267523,-0.9190227447612604,-0.33065452369195497,-0.4076916940277405,-0.7986086288957309,0.010731531072947295,0.222136882257491,-1.3520066924183218,-0.09129731038835415,0.5647836163760427,0.3936108626962317,0.06795609049365049,0.2524285955863994,-0.09155816899563715,-0.20990932489566402,0.187563135388141,-0.10575836700406387,2024-07-05_05,2,5
2.033433404835365,-0.7726246491608334,-0.9307227766443383,1.7817133919228514,0.20402879433989382,-0.8138508769694706,0.44340411305515504,2.004168315435454,0.2941831316233629,1.0144841301666723,-0.24055797586923605,-0.011149900325320723,-0.6520197379460206,0.6260734680892889,-0.030336467326302654,-0.3285614022499191,-0.009541953317327172,-0.34392490301116,0.3208885024061035,-0.5955018663312532,-0.14134417408902714,-0.169467562989571,0.024161075421813706,0.025331307389199514,2024-07-05_06,2,6
-0.032189093463131854,-0.5433521281323295,-1.4890514221398632,0.46423587564715,-2.000170125945048,-0.12518478116480658,-0.376540647076158,-1.0661689289613199,-1.0433220833706016,-1.5481829936112976,-0.14937981641013262,0.13049864862696914,-0.21334328676714376,-0.7466371156774603,0.37543334507417037,0.4647995485068141,-0.9125183860128059,-0.1138773991914341,0.27013264143311677,-0.4165848145002702,-0.021329850167795098,0.42772545605786016,0.006073171632111329,-0.2398135755516492,2024-07-05_07,2,7
2.255016555465864,-0.9974985101742397,0.21892108387841697,-0.028329257508767403,1.8563261406818938,-0.8651328530008271,-1.6760433344786128,0.3665533690400738,-0.04723332724501477,-0.7005261114486502,-0.5368460723982122,0.44857752735071305,0.3232470782732807,-1.1321258907771496,0.7368381882967342,-0.8018149019403671,-0.14580421009551986,0.4337161235132037,0.09118892129838048,-0.35459504566416655,0.47900556656538135,-0.11804068356749717,-0.4662989015999298,0.21458213571796303,2024-07-05_08,2,8
-2.20172337739751,0.7333166728173561,1.1093733383317421,-2.6861852900923613,0.5059659982455809,0.19511675387416624,0.35677378508198554,-0.5289261119648041,0.6112677307064502,0.7319915764276391,-0.0030775462521217874,0.46262831500836266,-0.01250512590164516,0.6774616916660774,-0.3951429054441153,0.679079783614775,0.08785231778634821,-0.36829085670867656,0.10467073158732133,0.6046310775642287,0.2105965265173191,0.1634323093267216,0.2553152844867784,0.06510773708544369,2024-07-05_09,2,9
-3.8737762796088795,1.7635584732861735,0.996914089119044,1.8984924520617852,-0.7850070183788995,0.7940292154712839,0.5741874560923674,0.11906668649317016,-0.04581590541338905,0.7187639059583598,0.5728221968518543,-0.4934878522757776,-0.07685789094863477,0.21329006729259448,0.2576501995824387,0.1739985970808077,0.2201504305534818,0.045122159583523246,-0.6657021647170174,0.19719165267133185,-0.34427925606556287,-0.11123689365456339,0.12133240944267694,-0.002856506758414557,2024-07-05_10,2,10
-4.615583792379681,0.6640560217503727,-1.7352804102072008,1.6811393887740762,-0.44876803861886266,-0.7355245450638372,1.8379461157703054,0.8158456900989073,-0.8397451713583007,-0.5553561433868024,0.11535361235795098,0.8687536993568677,-0.5565504236663158,-0.8943239609346381,0.01975724201769128,0.4156470930060615,-0.044875268343339415,0.21909647761838988,0.5089567102931757,-0.05302738840572357,-0.19676526932084756,-0.6117174242465456,-0.181010043806415,-0.03483502684949476,2024-07-09_01,3,1
0.17625226479824482,0.596828784350197,3.075463329279933,-0.02814884425427369,2.0415034025350787,1.2415889200435073,-0.010249679093019154,1.332989155952387,-0.39537816988147156,0.8187245183671691,0.8095835312609871,-0.27311536757210775,1.0224158679445843,0.6307843981330493,-0.5903152415587729,-1.3341190770355487,-0.6003453403225644,-0.5006922253810021,-0.6609215836841413,-0.044217089091430954,0.24125932327065014,0.42316704538054717,-0.12410009612828672,0.008739520638638016,2024-07-09_02,3,2
1.9548737702964532,2.206488580440064,0.7194921068158973,-0.2265250092858909,-0.7448434245862868,-0.2729423409678436,-0.15348467856438291,-0.5674946623308941,0.2520900594435848,0.1732050574259249,-0.3681511892082201,-0.3373329049517479,0.6168604481439345,-1.28751337936444,-0.10836065072738606,-0.27734825121848955,0.11616890796730935,0.25665577645057286,0.24933518590494255,0.050390724560967895,0.08073061532341116,0.30397036059306903,0.19149085085941764,-0.1056863682767782,2024-07-09_03,3,3
2.135441665251261,0.6340608161334861,-0.9436396150173438,-1.736406312628039,-0.5599161723713034,-0.3543887176275445,-2.717836951408955,-1.2622488911413114,-0.0947525580696991,0.7505670705680504,-0.4604985044107549,-0.5235299641664848,-0.34681148358263,0.1938351140226937,0.12012552489791324,1.000607600836175,0.9986500859099567,-0.12392479422094832,0.05145991336464605,0.21800892742651157,0.19218677011883786,-0.02330761798021385,0.34617264483589355,0.2099227077350688,2024-07-09_04,3,4
0.9565158389894479,-7.033949529224809,-0.1680212994694166,-0.7991966725192196,-0.8061274895832169,-0.28851855448444486,-0.3047367554913872,0.3268320521779904,1.1506208719466942,-1.2454368265048963,0.05933929720709362,0.6917929315890454,-0.3202324759184545,0.3969729051897284,0.8255194998265969,0.4848232990315249,0.11280830690020996,0.30935009767311705,-0.10359508074235342,-0.009866152138780306,-0.4677624440929969,0.11323914095573738,0.38103634771121925,-0.11564144061978748,2024-07-09_05,3,5
1.7264829141725195,0.6428016417897847,-0.08947194742173736,-1.1490973785736784,0.513451014598429,1.1748809738758055,1.0982817827446951,-2.1097558972514627,1.1710204338859798,0.038170074186190873,-0.3338706232404501,-1.0462874045785742,-1.38873754960676,1.8469466533037837,0.01723123257319889,-0.0799531538958539,-0.23620600573772033,-0.1305717362544526,0.2029247153138902,-0.11557814809509567,0.11507527368717302,-0.3176410505285725,-0.15784981170791884,0.021199892283396134,2024-07-09_06,3,6
0.8480431205726898,0.931966566147093,-1.6212639370085284,1.9550513925049908,-0.4483323474599667,-0.5244933585727197,-0.06526608792946959,-0.39305356516972895,0.22675962724786072,-0.7545736421955842,-0.5472349054611608,-0.056551861671631766,-0.04614924515669754,0.6393380283417106,-0.024000027380101825,0.34134407814329465,-0.5134743319365114,0.024852316697661067,-0.13470463274651445,0.21220523915555148,-0.12177544628722171,0.32484378839111244,-0.5226814480723178,0.1778021387364474,2024-07-09_07,3,7
0.2817337474822379,-0.31333560889708956,-1.2954178829633354,0.03682389380131723,-0.11873607464150847,-1.4947190963593644,-1.7220577552043943,0.70306138623687,-1.2365952378030682,-0.30680096689596403,0.6657193909665818,0.16712006576642255,0.15586902522530394,-0.07936764759518691,0.19493903625886544,-0.4182900210667337,0.20315464598223784,-0.006345853264781235,-0.7178841969490629,-0.32163499959463804,0.3107242766461866,-0.06338801583414835,-0.09760457124519253,-0.19205530633228468,2024-07-09_08,3,8
-1.1626380792577309,0.42839316773905417,0.2918318639073325,-0.24737989219288772,-0.16041128534769247,2.02992538241676,1.692367269746597,0.1173327765215667,0.8803423320736384,1.6843980146887454,-0.8257494688728874,0.4302501803847808,1.5752948971291496,-0.2797064941738302,0.06807773967274958,0.578164861423477,-0.08354654082813248,-0.1057009524641845,0.19881532981655445,-0.31150779344736396,-0.25503317922916713,-0.01121319718903734,-0.3061096668200417,0.06797923845612462,2024-07-09_09,3,9
-2.3011214500359065,1.2426895597306515,1.7663077920566066,0.5137394344391273,0.7321804154252295,-0.7758086634676339,0.34503673939316415,1.0364919551196397,-1.1143621875127256,-0.602897156140441,0.8855088594448948,0.07890062600459367,-0.7119590604588537,-1.1669656169048528,-0.522974355734876,-0.7108764290607597,0.04766554053644999,0.05728089309331869,0.40561363940250406,0.37522667958603617,0.10136007979877062,-0.13795302952000013,0.4706557943506594,-0.037425355779850414,2024-07-09_10,3,10
-3.7926197787320395,1.696042408223112,-2.876676821070807,-1.6905127465338348,0.36077332451847594,0.02849689155147439,0.39374349856456936,-0.2932508669727772,-0.9653187798976662,-1.3135766021697357,0.13224654154342974,-1.5082928279378203,1.2030169962252042,-0.15095560632961233,0.7872314980421297,-0.35694199407502514,0.08345060717363503,0.04208585786838684,-0.06475186437896525,-0.26834992579325706,-0.0968328755612424,0.20387801740414077,-0.13634385127201273,0.048596920635180195,2024-07-11_01,4,1
0.7961330594866435,2.7305188436766374,1.6949563017951568,0.8277242666136109,0.13417339566336758,0.43083735466516543,0.45802448884829194,1.8898515748062132,1.6174648433575374,-0.18627466015298272,-1.6022665065589918,0.20200712896187165,-0.43131455281258724,0.9288839681468859,0.26557534288239976,-0.38367735553985505,0.022886205747602743,0.43233094972727476,-0.0519010493539929,-0.014209490663459548,0.40667080436268677,-0.016186934761093418,0.15081416868766212,-0.13040293907866427,2024-07-11_02,4,2
1.4750723232521,-4.9616903398383085,2.229425758875482,-0.6807363816889721,-1.1693592956828334,0.827397913383397,0.5478705124963211,0.05518968244041068,-0.5950905944575087,0.6843328018992684,0.323394591386625,-0.37504399147754974,-0.16236282848057013,-1.3156870727526928,-0.343047474533609,0.5003652456071894,0.04051351632446047,0.8105125065089016,-0.36249470688595603,0.30686608665671705,-0.21259355776030678,-0.4582615372840702,0.14353212935189905,0.07063134297091996,2024-07-11_03,4,3
1.1710378731115296,1.5301974461152743,-0.6450490574969096,2.081028031027475,0.5185605525983972,-0.23758172959648335,0.855945892015174,-0.973901025785096,-0.6645055154625282,-0.36281288197786077,0.5148200237439965,1.680736322397123,-0.3638279449584647,0.16378721540650054,-0.034536281367838866,0.23541900626467294,0.2521154027401858,-0.9066915497597595,0.504556183548002,0.3470417937987405,0.20249795325689013,0.23091392162064753,-0.2168479432542496,0.015312361887885446,2024-07-11_04,4,4
1.0033113434936558,-5.6661277678541015,0.5275818759064651,-1.4099828448500284,-0.9856701199035359,-1.4132542678025901,-1.8668446726053531,0.7392823818602331,0.5008387779840504,2.076109426331972,1.0563942461886164,0.99802055724002,-0.09140084167625087,0.2731754763128427,-0.44033290890246557,0.4738621090504959,-0.08906005356610146,-0.4259897843509513,0.3227570927327779,0.416250818693866,0.0017501480629192843,0.13615860926564682,0.11819737270178572,-0.06077109414439807,2024-07-11_05,4,5
0.2770122937595847,2.0047403356680698,-1.6876904655338323,1.5445213167716425,-0.6018062053489964,0.30965295156333983,-1.9596461938159684,-1.8067500144413093,0.09529775953897245,0.2856779989330533,0.18000915554564997,0.19212526100092978,0.031437909534235295,0.2727503878785411,-0.3756634199565833,0.05332027921211784,-0.432417170296365,-0.28952138999964877,0.09141531832755422,-0.693388632805759,-0.36254329993230594,-0.06608349476808797,0.3344338536343188,0.07427986836275666,2024-07-11_06,4,6
0.9505118434778695,1.3215187755867492,1.4034547764025163,1.2081451738259974,1.9027505018554212,-0.1590058982447196,0.33581975281283644,-1.2905216208923633,0.9982720678940598,-0.051054620394466704,0.641358667170337,0.08991827174044567,-1.3546226198018991,-0.09234562928728836,-1.2491871761698992,0.21441550616815758,-0.5090258346048567,-0.21182603969075978,-0.4657776968761749,-0.16358862837337546,-0.029416048727138322,0.07433615160172673,-0.3533429314229451,-0.15962079103687257,2024-07-11_07,4,7
0.606182201232544,0.9082694701060375,-0.07950822315458912,0.5461529148171137,1.4095608857327349,-1.2531320795702965,-0.5040994115437044,0.5192252061414524,-0.6019367140434133,-0.9313654433460754,-0.6373710707385954,-0.5175930021793318,0.23100544585617513,0.17730745423012675,-0.05237380727361527,-0.620688927474153,0.43765578263505056,-0.37973357183321665,-0.17361838281648936,-0.43851133938099957,-0.3027623580825016,-0.2995669609715121,-0.13019429758480539,0.32911146295160176,2024-07-11_08,4,8
0.2242742054421277,2.972697507975287,0.6562596076463724,-2.973105322559991,-0.4379931884527655,0.7414755108008195,0.9948913667409258,-0.6587738218144166,-0.7755101780792965,1.1915699989620805,-0.37611081694876103,-0.493704215058704,-0.12401953659000282,-0.37984202572821224,0.9554911513523742,-0.617634291585163,0.09630274661017625,0.612121178799856,0.27322414007050816,0.3586008899366814,0.026491951498443335,0.07660695266236821,-0.2913608228110571,-0.15306690070451448,2024-07-11_09,4,9
-2.7109153645844613,-2.5361666797357545,-1.2227537534040112,0.5467655925317663,-1.1309898510832064,0.7251133536037853,0.7442947667431836,1.819648504093664,0.390488333050496,-1.3926060182780235,-0.23247483137938968,-0.2681735046550607,1.062087972672329,0.12292583198349051,0.486843075843575,0.5015604223231941,0.09757879727079576,0.3167118427256141,-0.07340903443849757,0.1492884279897838,0.36673728286016877,0.1182052752387886,0.3811123219285532,-0.03407023183675271,2024-07-11_10,4,10
-5.759536746487321,-5.522083121804851,-2.308925212866653,-0.343818176084729,0.5281304990169574,0.5595438340560486,-0.14504087796134843,-0.6666050300558711,-0.1691490914366875,0.790181201903644,-2.4282633873154316,-0.35913624112425413,-0.09558385908193874,-0.059710166363583325,-0.09733923277705717,-0.4227226004342001,0.3320803435464593,-0.3911396151386379,-0.40808887702522534,0.31643893624251995,0.13317185467150006,-0.09489125680125333,-0.12806434860158433,-0.1612555558782519,2024-07-19_01,5,1
0.884684486184563,2.8319613352815947,1.1944583516304639,0.20880030501725763,-2.0442703832701974,-0.4202727764263781,-1.186836942651607,0.5719070247330044,0.5617981066596199,-0.9776593627542366,1.09325435556446,-1.9152974673413965,0.42137432811629866,-0.17074194967774425,-0.4645929769071908,0.3407602136217171,-0.23545311420459242,-0.5056479198060637,0.3701479159519859,0.040178002624566195,0.16614336241241295,-0.1938769218100477,-0.13485227633782818,-0.0010508881475313186,2024-07-19_02,5,2
1.9449981509217176,2.6063389718806116,1.0136770547570606,-0.10622441967211951,-0.40630231997403554,-0.43267098853608305,-0.02610289670983813,0.7627235301878954,0.42204815405174684,0.3150815900898625,1.0206283107207053,1.3486400056755696,-0.4900689524966522,0.4298227290579013,0.29543614382500377,-0.3298760213488834,0.3385009346470769,0.7573679815878342,0.5813773558727258,-0.551207383492182,-0.08393432392328357,-0.5904364872418263,0.2292247751063267,0.0597755413484448,2024-07-19_03,5,3
2.9399147269777064,0.21389322061707486,1.9960263498378399,-1.1454135967970633,2.923448829338105,0.6639099083724918,1.1182721194471308,-0.8647679373023794,0.4282393800167652,-1.77149465274586,0.5928690460941433,0.797304321991041,0.053304011509497734,-0.4312189720415102,0.6059373483967917,0.5075976520041806,-0.9301715746377225,-0.2688871801120873,-0.07543426956188529,0.31536435489403253,0.07605716013564147,0.12016504251616682,0.07760606523934603,-0.11672813986484243,2024-07-19_04,5,4
1.7456638821014905,0.9276255603881182,-0.5403713808007901,2.0151570153489575,0.3816817137764825,-0.8709380321124768,1.7033783279715105,1.1795115315722944,-1.0522441022208386,1.0435670747088568,0.3401260394208735,0.7748455569084199,-0.281750814197871,0.614663406151707,-0.30288608892580593,-0.15649562120616786,0.2245072521191926,0.8730642635389704,-0.25725069446560395,0.2846315170909111,-0.1820601217089136,0.6559640912532156,-0.2429082371234222,0.11753997694442293,2024-07-19_05,5,5
1.6231949142616697,0.9475301004901491,-0.2911686146687422,-1.4205716695252455,-0.6339639819460214,-0.4501082500368305,-0.4954229820130454,-0.5444439383076962,0.02348525021818035,0.23890012024017337,0.7981752222406377,-0.2866391417197397,0.1416365729314717,-0.37584342326706144,0.5873787624457867,0.2198639936712498,0.40462640010166406,-0.05063147342892599,-0.793310587191439,-0.42506430796244254,-0.162329909275043,0.662880836938416,0.2648794886493514,0.10507498829719743,2024-07-19_06,5,6
0.5027193375844843,1.133866674225367,-1.1679638746578016,1.3106460875825114,-0.22612447075556846,0.8023684404852134,0.4058298551728471,-0.35956486240300667,-0.5954227824447444,1.2196608124055495,-0.4413482383595256,0.12146477516245174,0.38244144514034506,0.1126078302226269,-0.7104105578574417,-0.04763738403763757,-0.15744515885516855,0.10388813251846127,0.41079800667465016,-0.2895213253293042,0.11430029278442409,0.08852328222259227,0.083791172185549,0.16058297393650306,2024-07-19_07,5,7
-0.9054826817926606,0.8253942779457153,-0.5604202779834137,0.2295535612524491,-0.5032822349468911,0.14722284456634324,-2.1206350841815134,-0.4417986254347698,-1.1273644960603044,0.45269096517948887,-0.32452419376081515,0.32526661471363,0.592386091041697,0.12915207355278227,0.0787841835376764,0.6489195060163411,-0.1666486498116463,-0.0449953723281801,0.09464863139301923,-0.06498104669602524,-0.5074204488638047,0.05262417051083101,0.11676437312573422,0.09596708257902375,2024-07-19_08,5,8
-1.4144123059820048,-5.965311495260437,0.644026163096754,0.2554698792097566,-0.7832029200656706,0.8250973245799456,0.7617318941550079,-0.4837580813837739,0.7124604609885306,-1.6047593513446337,-0.5135147937849249,0.5877011644966725,-0.8899700330076312,-0.6841891518944684,0.027698514621947005,-0.9099367963512184,0.17101564207974576,-0.5072819725097558,0.13238523020875118,0.07251682368441743,-0.16493601965164598,-0.4850601504553733,-0.16869150086400336,0.05996423296296961,2024-07-19_09,5,9
-1.561743763751826,2.000784476253941,0.02066144166742284,-1.0035989863212549,0.7638852688479665,-0.824152305013075,-0.015173413275836422,0.846796388497258,0.7961491202550494,0.29383160235266265,-0.13740236081639887,-1.394149588766692,0.16623121005131677,0.43545762428697254,-0.020006096335422795,0.14952705806890432,0.018987925000844466,0.03426315568979071,-0.055272711844388964,0.3016444289349214,0.611008153419905,-0.21589260713746822,-0.09774951137769264,-0.31987021217893,2024-07-19_10,5,10
-1.498472640676074,0.05343761337387884,-1.3172061059846345,-0.40236914576256666,2.1164501076345337,2.006397257229095,-0.08506383517563143,1.0952807777903468,-0.5119654671705597,-1.8369557641452723,0.2239002578225994,-1.3073711384023472,-0.23435722579058701,0.5350948437777664,-0.44075952323428325,1.1739758756956922,0.42270969802735264,0.10877829963680456,0.6879650307546676,-0.07708219148851177,-0.19395167640303249,0.06376549273358362,0.09657251760337718,-0.04424261175060047,2024-08-01_01,6,1
-0.575135647034479,1.552391537653172,2.4785168343994988,0.4937867366093218,-0.563541338549084,0.0933486257695608,0.9288766555844653,1.4925007987987184,-0.3168994514342975,0.7203469097523929,-0.1914924739583946,0.7579661717047905,0.351394086878042,-0.07821151514426881,-0.3163623648945286,-1.0155092506248111,-0.23774153137164242,-0.1918505418909485,-0.41290892857136774,-0.07793896397776438,-0.10320793359379135,0.15532834490731354,0.37302617405449057,-0.00625405720848049,2024-08-01_02,6,2
0.11434871277696144,0.9595330414339686,1.839076351359727,-1.7775076656359319,-0.859644965108209,-0.4795539090577617,1.4430648453890547,-1.2452050693740837,-0.22305630928005957,0.24811110095087782,-0.20522801138206087,0.3062397513918806,0.14250069730773202,-0.8326706714055303,-0.33891530185382024,-0.3052477428811109,-0.48484391041573793,-0.5155646215188844,0.10960156302916098,0.0882980697135514,-0.304776221813843,-0.0061851625073546706,-0.09458607061633277,0.06731078623931228,2024-08-01_03,6,3
0.7869586104649589,-0.7997289183909463,-1.2476199614618109,-0.6142963917313161,-2.4190097485666993,-2.4012939551721457,-1.794751542088991,-0.1797483327455483,0.7907299907514758,1.1059159085371613,1.1039046834497763,1.0188353858908379,1.1232196169497581,0.31721905985870236,1.446896198690663,-0.3948702411023573,-0.45507888818294495,0.04910631727121285,-0.3170571808497556,0.19958400095032336,0.1285000322664507,-0.5569102470239431,-0.3117595114710555,-0.16367709378008996,2024-08-01_04,6,4
0.4111166841658198,-0.6964497780364449,-2.75936937544168,-0.018940872054244006,-1.7138675427184733,0.2741323159420477,-0.9436651974823042,-1.7720609900216642,0.25266101775806277,0.5865905163205585,-0.7813353351017432,-0.004315936998259469,-0.7427121092504647,0.29983705335323446,0.11678041844824055,-0.41831443351494396,0.48458086883719304,0.594933800246674,-0.05770627077383793,-0.08606695496380566,0.18047161212822208,0.32518725853221764,-0.08669722419092349,0.10566117950406896,2024-08-01_05,6,5
1.9087139966096345,-1.9840474640208416,0.20746460083248844,2.8872458336394105,1.6462719030792157,-0.12166238503820939,-0.11252985434090373,-1.324979937703921,0.2623235538637783,0.9089317398517606,-0.843997242326177,-0.40089143132210997,0.28610518271805757,-0.505496613174967,-0.3602342181864305,0.8202237497546672,0.4108925011984952,0.378089901275104,0.10519726335265593,-0.1441807413401397,0.5968098520028648,-0.1753120311651673,-0.20619357732149052,0.03307447973874751,2024-08-01_06,6,6
1.6997047670671066,-1.4109633920048268,0.14143981189219773,0.17230884004650204,3.5437825079052594,-0.6059621248102233,-1.1730913108897436,0.49221371221396254,0.7448773408300372,-0.8962605831933884,-0.027516106818797164,0.1607079273769298,-1.3772275767624316,0.024731118145748604,0.19785040359362915,0.11568274418623763,-0.09963599017023786,-0.27068795290944425,-0.649037486615375,0.2334583465988471,-0.019671810619156557,-0.03949454485481271,-0.09736613588991329,0.061271932537865524,2024-08-01_07,6,7
-0.7106651417567265,-0.05134990691690206,-0.596515887292543,1.8079187897291928,-1.3113207188881004,0.2378703235068287,0.8417298839616308,-0.532548401588219,-0.7247422350390228,-0.8020947305973323,0.516623439346683,-0.31401950640659165,-0.12548265496359431,0.47549252760284166,0.23809982804122215,0.3410986780152125,-0.0033500343448889646,0.34155972095641574,0.00016310307705585402,-0.16479484441232267,0.6406681927728866,0.1875132848469635,0.034422336893089406,0.06393413360639424,2024-08-01_08,6,8
-0.8030771348016474,0.9356001348243385,0.374606400695988,0.21231735500360174,-0.03260299784645374,-0.5815895390608754,1.0058761761905517,1.7460724593142052,0.8621521798637716,0.12184511125506964,0.6619725368755267,-0.7830190620240681,-1.486972390098922,-0.7671583558306078,-0.02395153728106188,-0.15432164945704538,0.4610593609339808,-0.48797010411009145,0.06124684983089102,0.13793333069844277,-0.5782565069207046,0.3870103227098985,0.16081167633845392,-0.013184858875789122,2024-08-01_09,6,9
-1.3334922068103254,1.4415771320888424,0.8796073309987094,-2.760463479826426,-0.4065172069386128,1.5783133906224285,-0.11044582118280066,0.228474983431597,-1.1360806201210907,-0.15643020869316682,-0.4568317478883764,0.5658678388140532,2.063532373031968,0.5311625528375865,-0.5194039033276993,-0.16271773004935175,-0.4985920745120816,-0.006394818958995164,0.47253605677373234,-0.10921005179314856,-0.3465855398317767,-0.34090271817713225,0.1317698145922081,-0.10389389001288164,2024-08-01_10,6,10
-1.7035465191902572,0.4487578157042959,-1.719774842594422,-1.2078980654405662,0.3116466857499382,-2.4308988970313057,-0.14426886901154093,1.5124225062867807,0.7765745855652922,0.37174585638463487,-1.1875139104600976,-0.6677276507363442,-0.5500904098859505,0.3210272327841832,-0.033228991241144035,0.08021501747928712,-0.2653676397403773,-0.03501922828913054,0.0006731875446317108,-0.006773929158679202,0.08526800062949745,-0.10305585299536647,-0.04797062979170255,0.15634534725093482,2024-08-05_01,7,1
0.5663028976288378,0.4625112621010401,1.2881714877963828,0.9082499009798723,-1.799330882891353,2.5159590785503916,0.48354032392312585,-1.1881201357281264,0.7784717884883514,0.5288375686038792,0.5883873542497698,0.5919212318496405,0.6688921510977645,-0.6507925652186889,-0.6933971337762118,0.2025500599270703,0.22633406675933973,-0.07329075985471631,-0.005488082161054998,-0.5004037161601976,-0.07159143420294484,0.011755897302889217,0.059651307046015824,-0.17588695969741402,2024-08-05_02,7,2
1.9532982118290954,-1.5744960841736868,1.2725440660557574,0.2545477768927684,2.809368693961539,0.09767034508833353,-0.4789413466542981,-0.31138350990510555,-2.2667990833171694,-1.1475368189867223,1.2288486285907658,0.37260476996128383,0.5897144068533383,0.3071495607915926,0.48467950763995543,0.023799423246415877,0.0908826169696401,0.5226570551908254,0.1318161940763233,0.8784785238025152,-0.10528478123361609,0.24584250096464766,-0.22271004996638458,0.036999534822900915,2024-08-05_03,7,3
0.31441943888118373,0.15056411225469926,-0.4449665894096817,2.108638514554863,-1.1082398320973423,0.9194414234086591,-0.41115295193831863,-1.0800367047528632,0.11275596638367476,-0.24242875413001985,0.2695727434101785,-0.25783221725698374,-0.5821456313007033,-0.4313981376210792,0.6025832377264513,-0.5725631823573747,0.1083450509921134,-0.5784945422699064,-0.10982482705237732,-0.23650891966962714,0.05110837368207561,-0.22637520649531778,0.25898521238233857,0.01772822482555947,2024-08-05_04,7,4
-0.23621250775047284,0.3285259010339434,0.5184892424371251,-2.5744296366962303,-0.5725363149602974,-0.04123571013931689,1.046312993727189,0.2845919492938173,-0.42187476476641644,-0.04661159165300674,-0.6416712374650594,0.3688034506922729,-0.5299685130812288,0.9393816895351077,0.28052849305512134,-0.13754723248644166,-0.06783602135516507,0.05727709992407655,-0.15721253728300735,-0.12693322145797328,0.07366333010427101,0.1834785858388311,0.1514076458931337,-0.2246339515609744,2024-08-05_05,7,5
-0.8942615213770932,0.18413699305607042,-0.9144633642883067,0.5108915096367318,0.35909165020030803,-1.0609362394958117,-0.49549014984234957,0.7825258942621803,1.020871507578097,0.5359937395750094,-0.2576235783910331,-0.40776958459088036,0.40359799625603526,-0.4853677803826938,-0.6411651133646549,0.4035459140561036,-0.09235807367169595,0.10687037533172271,0.14003606484250783,-0.007858737287815875,-0.03316348894137879,-0.11164592462413751,-0.19936348557119898,0.18944780436827907,2024-08-05_06,7,6
-6.313457716006079,0.7618789066869748,-0.30454896836811535,-0.2884300378015285,1.5350633657725778,1.2273673351116334,-1.579150339396009,-1.474542686096631,0.9750838552176302,0.9365073265973923,1.3227809874801801,-0.04217393254052012,-0.5664296257433806,-0.16302203602261858,0.21269003393381633,-0.9314992004156417,-0.11263913868772982,0.21145632156688396,0.48795672875517465,0.04078042231206423,-0.042683424111386765,0.16585924885833817,0.2508447091006259,0.14319531533463706,2024-08-07_01,8,1
0.6106678110823206,0.7627484159317564,2.9302682705053127,2.0325931277848386,-0.8161161454618163,0.7846933465493894,-0.40808220687314595,0.9297950667159771,-0.9868101356805643,-1.2885709459910935,-0.6280914914442275,-0.19258353492415747,0.737537050762035,0.3461055168806844,-0.2265846932664249,0.5333002587779717,0.18952431116457402,-0.22411513630874388,-0.3169475159980683,0.2586654455201269,-0.04346369674634489,-0.041452183454230095,-0.20966861972433573,-0.10429249188375384,2024-08-07_02,8,2
2.8343740411180414,-0.02361645230610733,2.4734839726730136,-0.6328865952180532,1.0508505004261697,-0.32284594013328005,-0.2527259684489052,1.586933855281344,-0.6757561862672653,0.4880074682969384,-0.28348758210649566,0.018037254493539392,-0.24992184800974676,-0.12136384297180457,0.4281975007250618,0.5775944363518051,0.4160824165655426,0.6707997476794594,0.02486819118162788,-0.3934673478756403,0.1603034685309761,-0.33560018581495643,-0.004492583834588135,-0.10837946742313102,2024-08-07_03,8,3
1.3445094936323656,-0.4634416427863739,-1.0122693642620788,-1.072043868758379,-1.526423446056174,0.17707554266770076,2.5393709961114563,-0.9000207569951532,0.5934078778761891,-0.25385345835389,-0.7091256692683827,1.439796260582146,-0.059044696285067345,-0.022459093025992093,0.48395059115696765,0.20765129295133852,0.4470125887325216,-0.46739601032706923,-0.35668857853609215,0.063670029496312,0.24471799496667407,0.07107303835616748,-0.0532675144889112,0.2641070432854409,2024-08-07_04,8,4
2.5159211744318246,0.2631407372133468,-3.078371375039792,0.22371068675376848,-0.9225154936371046,0.13037729137748044,-0.5871233740990499,0.5978826932551848,-0.14284219967805417,0.9731419826620626,-1.1403179734854376,-0.21918417524542252,-0.3851775986320798,0.03313771677836507,-0.5117145910097196,0.4075594921182996,-0.8140985739625073,-0.6701104086820702,-0.011152079158056313,0.19760989978588206,-0.1309455629214201,0.15616058506551447,-0.09013853361758677,-0.23800696496979973,2024-08-07_05,8,5
3.173862202221689,-0.9088005379502104,-5.2261088920723875,-0.2525546022705545,-1.2868475894773226,-1.871364627829202,0.5843106562097931,-0.11316369655938432,-0.562709515749378,-0.6460853396316831,1.450528198403694,-1.3026730233435162,0.7429182697253124,-0.31630844007098546,-0.47633718186584056,-0.7639110553903785,-0.22514352330965812,-0.26504480064650193,-0.1853171615202863,0.1355669235713791,0.23789712903824298,-0.24211412531002616,0.03385429533090807,-0.10878423757404855,2024-08-07_06,8,6
2.972336874638017,0.12261364803490064,-4.728824981277097,-1.944034106987355,1.898920629688814,-0.9747203559515539,1.964264768365149,0.5854030521197526,0.9699387206128938,-0.5043744138081744,0.2766727694245067,0.49240909191758286,0.03371689899751344,-0.014062492283798193,-0.3306552748504116,0.3552237293480632,-0.3592122362175452,0.42622503205732515,-0.13348603965805078,-0.42483549981277907,-0.5801172100350814,0.07731731198278428,0.13472406200661563,0.11499625260856271,2024-08-07_07,8,7
-3.03197932383422,-4.67708765982903,6.864688932275949,0.36141928189009986,-0.2521868454325902,-2.615080282304526,-0.5810482641159547,-1.6149635229964643,1.1385080404582495,-0.41996533103787376,-1.020323474750259,-1.357932478865807,0.3650574417570308,-0.18025530340966367,-0.42987297215333664,-0.7812225417878755,-0.3040586498539142,0.5918272638856341,0.6787661964717333,-0.041407646817561865,-0.2067523344323407,0.5250740409234549,-0.06363633422573338,0.06463734795684774,2024-08-07_08,8,8
-4.100004951181801,1.292900376825624,4.811412451051352,2.198523429522685,-0.9164743266018864,-1.138490777330649,-0.12245701990816193,-0.9389295929394883,-1.9332107558979834,0.05875544971771779,0.4689758496908218,0.7004459784889386,-0.5757593268591228,1.184898908564695,0.31301464056913075,0.3426425777525923,0.5597262816744217,-0.05300635328157989,-0.050021529693937826,-0.2370915070825415,-0.0015762609142829294,-0.33279914346179457,-0.1908242809529625,-0.12949556929394063,2024-08-07_09,8,9
-0.006229606063644696,2.869664208231672,-2.7297300454628344,-0.6262973149007793,1.235729350842875,4.60298846767708,-1.5573592479751293,1.3416055884770144,0.6243902991669543,0.6564372616392993,0.2623883860736524,0.4638585593929888,-0.04289656569902637,-0.7466709343694378,0.5373119468245479,0.05266101030552896,0.2028065238773143,-0.2206356559289297,-0.13797821179874756,0.40050928086941295,0.3626198966425642,-0.04351858715082147,0.19260480043599884,0.10202277195642323,2024-08-07_10,8,10
-4.911694373053418,0.10987462210174999,-1.5361935138118963,-0.052121628552910484,1.2678996475140358,-0.8500564989378822,-0.023051016880189984,0.28539173967185566,0.8323708330453453,0.2694475839267141,0.46897324855717043,0.28564764155491007,0.011188340303539279,-0.21146257389869183,-0.3447353382256568,0.5702231991555502,-0.022361447151914158,0.2053469529820621,-0.11762980637461175,-0.5970246056433085,-0.048157482515405844,0.03539803775819244,-0.22726296909270205,-0.29665809529766024,2024-08-21_01,9,1
0.4514307526683844,1.0957443242977576,2.0084461993362046,-0.7685008021300718,-0.996303789078795,0.7908839850726426,-1.826326123033242,0.8928968165260548,-0.41225292744254827,-1.6004170527014168,-0.5001511500144656,0.4611166069535023,-0.5034337468484692,0.6096183541221447,0.12179918295522237,-0.007845596720024082,0.17120722977849545,-0.033650140713221095,0.2000967813377871,-0.00887716855728217,-0.134107096517929,0.22838625081552463,0.07378009834061283,0.1264129998265763,2024-08-21_02,9,2
1.3840238876320137,-0.5994636460100363,0.19822036296528128,0.09121159668878549,-0.8139003768403806,1.0864185631148353,1.0552232010913687,-1.2635758947241262,0.24787405299634854,-0.2773790833331321,-0.5895140393945604,0.21488370030270193,0.618691282546544,-0.34699365229048473,0.5202735682225993,-0.3503153450146952,0.2774458904727309,-0.06940391897520833,-0.056106915680743934,0.2756978487188824,0.161706739674045,-0.12968523535879647,-0.07299068704271003,0.0969247700492032,2024-08-21_03,9,3
2.3960188794018804,-0.31613899238988546,-0.04979945834075511,-1.0241142113740975,-1.2110559312008744,-0.8161718364165645,-0.016249472228348227,0.7910828367494936,-0.9651606684165688,0.05998144588911797,0.3796906359083546,-0.8400111392050605,0.0018761719891735393,0.24272375137478305,-0.04083723671856296,-0.33822047754311113,-0.16971147278070206,-0.37439420621682756,0.03402970871917526,0.5258886225898969,-0.36350090374144756,-0.15998394785106723,0.0012471646140566426,0.37435960042418054,2024-08-21_04,9,4
2.0415001967898907,-0.4159254408036727,-1.057147351206626,2.2053435799515992,0.8935331625171369,-0.3147022157772842,0.45891188332406424,0.7719522928341394,-0.08283906206097706,1.9020698235470679,-0.5837751804576541,-0.3582669845355822,-0.11298377479186439,-0.5901609626907752,-0.08584536400378673,-0.05963045881227336,-0.09615230724936481,0.3092415808222287,0.12208810567984052,0.20882293818156694,0.2622448769184249,0.10452994386017898,0.22279869934097712,-0.19432018305783857,2024-08-21_05,9,5
1.9493118381836145,-0.6872869380236919,0.7101564076482553,-1.0378310204594046,2.0893409264548217,0.587680146600781,0.0432159636149414,-2.1685186479722196,-0.11889064677553904,-0.3503933348982257,0.1904910444463042,0.21699498559387673,0.14454383578194321,0.4402328385559213,-0.35500030179842995,-0.08327816073447689,-0.4309713622404049,-0.18221210142139074,-0.5008675510953035,-0.10260472034424867,0.021755321530351233,-0.3451653170156205,0.10605860984190182,-0.1913109170273963,2024-08-21_06,9,6
0.09888620019200661,0.811503289001893,-1.3308489845637317,2.6447568489963174,-0.516071587030187,-0.5126927007215243,1.2800146882295236,-0.13943729039372946,-0.4359326366435314,1.4810174566021606,0.8128513648248678,-0.8588835697993142,-0.14888539518575214,-0.44863931698554355,0.36901932458799136,0.015303280448734184,-0.20756158872864677,0.1433899625786344,0.3382039388191576,0.2671794502707272,0.1720398922384769,0.1581574697338969,0.08452924106286815,0.07703518929468597,2024-08-21_07,9,7
-0.4244017029575993,1.3838558740112155,0.7651942776412604,-1.191965769948297,0.2042338376222192,-0.4508848836787805,0.781121856098171,-0.8363317149261029,0.46320981656039867,0.26546687365779215,0.3759372854561445,0.18157863283062242,-0.2770379221188604,-0.012559571473045521,0.01581566608387616,-0.19745089182463593,0.5744386621335353,0.13939715274212747,-0.08659684790973132,-0.37697884983511865,-0.04477316594411204,-0.06750973852152395,0.07097204517846187,0.04146005174302823,2024-08-21_08,9,8
-0.9230806851505291,-4.035193375889093,1.5766957626778146,-0.3024276595467045,-2.1623107227591776,0.2781760492676744,-0.34070848538889487,1.2921224808753773,1.1336677356935716,-1.122688821339509,0.5953874824499626,0.4129677277647312,0.5721544629918726,0.559739942708688,-0.5581282557104159,0.3925431409494883,-0.4138027831663565,-0.37305247244076506,0.19807571934278412,-0.322254337967601,0.7305133437146216,0.24058660489405814,0.024818006930715782,0.1568067782254223,2024-08-21_09,9,9
-2.061994993721345,2.6530302837048207,-1.2847237023526898,-0.5643509335954999,1.244634832775509,0.2013493914423246,-1.4121524948083803,0.37441738138897507,-0.6620464969534788,-0.6271048913246721,-1.1498906917630105,0.28397239860012957,-0.3061132546377626,-0.24249880942634106,0.3576387545859807,0.05867131012742622,0.31746917896951393,0.2353371906664973,-0.13129313284013744,0.13015082256414293,-0.757721525405345,-0.06471406830905833,-0.2839502091963647,-0.19071019417988658,2024-08-21_10,9,10
-3.806860912473853,-4.323512706893673,-2.0840610903105095,-2.1667571011906395,0.2486984758929684,2.009009464008437,0.8825890597510309,0.3293583344597597,-0.9221346090830493,0.5172983868864316,1.467095092753482,-0.5146003539199812,-1.2277596776565067,0.28398006826769207,0.15279294342573696,-0.42100813178920854,-0.5153812829257064,0.41729065482890787,0.1454742245420856,-0.29618280641280736,0.2229279115286901,0.03695871068676545,-0.2662193691298904,0.04853787693827887,2024-08-22_01,10,1
1.2547960310463084,2.4097044630357827,1.5289474843251998,0.47275499984028724,0.23416207134656106,0.2703829985789877,-0.3826787760128874,0.774939352573543,0.10848054579848919,-0.8688004939954428,-1.3501424069351575,0.49901383435469676,0.4094865930471683,-0.6409235437427064,-0.5001344675296749,0.0061122786573319975,0.08547303056824901,-0.1754026917602652,-0.2706893695411887,-0.11209415019824544,0.24030466372365977,-0.1158305411467812,0.019475529719364094,0.21479759751814467,2024-08-22_02,10,2
0.976765308275098,2.9964753706294207,0.8854171572708404,-0.4349633215139696,-2.4083850414548373,-1.3538808014333716,-0.7136349520885543,0.004605498841231802,0.3136928935171713,-0.04966928581894423,-0.19268196364450127,-0.1187893398573318,0.17857754426171088,0.01136266542468285,-0.4181115517112766,0.3381205766049465,0.39442814718900476,-0.10920303591208656,-0.05640906684265269,0.052301644921236554,-0.15740952930534,-0.03043453322752157,-0.1346510199027456,-0.09770764089877224,2024-08-22_03,10,3
1.2206188034038068,2.9092742522305333,0.5634255203175419,0.07878500197458563,-1.368043487669675,-2.066739388975705,0.842682529856853,-0.1917456239155429,1.127663036838881,-0.7593334856506075,-0.7825005543375101,0.5625631938004707,0.041210628089275544,-0.21602193112144788,0.37353510229425974,0.062196486015991995,-0.2490840649117284,-0.08881303127331411,-0.18535950773510307,0.3145736527282377,-0.139148424547146,0.08880078329428881,0.38804614281313315,-0.13384314828374969,2024-08-22_04,10,4
1.456378490187593,-0.8618822091060578,-0.5400954766252987,1.222444489530413,2.40391418267585,-0.5920925299561867,-1.0669027261563166,-1.32264068825968,0.4126111654535828,0.8396695044079537,0.45089877758930585,0.4898608707167856,0.5220422603553326,-0.4248920097197263,-0.17941541049283136,-0.02669012614123829,0.857390695427488,-0.04388039272077117,0.15032538232506673,0.4767321421407134,-0.2619578746412204,0.139991862987856,-0.1153271028056785,-0.17134173189121343,2024-08-22_05,10,5
0.22294109286668864,-0.9773935480075958,-0.10846207258229112,3.6158904465166755,1.1378649477258087,0.6846823555375625,0.5795324154699781,-1.1259257506347589,-0.19287068804309362,0.12587309015796766,0.2903499838232586,-1.5732262634403695,0.7454194544032093,0.8452421451444254,0.9948969875734792,0.48625864998509255,-0.14229267804913684,-0.01425649990925795,-0.21641193358044924,-0.1745480741244097,-0.32247137926156766,-0.05298283926523223,0.22834355613064264,0.004984998107008091,2024-08-22_06,10,6
1.080447586232997,0.13671328780475178,0.9918960523242838,-1.3788681313517606,2.3560349880363716,-0.41670516949308944,-0.33029813597926366,0.12977714221147066,0.22188971556028844,0.8329513797824909,0.5057159449474914,0.3073775411314279,0.44320574861899115,1.0112229805350748,0.30560108169181827,-0.027131177926650134,-0.32488428169431177,0.012586983626587852,0.8028952706784845,0.02081738269558519,0.19559737369412986,-0.15527908967672374,0.15961673985496602,0.07505457624055151,2024-08-22_07,10,7
-0.5904380821330402,-6.394251826616304,-0.8981332430826414,1.505108825570006,-1.2932706246621304,1.51713182788418,-0.4988136667279618,1.5267466529975398,-1.1707785161273014,0.6224210200299846,-0.2932761320429424,0.2919276074515012,0.06898108172006308,0.21573925043640432,-0.27140015115772936,-0.19775925758234758,-0.16549294010919133,-0.2295969225737207,-0.20811998500370138,-0.11368253428348847,-0.29802908895384234,0.047518900621332495,0.02409699537717614,0.00182001494535073,2024-08-22_08,10,8
-0.17181343140341754,1.8003545772039247,-1.0985992819921553,-1.158590340315147,-0.09722105683278592,0.07103786071292537,0.06238386680305729,-0.371422869790204,-1.1461465501553139,-1.2471316781174644,-0.7054289019965678,0.4330515883063499,-0.7828307527453763,-0.9334953105702107,-0.1450043430457958,-0.33451991607596876,0.2760106213065755,-0.3572340628305064,0.4848424302637418,-0.21171046502660185,0.6169096860509077,0.15702447572740355,-0.009332553942060794,-0.06024438816855939,2024-08-22_09,10,9
-1.6428348860349113,2.3045183396736255,0.759664950337985,-1.7558048691376,-1.2137544551281627,-0.12282661643327371,0.6251403853509491,0.24630795084360688,1.247593006128884,-0.013278437915614423,0.6099701597655993,-0.3771786785938566,-0.3983328801537162,-0.15221431480487724,-0.31276019107196557,0.11442061814515911,-0.21616724678702373,0.588508998551095,-0.6465474451620083,0.04379320762699467,-0.09672333827818275,-0.11576773000112289,-0.2940489181262143,0.11794184549977504,2024-08-22_10,10,10
