PC1,PC2,PC3,PC4,PC5,PC6,PC7,PC8,PC9,PC10,PC11,PC12,PC13,PC14,PC15,PC16,PC17,PC18,PC19,PC20,PC21,PC22,PC23,PC24,PC25,experiment_key,lot_number,wafer_number
-3.553035335353717,-2.424796262586188,3.5129753076867107,-1.8229280380657784,-2.001191026885764,0.1148805431349673,2.2379999745905197,-1.031577554020647,-0.18400606650120194,0.7657665480852605,0.6064825928082431,0.19885659726342456,-1.5110002277517127,1.2965807744017037,0.7171914506183676,-0.3829686183826895,0.14671272238312927,-0.1769866035599088,-0.8242922270723897,0.4922030958229979,0.33494350340781054,-0.005515592577496558,0.10232583574890985,-0.14289348724698397,0.05901343584003408,2024-07-02_01,1,1
-2.982737421180098,0.9527680820976621,3.734067614143253,2.6777215228034867,-0.05329870649287913,0.5818170224037648,-0.36034420243702164,-0.43417244805652816,0.046242222364496446,-0.43339676658282594,-0.8141228756474933,-0.4976500054415319,-0.6058909428818062,0.5179003700616154,0.7319514415990609,-0.13457491198734087,-0.08032755719621748,-0.2343131058034466,0.2548299560848097,-0.04452614707059513,-0.06954173048117573,0.08311069318235725,0.39021512219097043,-0.2377888521473141,-0.08596898200122348,2024-07-02_02,1,2
-3.9161958629714495,1.3351223399314296,2.4801118701989866,0.5657662892273452,1.0327692186722752,-0.538909466434074,0.09158226390202713,-0.31642605656769746,-0.4683026255571305,-0.5842572442456128,-0.5831743936587276,-0.3298648690685385,-0.9992182755839175,0.6702762774493896,-0.08839887596139213,-0.8362425581973056,-0.42574978495339494,0.05049310787587606,-0.4759207617621306,-0.7317989089458514,-0.3177187743902993,-0.20554367212141628,-0.3754791419420106,-0.03613077433723818,-0.04132828904658901,2024-07-02_03,1,3
-2.483023021423621,2.15223716899416,2.332145026396984,1.1596420917768846,-0.26424777611575767,-0.8408128586960012,-0.227783903352815,0.0768451785423823,-0.7453407810260415,-0.5578824866675329,0.9285883067485012,-0.9960049062973827,0.1617687886606172,-0.06366298939789336,0.8684915549525031,0.19545942465672805,0.3497127851418981,-0.994272385095307,0.34884982116513374,-0.6617958481803727,0.11606826240803961,0.27006958223813016,0.15506640625575174,-0.058095017661766175,0.07024281727636095,2024-07-02_04,1,4
-1.4221575682217686,2.201016119856606,2.2358182555022843,1.2042365023261303,-0.06960531432980845,0.6919583103834107,1.6867726925742306,-1.6430520441714327,0.6602694090171494,-0.7531404171472385,-0.10236167483752026,-0.14306415830641137,0.006830361183698535,0.7618265692371532,0.5337365391876856,0.1105232244731758,0.8943792075612751,0.7359168257173998,-0.1872076057086035,-0.20564134875315482,0.06724695906645606,-0.03171353608462814,-0.14710717779514598,0.22741339461045001,-0.1202017685332943,2024-07-02_05,1,5
-2.1344994705919897,2.6662138895259733,1.6660319529779148,-0.7814743164395431,-0.032764424811260136,0.4930443465739113,0.20931621532469294,-0.042406516674603156,-0.9976004096201962,1.442991087207302,-0.4932476142947996,-0.5008259823115715,-0.6520202910949424,-0.46086655663007714,0.5102595995305368,0.16392553661213782,-0.700886825251185,-0.28811916172716806,-0.3217113580226071,-0.29723154877376773,-0.005175844740930905,0.15005872151926863,0.0015657956646140869,-0.13065483381482912,-0.033944098161749696,2024-07-02_06,1,6
-1.778896417473921,2.830074117264452,2.0523732780172845,-0.1901925967510599,-0.6094289168412719,-0.3686474374748859,0.7381600808666677,-0.710802543804656,-1.3576910461338918,-0.13481252053134746,0.29599939932535285,-0.18183782172760274,0.33250962828809716,0.5611854085512833,0.35276864571355643,0.3624212177036928,0.11712905015049759,-0.01949881376377911,-0.29919084536612706,-0.17280715630911306,0.14264255551961413,-0.02126990348540333,0.026658051356234867,0.024151656210528935,0.1924527345653138,2024-07-02_07,1,7
-1.3222246233741832,2.351402354732085,2.431774782430761,1.4593418677992658,-0.3370510741229244,0.9669539094829847,1.227356447751994,-1.5001875557620077,0.28765297806220597,0.8958418243682249,-0.9302728290269793,-0.7223411562640273,0.8064993045560662,-0.19435894308980153,0.0195969319324677,0.08705035311798946,0.5306963884113579,-0.04169093281664408,0.9255591725689529,-0.09242981066006305,-0.06123665333311645,0.13233070340927916,-0.12841336709385648,0.06265210835692617,0.010576903181252104,2024-07-02_08,1,8
-2.4422775988012755,2.514631294477852,1.528470364725698,-0.32457822356450206,0.9638152795933647,-0.7926706598923788,1.378137369106593,0.4837787906195023,-0.40578877564378796,-0.2381989103765626,-2.209025580521058,-0.003662399255329068,-0.010587847731353236,0.15050634343859062,-0.500515570498566,-0.09402880288695051,0.5587830706826413,-0.3938991320284248,0.013414955373022688,-0.13405980268432216,-0.13649550906174646,-0.06076528875195663,0.00758587291631217,-0.29192962509111703,0.23284622455525494,2024-07-02_09,1,9
-2.341726580313125,2.5160633793877913,1.66374844511089,-0.8915803269070228,0.06413653499659513,-0.5447353314533734,0.8544491936573285,-0.06997297789329743,0.5338450890345771,-0.037187009118078075,-1.8355955724417723,-0.6984733473946472,-0.24303579247823132,0.06719871433719089,-0.8923624184616722,0.17111188354108106,0.3279736184835367,-0.2005655836098989,-0.31066611926070753,-0.3121181641031239,-0.44354872246977517,-0.3563057939067569,0.22496893593243164,0.1817500471731296,0.04128272108862744,2024-07-02_10,1,10
-4.326363875574869,-4.727381830272414,3.53267558559919,-2.7683403190127276,-0.6306062168403617,-0.11296580421911562,1.4164638914885679,-1.1039326351137104,1.2120490330592513,0.23596108888450326,0.44368229739826315,-0.708735551704459,-0.16510513019476739,-1.0603965065722507,-0.4693133589962904,1.0527491508250024,0.017101804277183844,-0.3621382585157811,0.8899462536216146,0.18529795981812663,0.17881392016512077,-0.04148596664823955,-0.4649758026954599,-0.03780738204287388,0.1365379992276592,2024-07-05_01,2,1
-3.1032358630513324,-1.5388503122208912,3.5875691858236554,0.3794165629988613,0.49659131453183464,-0.8393831171293993,-0.5032007500393059,1.2293441920555368,-0.15249105083548034,-0.7263398945354754,0.3350169330692202,0.5667442626460052,-0.1168703236265946,0.12092344616230909,-0.963609611720264,-0.21198400125094347,-0.9570257488191505,0.252385717162875,0.719154426726913,0.15432708350321062,0.7487574471745543,0.12935319828645991,-0.052352289644361484,0.17937548741024456,-0.04751582454978323,2024-07-05_02,2,2
-2.9345960801553512,0.2151063387817988,2.0698548362938953,-0.2559466976134605,0.8645739928857827,-0.20000157109001818,-0.7678214410778625,1.1764212656363928,0.47518627338439623,-0.12266792425132411,0.19190424146952437,0.8390115339353739,-0.4114037077810042,0.6707667327545316,-1.2151314942355318,0.11194212183389447,-0.5021219863811546,0.181727386622223,0.040917863436642145,-0.2237819216164769,-0.1079180052291933,-0.20358496336828913,0.006214432777415738,0.05110639385926766,-0.15681721840688478,2024-07-05_03,2,3
-0.7607217607967617,1.2554458784853413,1.5914963372244142,0.5566001008808917,0.9083496025715412,2.085711265855238,1.3911755345811672,-0.5655305209744921,-0.023523654791135065,0.18234863851520264,0.8245518698288692,1.2644402196294762,-0.21130657308972126,0.1587997879875184,-0.11051567050616982,0.39770843696301417,-0.8373887298463552,0.5131687933575974,0.017901790135961566,-0.28402848872839326,0.07710459831874647,0.21669914910496207,-0.06421024793368468,0.09497354426106364,-0.07809910900405874,2024-07-05_04,2,4
-2.0057894458681083,1.5928450033400885,1.085138258320581,-0.45159365822766856,-0.5610713617070664,1.1182094646295273,-0.8230255960070562,0.31460031322603793,-1.281539863032698,0.5257647334645633,1.838669594845184,0.7446842082687282,0.27104568738468426,-0.5950035315199138,-0.640988869354837,0.6509308271503659,-0.07014006679868237,-0.11952398738536855,-0.0724854846438872,0.044010207304956105,0.34091134613142576,0.563622526166469,-0.10430014568209423,-0.024425218782142964,-0.099467357418415,2024-07-05_05,2,5
-1.1392317157935048,2.4855725952869996,0.6765016877477043,-0.43092966346880063,1.0366498002044786,-0.041055246764783476,0.3372109657099905,-0.46364859986718787,1.9480726464909637,0.11394755941026825,1.4898501459183981,-0.01420749656210964,-0.27870287924834286,0.04853238350323833,-0.7164097027705614,0.06142127864227792,-0.8110798442506436,0.3624907556084964,0.07365038662180677,-0.14757861668238983,-0.2167687522664125,0.3575698752796042,0.07260466781175387,0.1696221136196361,-0.05583891394836372,2024-07-05_06,2,6
-1.2353693523077491,1.9016026311332765,1.425546421710639,-1.6371376882376774,1.0914249289401823,-0.26845921030004405,0.03874644064101862,1.2966796269645011,-0.9824019462448895,0.3203721966883273,1.634871909736502,1.2927566832091109,-0.5694791332156613,-0.5306550079837705,-0.39071547230872256,0.1782005160492015,0.3584052067255949,0.28863579477446394,0.34431240044618444,-0.07520038186041207,-0.3443108375534203,-0.27661776694159584,0.1474710043568806,0.04748545048313152,-0.3127482785486277,2024-07-05_07,2,7
-0.41961487074238163,3.169104693085349,0.5923716481049688,0.09359096067522336,1.2012056576496917,2.098738209134678,0.18817256402727287,-0.8107390625747013,0.6350920664264758,1.431951464530949,0.8160428749629272,1.4190807646151966,-0.2393756976858559,-0.1496833246636364,-0.5782000733944659,0.39611528386493733,-0.2703996154617016,0.945997659851636,0.15746234681804988,-0.11190274377594321,-0.3572342165546518,-0.1382326219370209,0.08513988719507698,-0.4982389820231369,0.15520594853868214,2024-07-05_08,2,8
-1.809174512353684,2.0472626803706677,1.145226063649942,-0.22237404289726975,-0.8012668143237135,0.5669986316021952,0.22478279367877643,-0.7235369943334122,-0.26723373199594935,0.2658577666926462,1.241541351762068,0.5166699317593398,0.29874459354626426,-0.45389543081347444,-1.194567700299435,0.6631689250560804,0.8572517374367342,-0.2764955445665463,-0.31406781260500244,0.21639078739415998,0.20183631490256443,0.1227737811592278,0.19344230911068816,0.1790855748807749,0.06037467603835265,2024-07-05_09,2,9
-1.8063593333672248,2.055050188769098,1.1476725442366091,-0.2666855881510161,1.0635759161651257,-1.5868405207732166,0.9477386331645715,0.2645856783523474,0.5638029120002419,-0.6008059802611284,1.9615054737984845,0.31729760082589636,0.6811892191659199,0.12065616542922211,-0.599732144085976,-0.07825358822694072,0.36348988530152526,0.23799228956236576,0.2287829641150237,0.3895853315335713,-0.27929850361588937,-0.04069308651386408,-0.14328919228167256,-0.08795518442729416,0.052243569211825165,2024-07-05_10,2,10
-0.06941119672466281,-4.429706955723761,1.1319310831381197,-2.367908324809015,-0.8855431727108306,-1.9857059858894015,0.7137393207720557,-1.1732124171918659,-0.053861066544260934,-1.056832143308187,0.5846271847793405,1.1564772889140522,0.4080910484985823,0.1514962525858625,1.205497090386451,0.1393012403373012,-0.4802121381224543,0.06906525408059072,0.04104201422894896,0.4611144238645768,-0.6503066407704713,0.1868796294377041,0.8255837043986514,0.1344123892345147,-0.0032417877433464993,2024-07-09_01,3,1
-0.4659599915292001,-2.161741231303067,1.1171008854952467,1.81417752671408,0.20524313795312465,-0.7656638177249419,-0.3804815223239416,-2.540050684343094,0.21101459413901857,0.5837439485409606,-0.3692380952669358,0.9993787706952042,1.1826236705171864,0.752714394307207,0.9533687170397309,-0.044837219340234734,-0.7626384755388246,-0.7393658519161174,0.48942050218007793,0.20457150906207452,0.37746333417730343,-0.5328715679962386,0.258944348008071,-0.00397229487194293,0.054926562137537084,2024-07-09_02,3,2
-1.7805844557616517,-1.1277516472667461,0.053843592751092684,0.09070946208439602,0.26990689270460944,-0.939359902110284,-1.2899155335042727,-0.8408639045388753,-0.5298030543305455,-0.3296461318407725,-0.9502990778416226,1.2710513421816028,0.7630870134086127,0.08754486968306337,0.8205708131541265,0.5656279354562558,-0.12432462825626979,0.08905006399165227,-0.15598926290420198,0.3339967559291706,-0.09813110267393306,-0.04819962111533229,-0.350230779823646,-0.16493785193861316,-0.0996415877748417,2024-07-09_03,3,3
-1.2228710898450423,-0.4973595489420664,0.26782298289459755,-1.2005769139704168,-0.28095566479688894,0.5375995016968141,-1.7317064030701812,0.17753073065803882,-0.5398994115415892,1.2335709009321347,-1.4176778708868234,0.4108193133048984,0.24519992543121263,-0.07468564433920209,0.7624113084851611,0.12571286160383682,0.09656344490176688,-0.16235279027170937,0.25417288552446793,0.08852995708006035,0.25070320950276026,0.5609038533551771,-0.1471771939528943,0.2385710887148623,0.2411151573373508,2024-07-09_04,3,4
5.6151850099977345,0.50937753399098,2.811070378093753,-1.1268109461296225,-0.4247218878649855,0.818746724664778,-1.1913603234117354,-1.058920191251335,-0.20777232057724246,0.018104999663038412,-0.5964614686197022,1.3270380204441024,-0.4715112622460737,0.6794116070971886,0.1719429374614285,-0.6439972770356962,-0.028278163677916333,-0.11854079060671549,-0.2422294151254631,0.30517432794975213,-0.12156397183638092,0.13366658660375716,-0.3262660219558889,0.3419125718647223,-0.08405273968734624,2024-07-09_05,3,5
-1.1162786031639833,1.0463757169669068,-0.4964537827187273,-0.47432690085232754,0.14096183333929238,-0.023909841696293264,-0.5639435288857748,-0.8911846345989958,-2.1094759293256704,-0.6670402006343807,-0.7507659897402179,0.06667760567833682,0.7204178337943911,-0.5841747782536715,-0.22569664604890724,-1.3859242318928038,0.325328089858053,-0.27410539809320017,-0.3374263164609197,-0.25707676540253227,0.13905951065944946,0.4642481120998492,-0.12347976753253974,0.1487370590677619,0.018277455834593635,2024-07-09_06,3,6
-1.1038734792491343,1.5842187273859363,-1.1264811040764235,-1.8405054333462936,1.2149994396288106,-0.7386967876090978,-0.32228996145263916,-0.3536376947309733,-0.29915625040745103,-0.11708420715704798,-0.36912172438167895,0.27527116808773167,-0.4833205319241847,-0.11666276979072536,0.8049977011289146,-0.813267315682911,-0.1434735169981722,-0.2895133515636303,-0.42620443622874665,0.05095792361110776,-0.09572310846891054,-0.3354859262524481,-0.24815047237896812,-0.020059013535699565,0.12415791353222096,2024-07-09_07,3,7
-0.16387373966641333,1.5768984115425422,-0.860213980306234,-2.3728090121568064,0.6673251416827903,0.3548363099166497,-1.2011971352861401,-0.7790910035304508,0.3733689388104183,1.9722462273689638,-0.16288050233656312,-0.17669071932347116,-0.1361015836833125,0.08714175802553895,1.0799678969994104,-0.5219947244399441,-0.2810170140826637,-0.11900971610330964,0.5006258551720323,0.18705344345884486,0.12962337879411037,-0.08066946575780923,-0.16705133651588225,-0.11366143731350331,-0.16185478291617614,2024-07-09_08,3,8
-1.092199942674141,2.0255096915552984,-0.10332175761872922,-0.9978415834050456,0.5933902539937926,-0.9500351705841816,-0.37447649516386455,-1.5044839956963738,-0.5322586075106605,-1.6493539051670378,-0.781819909830739,-0.4437896354527345,0.3048469618069294,-0.20446139141493655,1.1589321339067051,0.4386513812101405,0.18259338444470774,0.10602878236584257,-0.34557364210760677,0.1568573654336838,-0.3618765792999044,0.060851838396457754,-0.0926940057823987,0.1976017147840663,-0.09591759217201314,2024-07-09_09,3,9
-0.7942880068086414,1.228852467676174,-1.0703756452944366,-1.0545243214285533,0.673370301555066,-0.6021514620787378,-0.6345318336278041,-1.7382516538195865,0.5383427152089396,0.5492520371183495,-0.007852874285486026,-0.796187200339644,0.3054000039252381,-1.4882631198286507,0.8384237867149839,-0.4954049898657191,0.19574803677532263,-0.099995792512324,-0.1535221657116566,-0.03194055559122448,-0.04879327684561358,0.05484597084028656,-0.19112751200316577,-0.04262576818816808,-0.11974556728411197,2024-07-09_10,3,10
-1.7055060173469285,-3.5568472007156675,0.5456360793365713,-2.592766154673653,0.5546366534710425,1.0827863832372593,-2.3736860571649574,-0.39483476980665644,-0.9050336527363612,0.0435157339149616,1.746642805088724,-1.3555173883549427,0.25834152751155276,0.42252998589782365,0.4477563290690175,-0.35601538944437194,0.8420792964719728,0.8911064711359059,0.0232108750471512,-0.23282297888660786,-0.13165061254696084,-0.3552489414860612,-0.003623478437245046,-0.1585964240101618,0.13092226739845997,2024-07-11_01,4,1
-1.9335527304649498,-0.5011671848831849,-0.29550027127290857,0.8991228636005363,1.1585823324795668,-0.12468156720568882,-3.109381231794205,-1.6403498424163308,1.460609333082558,-1.4277981524954961,-0.026780674194561545,-1.2984167003142701,-0.6074017369630771,0.05862891762336909,-0.7040743928199285,-0.5916465863563528,-0.42683857495962607,0.8098390519119407,-0.5486347043746345,-0.1779057792932548,0.3711846145379461,0.04264853233440284,0.20559238253992354,-0.006218518858565888,-0.03061886644629821,2024-07-11_02,4,2
4.627779901515582,-0.276255272619665,2.4342357269290877,0.9886938205179179,0.6857623191604157,0.30773075039235587,-2.837181358590597,0.0032931140279382457,0.01866567126482466,-1.3873807252791635,0.19498558972665578,-0.4038268950180882,0.7952380073010212,-0.00879919070047085,0.3238124864530724,0.8300059506828266,0.11933168909421232,0.20871511112994498,0.22589877322499713,-0.09204091344125967,0.010928930342530185,0.37286903444247854,0.14109893246005006,-0.2605261585460313,0.09334616243502845,2024-07-11_03,4,3
-0.6473052428630149,-0.05149169986045884,-0.9975830731597848,-0.490601315038161,0.7483937680545265,-0.06007121971413591,-1.0552694579578454,0.10131578040431485,-0.4132276195660965,-0.3233448575354465,0.13407872625106101,0.20076725746321672,-0.3832924948505999,-0.40990021654725683,0.13068652021487892,0.22878619844708645,-0.1490863289012033,0.20230132417737348,-0.5514333486942371,-0.18632089094897067,0.026737445159000426,-0.2526262590156594,0.08787578308441965,0.03170401339958381,0.07502365235823702,2024-07-11_04,4,4
5.549296422746707,0.5893599936695285,2.0294629035703933,-0.6983935408263341,-0.025985741105814024,0.7184870243857774,-2.672322494584387,-0.1884782702962286,1.7439051177854978,1.0091358506420758,-1.0002899709694304,-0.43437844686229377,-0.20085664847540796,0.33101621888152555,-0.4434025003606436,1.2443919477008578,0.21399519511847298,-0.4964726224308763,-0.26368790551143406,-0.1434730533140865,0.0932560716315866,0.09698637595565189,0.10859580251719085,0.13014343953027038,-0.05764475348495617,2024-07-11_05,4,5
-0.6036058301757455,0.36477288166283356,-0.35622440101485114,-1.047755487200419,1.8513033668529637,-0.42779556912497857,-1.2657910594356967,1.1677211554348195,-0.4618533390787561,0.5804018256671772,-1.224117658050271,0.08251212006365313,-0.4132828980746263,-0.4795325670980844,0.11415381824715086,-0.014062625989760854,0.10714122034461042,0.4374518417093621,0.28794036690234664,0.03523608241176328,-0.35621459599469685,0.10286161581950508,0.02256382108820697,0.16014890513953184,0.05107508976605431,2024-07-11_06,4,6
0.5622884974561448,0.9561439701494995,-0.8518472988809062,1.2385026088653717,1.238956615205528,0.2575773346582478,0.19459122543393143,-0.27246219735872756,-0.029655861982172616,-0.45866555805971343,-1.2544093909852363,0.160175622756436,0.26943675681460844,-1.2481273891121998,-0.28704453102723737,-0.31919280368476854,-0.011612682160760352,0.07032907421420247,0.28150490049200505,0.5429355434891892,0.20559026085714077,-0.15465622407802052,0.34544559264786906,-0.08968720005647401,-0.16629635600481754,2024-07-11_07,4,7
1.050650121766361,1.2810053612416181,-0.5804525906349889,0.11322996566877512,1.385271515076769,0.8805079694988439,-0.7878205559680974,-0.9327055023968617,0.45506466806227924,0.7710423960873466,0.1838346058931692,0.11361140910107087,-0.5450222920882624,-0.8824346327878422,0.501297485498832,-0.25089872608454666,-0.12922858449319913,0.7459434749543792,0.5288012752261486,0.29946240283477316,-0.0996639457453544,-0.1570736710685035,0.2631214918952451,0.15252369983137826,0.32475259823759633,2024-07-11_08,4,8
-0.193815347403175,1.3581574009878377,-0.5825599975507835,-0.05968271985256254,0.5831890176017938,0.3752330844674765,-2.0334461525249443,-0.42077243518403706,-1.398186673892454,-0.7156511495633741,-0.3392413096273918,-0.47030202908953905,1.0457672138017495,-0.991818859415582,0.06105905382785029,1.077690058513859,0.43453378952513355,0.6393406560494473,0.012075855842769668,0.22985088091209455,0.037521619833561545,-0.38635208213337185,0.09413211069208716,-0.032453724753000235,-0.08179476159794204,2024-07-11_09,4,9
5.115031543427337,1.3340111791557152,2.11502768108483,-0.8701768931822138,1.3575910935797444,-0.2047438033688719,-0.6846202536754802,-0.23950678712187887,0.4046067625960034,-0.9884431500477944,0.17257426591208982,0.18054407299176897,-1.1232019637526174,-0.2331972970322672,0.6781296569403887,0.3389770506837987,0.5439965135654481,0.4247090845632304,-0.08132376661111104,0.46882078954905815,0.3992271504896587,-0.459472492189241,-0.15326724477459958,0.09579560721201072,-0.04668873635441231,2024-07-11_10,4,10
4.476094022394683,-5.380063269159622,4.652260755740934,-2.7973350007169064,1.447634356230366,1.39796310163068,1.4528785126650448,0.5978615326171963,-0.3090450646698786,-0.45962365744735006,-0.5860413474342652,-0.8816562533806785,0.4670525309320157,0.05266961413699037,0.04065390053334271,0.2707432261720905,-0.15169900931556782,0.022808486211044116,0.0223697030837171,0.02342918085746609,0.10228057324005733,0.13133510560678102,-0.33785326667427196,-0.01757495751424812,-0.08874293670761359,2024-07-19_01,5,1
-1.9904852731161242,-2.9778028957451825,0.4497840137518673,0.8142633638877894,3.064338247432173,-0.4898170191758392,-0.8330003038919426,2.075044889916138,1.1996194869618266,0.6026072538187667,-0.3181356072835323,-0.2391614278584169,0.4988760383009095,1.0416023708397597,-0.11575545667559184,-0.5315835026820963,1.165876067488992,-0.2779922500038037,0.15582458238749275,-0.1856585044267253,0.17833804291968225,0.08003506846521725,0.07536682282866611,-0.034019521314195604,-0.1345016039967703,2024-07-19_02,5,2
-1.481048190497974,-1.5257698522029581,-0.6654615447886928,0.5415635738466361,1.8650667519544184,0.349258143105727,-0.7404075399469039,0.7496592554264424,0.8803231282295685,0.6689306602673866,-0.6184878009369137,0.13313833632451455,0.7609971134215916,1.2339349977651077,-0.6436958578064322,-0.23986234256431138,-0.13422116576784465,0.32966936068091035,-0.6937454131575723,0.23874649778552864,-0.19708660472794196,0.725641160506679,-0.016659567065649764,-0.01811001445146381,0.03786327290426227,2024-07-19_03,5,3
0.15262321116014402,-0.7968110475168113,-0.5080160794482346,2.0497370475877137,2.048355195249796,2.6133275177405166,0.9456673049813875,-0.1372183992526681,-0.9931445302185647,-0.005711883134516979,-0.4264444620509488,1.083117264284605,0.7946403767534111,0.3975298862669448,-0.22965774997486724,-0.36307302354358595,0.7470132054050324,-0.28175447498600126,-0.10246348239137971,0.2506911555273645,0.1987520348716335,-0.2985907540953766,0.06473344080320771,0.06098918166437364,-0.1609444414252254,2024-07-19_04,5,4
-0.05657535879541612,0.019672177214615484,-1.620900903556623,-0.038201903111833385,2.420314287873773,-0.16010646418054023,0.7669692748868687,0.5070403878598062,0.8224321349680088,-0.10684105653152226,0.8467976805516461,-0.43709361287761545,1.096214043927976,0.8620999655281816,0.35889509750727894,0.11305445233156236,-0.9881253911093877,-0.1949008795716368,-0.8732738360270894,0.5546293770855991,0.3637476760463965,-0.18057984331757584,0.008749616065913715,-0.011554606782960485,0.1541384747022762,2024-07-19_05,5,5
-0.46582884171740874,-0.13051268780950687,-0.6945772267002032,-0.12529324431924735,2.175103881565346,0.890206402701855,-0.2624229253712335,1.1143983105990374,-0.2973529265009122,0.7984965382997556,-0.10776129005436279,-0.036123996917863825,1.0567041290931674,0.7209078098793085,-0.18827327606915212,-0.17276092488703904,0.13772848176709157,-0.1828946763143148,0.3564443854272574,0.8417331859351628,0.32572291529603253,-0.13712825762538203,-0.2629331960873399,0.11512027490382616,0.11222696224831617,2024-07-19_06,5,6
-0.3190370965922755,0.4758290562873292,-1.167017886919303,-0.3332585175308445,2.9300129971497015,-0.7447357553562121,0.7716161654305531,0.8284767528516578,-0.44560410022730396,-0.14614535921920427,0.1430619475826043,-0.2874582097542149,0.6826376312259174,-0.18736086091616885,0.30462098611489874,0.2236623953618239,-0.46051755878768774,-0.4349707909093444,-0.520248177992723,0.12279986333641955,-0.08184110014572049,0.2343473661849302,0.14744547244376027,-0.03844809584657304,0.07954789778345828,2024-07-19_07,5,7
-0.11081666183506092,0.26053874086952594,-0.6949795981968967,-0.8016079405240208,2.7209116640408233,-0.12062063552336863,0.11334408597006923,1.100311808210185,-0.13132891783421,1.2859998778198896,0.028623449213648896,-0.0645803792444796,0.051343471292128975,-0.1317896481408164,0.3017425974063211,-0.012259462828962177,-0.11023091319769303,-0.6813253439525979,0.09047910777482203,0.28085492417240543,-0.3984376866707291,0.021021273293632868,0.30717490077653875,0.2286549352194347,0.06647183503730074,2024-07-19_08,5,8
6.197932108407813,0.8207463271803105,1.8329587523869115,-0.0640944543592367,2.1218694475421978,0.09058626945107001,0.7300347368772946,-0.20204242066020392,-1.2448894258271572,-0.7199415161698864,0.36226859483843243,0.949937612450839,-0.1800093232424625,-0.949538583858916,-1.1026339306993218,-0.9611370457464549,-0.5082878502822257,-0.8164152894454368,-0.19592025107441263,0.2542586005348267,-0.5158735832192983,0.03985562449251932,0.0880470086147895,-0.1788755250588816,0.06455032240816165,2024-07-19_09,5,9
-0.3830983772378943,1.1001144001338277,-1.9199920546500957,-0.23399538974771694,2.3885072698011736,0.05951928276816641,0.4849960281741846,-0.7423100408974287,0.6074097923227878,0.34027783527522093,0.702710739055967,-0.9926604869426544,0.5341755934610867,-0.4227376871293385,-0.5417125301512743,-0.5857372193117523,0.38713006226475105,-0.8875811164779431,-0.25264174371995735,0.36726900894733444,0.2958741107389373,-0.019423978017652603,0.19738032610403278,-0.2573165992221162,-0.29313339922838316,2024-07-19_10,5,10
0.3266133038485462,-4.568598539395847,-1.6433454425009393,2.1294527898052826,-0.08865312694226567,1.2238484499610205,0.5387159100913127,-1.4883367613853513,-0.8399813833508791,0.3031751433757775,1.2984264115986606,-0.6845933018507551,0.1810408019146175,0.015619013445835748,0.09020610312366616,-0.9034662311272879,-0.012491955848489505,-0.16312905981870388,-0.22107104787048784,-0.6270962298793146,-0.3584181003744249,0.19522189925515773,-0.0934696709360459,0.1933907087788827,-0.1327617500204076,2024-08-01_01,6,1
-0.523821156910607,-3.112510772041512,-2.1006829496212,2.3614417920875863,-0.2620983274913168,-1.4833604987020579,-0.6519940371273927,-2.7087194268250125,0.09582756556632306,-0.3280364758209534,0.5695809832124797,-0.21060237608942806,0.6360639727777835,0.5694781206475752,-0.7751218950045455,0.39346490918589144,-0.9786857384031304,-0.4994381108158097,0.12718270406584198,-0.14741313762424466,-0.21436502033303714,-0.26158646246136535,-0.3632978652718587,-0.0005822410528644153,-0.007135063595565064,2024-08-01_02,6,2
-0.24757646303403247,-2.6221807636558183,-2.2853934047190316,1.3007330715742242,-0.9764766790298657,-0.7552130238128527,-0.3551999764204745,-1.8822252338082317,-1.8248926863119317,-0.6192247463118651,0.29336219173258077,0.35240666047235764,0.7848941138076743,-0.07316105926724024,-0.9779938712858731,0.6985018705644946,0.08114898017373046,-0.5946132693195225,0.11148519704187473,-0.2152007763461018,-0.47941239954699477,-0.15784195853585442,-0.23944914782915722,-0.07818211280977291,-0.003843643368626191,2024-08-01_03,6,3
1.0804779718457025,-1.3009447156574914,-2.5957150950102905,-1.6518241712382755,-0.44840512740337884,-0.344894957756927,-1.1477666235289676,-0.7441708462716491,0.090620665048515,1.299005797858365,-0.5942583089832005,0.39798654841955045,-0.07024019022726222,2.397372331739116,-1.16447177872612,0.7817439156122099,0.07154017452462334,-0.09211756349216949,0.46675463139748874,-0.5028160826755502,-0.3306482486002958,-0.2974166397733614,0.20381044356675498,0.014499924663360272,-0.13630741984940362,2024-08-01_04,6,4
1.094601838908064,-1.0257470128041914,-2.199395742215609,-1.9358059985283438,-0.05039277993354855,-0.3270661671791948,-0.03862521247264603,0.27012355852012554,-2.082359103725392,-0.1266792312882187,-0.7370989036924928,-0.32703962125399555,-0.15835265532191894,0.3651048440009103,-0.8391991222248371,0.0663612493993348,-0.752404096411626,0.43906635619538037,0.04485396418805723,-0.3452882426714758,0.1757599921579441,0.0813926023137932,0.04543853177529881,0.057256687536491824,0.1229264126317701,2024-08-01_05,6,5
2.431562401055006,0.07379477060453404,-2.4111216962690665,0.20205971372403086,0.8087509151769504,-0.11788922786820388,2.135175656900665,-0.6836195194835467,-0.5718401954316322,-0.8180003101029639,-0.8886170433224879,0.015860174831701046,-0.20292554859637651,0.16141302586711487,0.35054662370138956,0.49552867458391414,-0.3622848479473867,0.6646060424637074,0.17344389568557833,-0.4555220933518599,0.38039279699120726,0.3765540636515172,0.10826821498823895,-0.23344591295630515,-0.06562635417714373,2024-08-01_06,6,6
2.5569873223651634,0.32340394460625393,-2.978307764404498,-0.16409585435741833,0.011812015018684853,2.2250758813748788,1.5328785509918674,-1.6253436526413678,-0.017525835227468485,0.49374833856098604,-0.9468977892408481,-0.36381483108365925,-0.9107813324209151,0.08042889817242423,-0.7685840304208136,-0.7647077395196814,-0.44377551341183435,-0.006864635597652522,0.7248539246836172,-0.02452374439607144,0.3689985098986122,-0.06918361022962523,0.11900757949817872,-0.028039520703764798,0.0549149045722227,2024-08-01_07,6,7
1.6792627092409036,0.2919704682133202,-2.373255512494869,-2.0611667769726147,0.4667706266523683,-1.6051307583787486,1.0974644493980457,0.2732022603716343,-1.524526435143785,-0.8428529160191799,0.3554666804969483,-0.3213363624629799,-0.9028741870133156,0.5926534515682573,-0.004986047046783658,-0.31330383012690055,0.13612893443352833,0.30115435375536476,0.18236171705627813,-0.3216450659895333,0.760612839688263,-0.00034577882277454265,0.15508098638908532,-0.12687401409226076,0.016572327645908706,2024-08-01_08,6,8
1.4751949346761275,0.34000089920040827,-2.897268044443104,-1.565408527109061,-0.1422599616181109,-0.7237336368766043,0.9484134805948332,-0.8075444274552755,0.5400379513728318,-1.282860195289078,-0.20966988080728655,-1.4135787180072392,-0.6936463340492276,0.000783719457300565,-0.8280678495378123,-0.3501406870015019,-0.0923423229883725,0.17739864526719482,0.4940632466281314,0.2956245664479462,0.29434327905218033,-0.045449303841531445,0.05513940263196376,0.18351908324051208,-0.07652160064663723,2024-08-01_09,6,9
0.728470977067446,1.055950879524908,-2.0254479472830655,-2.047716572702482,-0.6294012169552292,-0.6067762665166053,-0.23674533477782347,-0.8841242158792122,-2.183557737288856,-0.13262788378068233,-0.05717292381380339,-0.20578954727967116,-1.6057132471396591,0.4849386492886408,0.05270136736571242,0.7181594572370826,0.494947614942823,-0.3273890455019461,0.10715382046542961,-0.24755783683566224,0.078561466380398,0.1688136776514074,0.2711760445439783,-0.012375242301162496,-0.1777430141156176,2024-08-01_10,6,10
-1.1640362262143251,-3.5600717015871646,-0.9449845328721891,-2.000485353550325,-1.0294423380025788,2.761965756803653,-0.7134690087048406,0.12758118008898858,2.3344098109776215,-0.44332184278639497,0.7307353258629393,-0.8826701721662625,-0.04273731580421435,-1.4084457018517864,-0.06799453622982213,-0.37793407253335154,0.04874541481977918,-0.3260068349610797,-0.2391806539182017,-0.46237646129042115,0.141121754146306,-0.1321155393979894,0.11992807239570442,0.19171052312657577,0.0701442720991235,2024-08-05_01,7,1
-1.186790527615339,-2.20197886365684,0.08061704769631037,0.8168675637683722,-0.04978867478516147,0.1445127789458042,-0.2244175349134616,2.047550884432618,0.01226834687449574,-2.056107933666724,-0.6402911648696274,1.3114203202378945,0.5489463639704623,-0.804366421802946,0.290949728937316,0.1556624388366182,-0.1799779642388581,-0.2191116205695815,-0.0663644688768594,-0.3555063980756521,0.014199902050401312,0.03591200480127576,0.03258698045556536,0.10057542603734025,-0.24003456298637435,2024-08-05_02,7,2
0.8760702709640235,-1.206088008246214,-1.4260493456978023,0.5896583386241718,-0.23028413889520316,3.089908265076437,0.6733384330688826,0.5845575216687527,0.741713936610663,0.5611452576878639,0.8852792791813542,1.555821067527688,0.5906985909945938,-0.41043496765799536,1.0298918361321334,-0.015753522166699577,0.09029258098741867,-0.31930860388529697,-0.3866813358649639,-0.8494852950781668,0.293547363628052,-0.5088333330192888,0.02488296884653825,-0.028026645363661343,0.1364845186930362,2024-08-05_03,7,3
-0.3403499853091732,-0.7901212929672032,-1.1766144706376078,-1.0081789043523968,0.7064398977854752,-0.08764931954250989,0.7888710576514416,1.5515981967801946,1.060733361062359,-1.404477841106856,-0.549379968673438,1.261627313195488,0.23183460683620413,-0.6838284572159741,-0.1688336457361916,-0.400770970499225,-0.006998119371750472,-0.0510706958973085,0.4139033416292987,-0.6760936385508782,-0.10238745017424195,0.0041080586977535,-0.2355825842390714,-0.0014651926217663634,0.10372558329676211,2024-08-05_04,7,4
-0.40594206593397253,0.31522908385699433,-1.832074891297124,-1.2759463258025077,-1.2758630584812134,0.5273606540016498,0.023640367325364,-0.4602025021006436,1.1901272991961906,-1.1879364810606028,0.36946220313332806,0.8184102059200692,0.14211115445953038,-0.5621240842916148,-0.5772653300392053,0.07088611850565515,0.2825145331751009,-0.5455852578236297,-0.22379522098704024,-0.22760802312416417,0.3168804225052878,0.0785478529201184,0.00578860250394671,0.12083251218273033,-0.03344305209385144,2024-08-05_05,7,5
0.13024390871296493,0.6319548962326774,-2.484790773614915,-1.768778006029806,0.048481840679637275,-0.23578099457769147,1.8853779533570674,-0.11208310620532388,3.632970549103984,-1.2145726490165034,-0.865131864438983,1.0771902884186384,-0.19017028628801447,-0.0954906752458,-0.12233848518466216,0.6435397051326001,0.43709497430926425,-0.30652128265159245,-0.21792962729230314,-0.19123161809435663,-0.13510734635878874,0.20226614095394896,0.09125655794994794,-0.2247237468963393,0.24598539485639212,2024-08-05_06,7,6
-0.6055085041333687,-5.149399555162161,-0.5754402028612142,0.6031955012488989,-0.31338144476005786,1.4847685105480564,1.1851643816982596,0.5968615420268799,-0.1639058045840457,-0.6202401680085238,-1.178803811217251,-0.2707049082656824,-0.7491287368848311,0.0612218078339955,-0.14632905411272992,0.010647880481224363,0.7762666608906679,0.0737608483693569,0.3205997429840063,0.24739613825729462,-0.5447604676483898,0.12043304041968832,0.003739661666113623,0.018651147611907493,0.19584682541849002,2024-08-07_01,8,1
-0.5441356708347048,-1.5469051593389456,-1.2349030908860095,3.707067234560877,0.7847257498005089,-0.19901733407225325,-0.43648521121706246,0.6584540604040369,0.5952135455638982,-1.1783364405119192,0.9086770392375385,0.6082301079698132,-2.1679547859935013,0.2479323540358772,1.1104895962257233,-0.19478193581724315,0.29500758503180047,-0.4991741644971415,0.47120790016900543,0.19800867900823482,-0.07898547613540152,-0.027508017690617555,-0.11318737365801895,-0.07055869826403503,-0.02659492313866499,2024-08-07_02,8,2
0.31048533935794503,-0.6973475412010275,-2.068156169630748,3.4602353356033664,-0.06947029992332629,1.304895028740118,-0.7414908978197474,-0.3542263279703484,1.275961456654995,-0.23616504767581506,0.43392729648098893,-0.14928482109209038,-0.9948665378716351,0.21421995447294204,0.7636841484448401,0.3486686535273628,0.21904946457686486,0.20235202313887635,0.2553095963305456,0.27219006226961023,-0.10034365675919121,0.6394943651430886,-0.12488810305271661,-0.1911658154393465,-0.0581601154313044,2024-08-07_03,8,3
0.2596044760400078,-0.8674351384712488,-1.7246819902336357,0.8945327765595316,-1.117997678327182,-0.06485111036560387,-0.10419724308593228,0.35812741546481924,-1.5699134058355533,-1.616478641378692,0.4591249272193415,0.8628480149059724,-1.1417922356358887,0.19061366969191987,-0.08278042620039797,0.5355599356251866,0.20026947103402326,0.02243007174451672,-0.011510560777422548,0.5008776519726562,0.11738211283622844,0.0843668720177017,-0.030620231328653175,0.17054762252544228,0.3310329827322507,2024-08-07_04,8,4
0.050398633263098805,-0.3620620665873703,-2.4634768551418147,0.3460540098978867,0.6115546218338468,-0.42599061138660393,-0.3248355834223101,1.198251021985867,0.2217847100803176,0.05499396272736877,-0.03499791871608313,-0.5405055156995532,-1.284556120652167,-0.33859166105881666,0.4053790369633,0.5989253906745537,-0.021400823813955264,-0.5940856772909309,0.16333231475282103,-0.12373758209710456,-0.27530852456082516,0.026057755077446298,-0.08885121655255243,0.08311228980620566,-0.2291141865858023,2024-08-07_05,8,5
1.2705896176875244,-0.5823770036881345,-2.9524849366613863,-0.8728033983831149,0.3857863977071204,-0.38586877835946626,-0.059591450230628354,1.5696712614304398,-0.6987921842380573,1.5380842259970713,1.2755837654945712,0.3507474655395143,-0.32512478909069026,0.7581793960665488,0.5329226201275244,0.36855498678511184,0.5701954398271223,-0.033639734848834785,0.140551440838488,-0.20641166557400378,0.07178693188090986,-0.042811278408033414,-0.1435074868469523,-0.20194518255440638,-0.07814744022932549,2024-08-07_06,8,6
0.7980289064664141,-0.27784134880963435,-3.30186611124146,-0.1342186806602898,-0.7013471022030667,0.901944173636633,0.8041690999504362,-0.11222792747312214,-0.5358028917032687,0.9193044924422731,0.5773789216474444,0.18995064769737696,-0.4250207935817089,0.24396138365561146,0.051913755797134746,0.19980529039344963,0.1860275731617088,0.3135355808366565,-0.6804370021173157,0.5882113285785728,-0.2642467022587562,0.26095177160195804,-0.3737680806044984,-0.00877963244507187,0.09277264509367943,2024-08-07_07,8,7
5.128383996950805,-3.149357365403981,2.3072413848415976,2.821554119494352,0.04425747857410934,-3.4151634674339073,0.7104519106082942,-1.2628132517471822,0.7004574290879988,1.6714699931679624,-0.4489217941833713,1.0405834920012444,-0.09922081104073797,-1.342245415001081,-0.7068111420621398,-0.021249236966368146,0.9207072559882569,0.8404668670187858,-0.6083714540822922,-0.27091640690299684,0.11377237792133077,-0.14152355115228277,-0.09105339014295318,-0.04930058320064376,0.012017496135383905,2024-08-07_08,8,8
0.3569727036232481,-3.422626430287363,0.09184440198794536,1.4078695943412767,-0.3038835685239977,-5.143897960437047,0.8647504827801155,0.1547655745058837,0.1612347892948758,2.523349956840501,0.7270059455843148,0.3570232054770245,-0.03356290280957124,-0.9621693281779925,0.10697591129290876,-0.43656402290338814,0.14800439385209033,0.49163039801785885,0.04048005433471097,-0.18713336399309036,0.22484679456501003,0.2392565974344315,0.30657308465733313,0.13508035414802266,-0.011365866990150603,2024-08-07_09,8,9
-0.5407245469206948,-2.085160544369181,-0.8627156644145164,0.7503312802362369,0.8551525380670556,-1.6718679824639961,0.09244109766446017,1.0680255395784815,-0.5666669875895822,1.8290905767228933,-1.3860846691666415,-0.7268436591382835,-0.011634739008354001,-0.5370626082143475,0.09243772089750592,0.34026969308106686,-0.4618168248378804,0.39920844072406614,-0.06700835807255227,-0.35848349534577423,0.10259922118609141,-0.044459394859785076,-0.30295099547682963,-0.15897001651308712,0.12080192037465166,2024-08-07_10,8,10
-1.4207774647158775,-3.0108071622005648,0.33108082811559697,-2.0131069761632605,-3.8709261299259636,0.4589362062930056,0.9410567483619273,0.6858961424883548,0.9727393482123017,0.5249319333244403,-1.1243263400557733,0.12680939853209164,-0.01018503548441883,-0.2780725834276229,0.17298695330704458,-0.08079065796330501,-0.11369424957280652,0.11233040653267747,-0.3555946454653297,0.691907048904691,-0.034232775213509536,-0.047721900131074045,0.08542009264169251,-0.2274167703402328,-0.41473445070315523,2024-08-21_01,9,1
-1.8657955423235908,-0.5143120661710264,0.331528325652039,0.7607797059079933,-2.971840811051778,0.16540021687951206,-2.1071778821464253,1.1370264691361949,0.28184134326599014,1.060023402779186,-0.780324604255443,0.7399163369323453,-0.8983299157903106,-0.5654846896730995,-0.15588438815975567,-0.8298210896636969,-0.4634548218408383,-0.211271228045101,-0.23703585426894888,0.012128302771520464,0.15078175723685563,-0.1640654941646103,0.0837059693152588,0.06610900159649472,0.050848710221938376,2024-08-21_02,9,2
-0.5043775674000691,0.44495859340824334,0.07808641475091843,0.07827402876466617,-2.7785217250208922,-0.06484921993146962,-0.6280007537926655,1.0998114247135486,-1.2263818893275396,-0.9114180802010329,-0.6369137463014898,1.2572583440586564,0.4188705644753812,0.02971983315758515,0.17343586573834605,0.08564572976922885,-0.23491466254467075,0.3355820691277574,-0.12188864897927369,-0.08439208020680918,0.15575375495494592,-0.20931405235146908,0.017381981938614503,-0.06677850361493731,0.04547022449169361,2024-08-21_03,9,3
-0.11420801383148278,1.248845203371893,-0.9216750947524797,-0.15668022193006453,-2.6829108128693004,-0.04683575407797928,-1.7135669744543875,0.9891990227151338,0.5212161808447972,0.587750106802466,0.5106444872587487,0.1788882305460655,0.5596965776384282,0.2519404080459104,0.22172313233703825,-0.15836494114875746,-0.011257320138642977,-0.4481898890848465,0.2003034854080099,-0.2679781569069304,0.014170540134239901,-0.14408691166426296,0.17970484644959445,0.1099742060160945,0.2875469294212546,2024-08-21_04,9,4
0.5450186747207105,1.8617969710012447,-1.3364754331624271,-0.2942452017944859,-1.6454841742455386,-0.3320935311261095,0.2598186213881337,0.5246997833205773,1.5784940552997784,-0.6558913548767036,-0.4584725658492357,-0.3642531764542044,0.9849552561098893,0.07305829640755823,0.7378367033226645,0.38856161296825587,-0.6512097315667571,0.41867723088798336,-0.07718120836198779,-0.15974891051154613,0.1434737484302066,0.046760354864332755,-0.07263651827202817,-0.11276929275682096,-0.24369457837874722,2024-08-21_05,9,5
0.761385038562613,1.9241062702584362,-0.6961927705550428,0.6349154472480925,-2.6412804212645016,1.0248606266779594,0.29099411824939914,0.2612671709247065,-1.206547182272919,0.4574786598127677,-0.49230980677751157,1.098389027142862,0.9385190705318595,-0.010715924092574956,0.06350135396872342,-0.6961350850503595,0.16041262789746843,-0.12879809450780308,0.46430938515282466,-0.004164206151466889,0.08712690130622017,0.1492923602753976,-0.012400017661925902,-0.08747461810010387,-0.16997490055793005,2024-08-21_06,9,6
0.5606246059860555,1.8170296236965209,-1.4492454221505253,-1.158351000068195,-1.3086453882150586,-1.8527886358057497,0.542796481403595,1.1269785165965098,1.143786609762185,-0.9623253707055994,0.48833125562232854,-0.43430747473369824,1.5630030749499662,0.5542635865432772,0.6473260611750007,-0.09625944332117167,0.10738210202194184,0.4154656112781144,0.05955806093150679,-0.29169372684819045,-0.0356211716894646,-0.07897483534865188,-0.12804802099460333,-0.0988497839312977,0.02865082260515126,2024-08-21_07,9,7
0.2860312483393417,1.8783553187520412,-0.8676132684848348,-0.28325015549673516,-2.848784282860326,-0.6226593372615515,-0.2148914273670926,-0.07897169563747342,0.1955115622110396,-0.21481301215072338,0.15621184003721272,0.20429945736574484,1.2302955891400393,0.2801600817822189,-0.2884253415032051,-0.7767078762540562,0.16189612299709996,0.4920007640156078,0.2759710370590117,0.3428481310211662,-0.05924455553955817,0.30813465669059587,-0.06131820293996299,-0.0075147214138092545,0.07432943973866782,2024-08-21_08,9,8
5.593090802971604,2.8757868461796723,2.002996420071341,0.006568985804665574,-2.0702966068467945,-1.7701177114843831,-1.037544322458194,0.06265843640180688,1.5360644102442294,-0.19714152712273808,0.39731994754806954,0.5586997232216067,-0.4005725064018246,0.9072491453890934,-0.37502447805140277,-1.0249270175391352,0.5271014213528507,-0.531996824339795,-0.013659146819079255,-0.14397418471432974,0.20276212066392674,0.048652828082214036,-0.17597721009172956,-0.2039134244440198,0.07163433117556126,2024-08-21_09,9,9
0.36051588246702243,2.191132703951409,-1.0886513845856791,-1.402164385554693,-1.8592209150221288,0.09663447881755564,-0.20988588206725156,-0.059730798513883694,0.8576237417399074,0.29984434032730395,0.5713045565001796,-0.4708793372415072,0.34153733013468524,0.009958906497723241,0.26094586623301985,-1.2185976470518574,-0.24031785825311713,0.42387032957688464,0.5892005566538252,0.23540363154119548,-0.7984995444969717,-0.006649572218599648,-0.11424801831965968,0.01327187057636586,-0.05495104150876916,2024-08-21_10,9,10
4.638164522615387,-2.7221836793990133,3.3674225287255317,-0.13674835596595186,-1.870778308342519,1.768493090936161,0.31997251476207145,1.4130601331165105,-1.6492606447152982,-0.483856904715061,0.681557211293184,-2.0907902908261295,0.8853499924760265,0.025746673170859505,-0.4430574802945859,-0.5631362943489183,-0.06315508732636364,0.05920550441147953,-0.15109183437344387,-0.11687635371851164,-0.23232252619628815,-0.051149202565684435,0.2827839947365906,-0.3144378895990121,0.052111287459472654,2024-08-22_01,10,1
-1.1321361945123032,-0.36095191853219144,0.4238503214011821,2.90513781441594,-0.7846380661360576,0.8079722511090517,-0.34899242014988613,0.5697534136897864,-0.0785387754163586,-0.5651890261779926,-0.22903682347005455,-0.6878178069313791,-0.7629482194815833,-0.431263647538595,-0.08909364458660143,-0.17693230560621448,-0.5317613389846984,0.3416476073321229,0.0268838391883953,0.31876461412695567,-0.08343833294968937,-0.1340906188034253,0.11295653352278061,-0.22351248431887258,0.19325031848799656,2024-08-22_02,10,2
-1.704650958893701,-0.13402050886834796,-0.061504218335866064,1.6138608715721587,-1.3133934346341352,-0.4672870629393784,-1.1249248369106917,1.6941358375159006,0.1578429636215727,0.05176593928882074,-0.008762948606742755,-0.9282233998622952,-0.37895231630393095,0.14598196096171168,-0.5337309236610959,-0.0026856762389425356,0.04464529438905462,0.04294911361062474,-0.149757889750906,0.37175428645694897,-0.1291477929571054,-0.053392055820427234,0.028776589509119894,-0.035405569330380936,-0.06888123494639999,2024-08-22_03,10,3
-1.4336959377806924,0.6001164487715237,-0.8043178976886705,1.3797470546956672,-1.3577585466280149,-0.13307292249419167,-0.35046787575076077,0.6487792719545795,0.02384913883264761,-0.6934078356733703,0.028178229593289868,-0.5006732260669504,-0.44829980358011257,0.10535589208452971,-0.847055547058194,0.06938283909409623,0.17898471409071087,0.19526588267175185,-0.3582413631658093,0.5051176140772158,-0.0684683500619153,-0.3285240401136243,-0.2780295376491329,0.09352723225516668,-0.07795325539435607,2024-08-22_04,10,4
1.1398383356642254,0.5325410120367305,-0.2910953785565282,1.6899231046388825,-1.0356790988291769,1.59580642835569,1.7845752653251001,1.1132823593066912,-0.052587990960166656,0.8646663904308326,-0.8513436462611771,-0.32258826625138814,0.3662944153474438,0.1739240151040831,0.20014150931061034,0.6117236882543451,-0.4586080089882493,0.5943277629153031,-0.20768441819738243,0.1507526039282143,-0.10129321148699669,-0.18919528224667734,0.13726922134104452,0.19784003630041871,-0.11034236049647875,2024-08-22_05,10,5
1.342005703388238,0.9795599243323713,0.22274563265867542,1.8840620204886043,0.5236937005223838,-0.4358088931235525,2.3402123991097348,1.4549107222585786,-0.26849655278108375,-0.4470891473037718,0.6317226703257947,-0.8444771074387173,0.5106760785890033,0.5777565134506554,0.8279394332787364,-0.4099660786390639,0.22880813429789862,0.6900128953997335,0.3499712730724949,-0.2348879860476566,0.025152552032661944,-0.2163381656623019,-0.01262315492555899,0.40953025924083813,0.00723183416390299,2024-08-22_06,10,6
0.6303349255612595,1.5933609130679125,-0.8362253841106179,2.0497909228776034,-1.4699132091593492,1.0991966776127744,0.839511216597812,-0.3268847454702556,0.317543284948622,1.3549786227708627,-0.05387002332327201,-0.9613326409632256,0.28913657175681706,0.17557392514995737,-0.16691813367927605,0.5619602312643227,0.3165312184066412,-0.018292716189670516,-0.5125191002145881,-0.2989360347249349,0.024648229928383725,0.07173113376398112,0.22850073676625665,0.29564548665764906,0.03780895704467981,2024-08-22_07,10,7
6.424705483336638,2.087976213528896,2.433168067286948,0.7919887655617879,-0.44950115005890307,-0.871660274937025,0.7415215836496192,1.2115175802372615,0.4264901185108372,0.2040673388552066,0.7170872403107543,-1.0966136316892743,-0.5294832460427806,0.07679106456394644,0.5395564212871946,0.5934265423983882,-1.011923938597274,-0.7488221954046458,0.07727777955448391,-0.12482435981501162,-0.23272289721723363,-0.10775202407209697,-0.22557600791501028,0.14803311635298083,0.00919309615045254,2024-08-22_08,10,8
-0.29996441704820775,1.7253167168769692,-1.1210165344103376,0.5162741835126868,-1.342375287599404,-0.11303135341381088,0.6988095985444401,0.7434403945485698,-1.1238530263950373,0.7924493167185356,0.5721861489844411,-0.8448492024939923,-0.41400404390966816,-1.3995173937302139,0.06537878085624974,0.5222615038295658,-0.2425166344588621,-0.2251603526661275,-0.17731362731174183,0.09616245461813801,0.03862798924040456,-0.08414131635728465,-0.19723578895082783,-0.08358416100274879,-0.04601811411188992,2024-08-22_09,10,9
-0.5308079479615013,1.8090475626665887,-0.9791410565299331,1.2145098649016277,-1.512683818273956,-1.3573239613915131,0.6156754136356551,0.5974913341891199,0.20896026919207566,-0.042208919694765396,0.10084697230988417,-1.176344565901411,0.4074735941741121,0.029199001199850312,-0.6094120254146179,0.39612905760563477,0.17550737339213685,-0.6068296717601397,0.0685712204024588,0.7177287078648102,0.14374576419342383,-0.1479557975985552,0.025072855337255614,0.013610705819043311,0.11962479361518559,2024-08-22_10,10,10
