feature_1,feature_2,pearson_r,abs_pearson_r
Gas4Flow,Gas5Flow,-0.9639292560990839,0.9639292560990839
PlatenRFPeakToPeak,PlatenRFTuningCapacitor,0.8872384381122301,0.8872384381122301
Gas1Flow,SourceRF2TuningCapacitor,-0.8446675951395752,0.8446675951395752
Gas4Flow,SourceRF2TuningCapacitor,-0.7768237741665082,0.7768237741665082
Gas5Flow,SourceRF2TuningCapacitor,0.7720081729641638,0.7720081729641638
PlatenRFPeakToPeak,moriInnerCurrent,0.7046572313713805,0.7046572313713805
PlatenRFTuningCapacitor,SourceRFLoadPower,-0.6980781176611213,0.6980781176611213
ForeLinePressure,SourceRFPeakToPeak,0.6775285956335235,0.6775285956335235
Gas1Flow,Gas5Flow,-0.6732054103217608,0.6732054103217608
PlatenRFTuningCapacitor,moriInnerCurrent,0.6607996741060662,0.6607996741060662
Gas1Flow,Gas4Flow,0.6541167062222115,0.6541167062222115
SourceRF2TuningCapacitor,SourceRFLoadPower,0.6460571546723219,0.6460571546723219
Gas1Flow,SourceRFLoadPower,-0.6188122753230944,0.6188122753230944
HeliumBPFlow,SourceRFPeakToPeak,-0.612353479768204,0.612353479768204
Gas5Flow,SourceRFLoadPower,0.5492719816654902,0.5492719816654902
Gas1Flow,PlatenRFReflectedPower,0.532253053071317,0.532253053071317
PlatenRFPeakToPeak,SourceRFLoadPower,-0.5227225037782749,0.5227225037782749
PlatenRFReflectedPower,SourceRF2TuningCapacitor,-0.5202130435020456,0.5202130435020456
Gas5Flow,PlatenRFReflectedPower,-0.5057000439110093,0.5057000439110093
Pressure,SourceRF2TuningCapacitor,0.49444350597847164,0.49444350597847164
Heater2Temp,HeliumBPFlow,-0.4830646698183966,0.4830646698183966
PlatenRFLoadCapacitor,PlatenRFReflectedPower,-0.482030692362801,0.482030692362801
Gas4Flow,SourceRFLoadPower,-0.4782004271752354,0.4782004271752354
Heater4Temp,SourceRFPeakToPeak,-0.4664020285400863,0.4664020285400863
Gas4Flow,PlatenRFReflectedPower,0.46428139369028776,0.46428139369028776
Heater2Temp,Heater4Temp,-0.4638568365157363,0.4638568365157363
Gas2Flow,Heater4Temp,-0.4625677284418574,0.4625677284418574
Gas7Flow,PlatenRFTuningCapacitor,0.4589384526316648,0.4589384526316648
Gas7Flow,moriInnerCurrent,0.4416172509207517,0.4416172509207517
Gas2Flow,Heater2Temp,0.4322991482813725,0.4322991482813725
SourceRFLoadPower,moriInnerCurrent,-0.4277967701045338,0.4277967701045338
ForeLinePressure,Gas7Flow,-0.4255796246312537,0.4255796246312537
PlatenRFLoadCapacitor,SourceRFPeakToPeak,-0.42266345688246343,0.42266345688246343
PlatenRFReflectedPower,SourceRFLoadPower,-0.4196570681777504,0.4196570681777504
HeliumBPFlow,PlatenDcBias,-0.41306833045157687,0.41306833045157687
Heater3Temp,PlatenRFTuningCapacitor,0.4123710580257204,0.4123710580257204
Heater3Temp,PlatenRFPeakToPeak,0.4105549586300843,0.4105549586300843
Gas7Flow,PlatenRFPeakToPeak,0.41008346530013273,0.41008346530013273
Gas1Flow,Pressure,-0.4076184821455103,0.4076184821455103
Heater4Temp,PlatenDcBias,-0.4043828959296478,0.4043828959296478
Gas2Flow,HeliumBPPressure,-0.38710183106145957,0.38710183106145957
ForeLinePressure,HeliumBPFlow,-0.37923123831123173,0.37923123831123173
Heater4Temp,HeliumBPFlow,0.37860733731344043,0.37860733731344043
Gas7Flow,SourceRFLoadPower,-0.37588223663527454,0.37588223663527454
PlatenRFReflectedPower,SourceRF2PeakToPeak,0.3723527289195671,0.3723527289195671
ForeLinePressure,Heater4Temp,-0.36882537278296557,0.36882537278296557
PlatenRFPeakToPeak,SourceRFPeakToPeak,-0.3636214891691063,0.3636214891691063
Heater3Temp,moriInnerCurrent,0.36355926566515495,0.36355926566515495
PlatenRFTuningCapacitor,SourceRFPeakToPeak,-0.35178540044066686,0.35178540044066686
PlatenRFLoadPower,SourceRF2TuningCapacitor,0.35085784825595046,0.35085784825595046
SourceRFPeakToPeak,SourceRFReflectedPower,0.3504983643660559,0.3504983643660559
Gas2Flow,SourceRFPeakToPeak,0.3457827809855272,0.3457827809855272
PlatenRFTuningCapacitor,SourceRFReflectedPower,0.34504153769033985,0.34504153769033985
Heater3Temp,SourceRFLoadPower,-0.3392160501465126,0.3392160501465126
ForeLinePressure,SourceRFReflectedPower,0.32675764993990475,0.32675764993990475
ForeLinePressure,PlatenRFPeakToPeak,-0.32199597152978104,0.32199597152978104
PlatenRFLoadCapacitor,SourceRFReflectedPower,-0.3184634788236104,0.3184634788236104
ForeLinePressure,HeliumBPPressure,0.3163367364060255,0.3163367364060255
HeliumBPFlow,PlatenRFLoadCapacitor,0.3160389185680356,0.3160389185680356
Gas1Flow,PlatenRFLoadPower,-0.30985233662328465,0.30985233662328465
PlatenRFLoadPower,Pressure,0.30749186359316455,0.30749186359316455
Heater2Temp,PlatenRFReflectedPower,0.3070992229080631,0.3070992229080631
Pressure,SourceRFReflectedPower,-0.30677042160736445,0.30677042160736445
Gas1Flow,HeliumBPFlow,-0.3038287182181556,0.3038287182181556
Gas1Flow,Heater2Temp,0.30240555244179973,0.30240555244179973
Heater2Temp,SourceRFPeakToPeak,0.2999221701475293,0.2999221701475293
Heater2Temp,PlatenDcBias,0.2996367176105403,0.2996367176105403
HeliumBPPressure,moriInnerCurrent,0.29929477913541863,0.29929477913541863
PlatenRFLoadPower,SourceRFLoadPower,0.29607690785616136,0.29607690785616136
Pressure,SourceRFLoadPower,0.280921589065044,0.280921589065044
Gas4Flow,Pressure,-0.28087341982995684,0.28087341982995684
Gas2Flow,HeliumBPFlow,-0.2765167389114895,0.2765167389114895
SourceRFLoadPower,SourceRFReflectedPower,-0.27527832338066516,0.27527832338066516
Gas2Flow,Gas7Flow,-0.27448264841337067,0.27448264841337067
Gas1Flow,HeliumBPPressure,-0.27239427705988,0.27239427705988
Gas4Flow,PlatenRFLoadCapacitor,0.27160359995790306,0.27160359995790306
PlatenRFReflectedPower,SourceRFReflectedPower,0.2695759455344896,0.2695759455344896
ForeLinePressure,PlatenRFTuningCapacitor,-0.2691031442696397,0.2691031442696397
Heater2Temp,HeliumBPPressure,-0.2679829456481439,0.2679829456481439
ForeLinePressure,Heater2Temp,0.25376560847289337,0.25376560847289337
Gas5Flow,Pressure,0.2506602142728714,0.2506602142728714
Heater4Temp,SourceRFReflectedPower,-0.24834718110878654,0.24834718110878654
PlatenRFLoadPower,PlatenRFTuningCapacitor,-0.24808204925890437,0.24808204925890437
PlatenDcBias,PlatenRFLoadPower,0.2444883896128811,0.2444883896128811
PlatenRFLoadCapacitor,SourceRF2PeakToPeak,-0.24340560904519618,0.24340560904519618
Gas7Flow,PlatenDcBias,0.24196858001438024,0.24196858001438024
Gas1Flow,Heater4Temp,-0.24122014689279317,0.24122014689279317
ForeLinePressure,PlatenRFLoadCapacitor,-0.2404686481102973,0.2404686481102973
Heater2Temp,PlatenRFLoadCapacitor,-0.2348767336855503,0.2348767336855503
PlatenRFReflectedPower,SourceRFPeakToPeak,0.23472023062472955,0.23472023062472955
HeliumBPFlow,PlatenRFReflectedPower,-0.23255749409270807,0.23255749409270807
ForeLinePressure,Pressure,-0.23244793467342878,0.23244793467342878
PlatenDcBias,SourceRFPeakToPeak,0.231220215381052,0.231220215381052
ForeLinePressure,PlatenRFReflectedPower,0.22592129842846057,0.22592129842846057
PlatenRFLoadPower,SourceRFPeakToPeak,0.22582333360154344,0.22582333360154344
Gas2Flow,moriInnerCurrent,-0.22267338625137903,0.22267338625137903
PlatenRFLoadCapacitor,SourceRF2TuningCapacitor,-0.21991630756659572,0.21991630756659572
Gas5Flow,PlatenRFLoadCapacitor,-0.2198469815534746,0.2198469815534746
PlatenRFLoadPower,PlatenRFReflectedPower,-0.2172655465757322,0.2172655465757322
HeliumBPPressure,PlatenRFReflectedPower,-0.21575554004367578,0.21575554004367578
Gas5Flow,PlatenDcBias,-0.21551213683187675,0.21551213683187675
HeliumBPPressure,PlatenRFPeakToPeak,0.2126699512907827,0.2126699512907827
Gas7Flow,Heater3Temp,0.21178711320710536,0.21178711320710536
PlatenRFReflectedPower,Pressure,-0.20942751611520166,0.20942751611520166
Gas2Flow,PlatenDcBias,0.20922044321244931,0.20922044321244931
Gas7Flow,PlatenRFLoadCapacitor,-0.20551906890826216,0.20551906890826216
ForeLinePressure,moriInnerCurrent,-0.2047573766622705,0.2047573766622705
Heater1Temp,moriInnerCurrent,0.20361519481321896,0.20361519481321896
Gas1Flow,Gas2Flow,0.200437194019417,0.200437194019417
Heater1Temp,HeliumBPFlow,-0.19935002739857013,0.19935002739857013
HeliumBPPressure,SourceRF2TuningCapacitor,0.19642996043415803,0.19642996043415803
Heater1Temp,PlatenRFPeakToPeak,0.19477964939814177,0.19477964939814177
PlatenRFPeakToPeak,SourceRFReflectedPower,0.1915456252480379,0.1915456252480379
HeliumBPFlow,SourceRFLoadPower,0.18693072793376012,0.18693072793376012
Gas2Flow,PlatenRFLoadPower,0.18636308856796188,0.18636308856796188
Gas7Flow,SourceRFPeakToPeak,-0.18537894921682213,0.18537894921682213
ForeLinePressure,Heater3Temp,-0.18162542917763774,0.18162542917763774
Heater1Temp,PlatenRFTuningCapacitor,0.18071675961351316,0.18071675961351316
Heater4Temp,PlatenRFReflectedPower,-0.1801460809617918,0.1801460809617918
SourceRF2PeakToPeak,moriInnerCurrent,-0.17977793428958122,0.17977793428958122
Gas1Flow,PlatenRFTuningCapacitor,0.17923332653252386,0.17923332653252386
Heater4Temp,SourceRFLoadPower,0.176359490855621,0.176359490855621
Gas2Flow,PlatenRFPeakToPeak,-0.1763286001645675,0.1763286001645675
HeliumBPFlow,SourceRFReflectedPower,-0.17359490110016518,0.17359490110016518
Heater2Temp,SourceRFLoadPower,-0.17122924986453858,0.17122924986453858
Heater3Temp,Heater4Temp,-0.16997374486472325,0.16997374486472325
Heater4Temp,PlatenRFLoadPower,-0.16918063882498766,0.16918063882498766
ForeLinePressure,Gas1Flow,0.1690893958447232,0.1690893958447232
Heater2Temp,Heater3Temp,0.16399180059430749,0.16399180059430749
Gas1Flow,SourceRFReflectedPower,0.16089234540932698,0.16089234540932698
PlatenRFReflectedPower,PlatenRFTuningCapacitor,0.15811006106284922,0.15811006106284922
Gas5Flow,Heater4Temp,0.1572788986596483,0.1572788986596483
PlatenRFLoadCapacitor,PlatenRFLoadPower,0.15685111062063314,0.15685111062063314
HeliumBPPressure,PlatenRFLoadPower,0.15554947227212831,0.15554947227212831
Heater3Temp,Pressure,0.15518821112538367,0.15518821112538367
Gas2Flow,Gas5Flow,-0.15177608964634723,0.15177608964634723
HeliumBPPressure,PlatenDcBias,0.15081524491516812,0.15081524491516812
Gas1Flow,PlatenRFLoadCapacitor,0.15031913503262936,0.15031913503262936
HeliumBPPressure,PlatenRFTuningCapacitor,0.14871843836990958,0.14871843836990958
Heater3Temp,SourceRFPeakToPeak,-0.14828395458877666,0.14828395458877666
Gas5Flow,SourceRFReflectedPower,-0.1447191413954877,0.1447191413954877
HeliumBPFlow,moriInnerCurrent,-0.14138578895137724,0.14138578895137724
Gas2Flow,PlatenRFTuningCapacitor,-0.13945634352932246,0.13945634352932246
HeliumBPFlow,PlatenRFTuningCapacitor,-0.13939703469759593,0.13939703469759593
SourceRFLoadPower,SourceRFPeakToPeak,0.13852857117734765,0.13852857117734765
PlatenDcBias,SourceRFReflectedPower,-0.13597250570845215,0.13597250570845215
Heater2Temp,PlatenRFLoadPower,-0.13577040851097244,0.13577040851097244
ForeLinePressure,Gas2Flow,0.13461818955058522,0.13461818955058522
Gas4Flow,PlatenDcBias,0.1345238449552358,0.1345238449552358
PlatenRFTuningCapacitor,SourceRF2TuningCapacitor,-0.1342592183402731,0.1342592183402731
SourceRFPeakToPeak,moriInnerCurrent,-0.13410583586160987,0.13410583586160987
Gas2Flow,PlatenRFReflectedPower,0.13297021514363888,0.13297021514363888
Gas7Flow,PlatenRFReflectedPower,0.1313463044785463,0.1313463044785463
Heater2Temp,PlatenRFPeakToPeak,0.13092451763407353,0.13092451763407353
Gas5Flow,Heater3Temp,-0.129521133748503,0.129521133748503
Gas4Flow,SourceRFReflectedPower,0.12752744682845224,0.12752744682845224
Heater2Temp,Pressure,0.12752442595983224,0.12752442595983224
SourceRF2PeakToPeak,SourceRFLoadPower,-0.1272064327883916,0.1272064327883916
Gas1Flow,SourceRF2PeakToPeak,0.12469320664341595,0.12469320664341595
Gas4Flow,PlatenRFPeakToPeak,-0.12298061048473409,0.12298061048473409
PlatenRFPeakToPeak,SourceRF2TuningCapacitor,0.11953337552502723,0.11953337552502723
Gas5Flow,PlatenRFTuningCapacitor,-0.11940828218165896,0.11940828218165896
Gas2Flow,SourceRFReflectedPower,0.11930805187219908,0.11930805187219908
Gas1Flow,Heater3Temp,0.11811455277052407,0.11811455277052407
Heater3Temp,HeliumBPFlow,-0.11811257146541629,0.11811257146541629
PlatenRFLoadCapacitor,Pressure,-0.11608528382912607,0.11608528382912607
Heater1Temp,Pressure,0.11349599329491235,0.11349599329491235
Heater1Temp,Heater3Temp,0.11345615488873718,0.11345615488873718
Gas5Flow,Gas7Flow,-0.11161424354112337,0.11161424354112337
Gas2Flow,Gas4Flow,0.111356062397055,0.111356062397055
Heater3Temp,PlatenDcBias,0.10971281964942874,0.10971281964942874
Heater2Temp,SourceRF2PeakToPeak,0.1088951075906337,0.1088951075906337
SourceRF2TuningCapacitor,SourceRFPeakToPeak,0.10800547919892547,0.10800547919892547
PlatenRFReflectedPower,moriInnerCurrent,-0.10784024846792839,0.10784024846792839
PlatenDcBias,PlatenRFLoadCapacitor,0.10600925927614556,0.10600925927614556
Heater1Temp,PlatenRFLoadCapacitor,-0.10549716775643282,0.10549716775643282
Heater1Temp,SourceRF2TuningCapacitor,0.10443243757776646,0.10443243757776646
Gas1Flow,moriInnerCurrent,-0.1029757976554471,0.1029757976554471
Heater2Temp,PlatenRFTuningCapacitor,0.10164369904901809,0.10164369904901809
SourceRF2PeakToPeak,SourceRF2TuningCapacitor,-0.1011080709722316,0.1011080709722316
Gas7Flow,SourceRF2PeakToPeak,0.10101240165807772,0.10101240165807772
SourceRF2TuningCapacitor,moriInnerCurrent,0.0998146909054185,0.0998146909054185
Heater4Temp,PlatenRFLoadCapacitor,0.09699536070699769,0.09699536070699769
Heater3Temp,PlatenRFLoadCapacitor,-0.09669509031751566,0.09669509031751566
HeliumBPPressure,Pressure,0.09602291564310275,0.09602291564310275
Gas4Flow,Heater1Temp,-0.09503929788179509,0.09503929788179509
SourceRF2PeakToPeak,SourceRFReflectedPower,-0.09443099215881845,0.09443099215881845
HeliumBPFlow,Pressure,0.09295731389231483,0.09295731389231483
Gas5Flow,Heater1Temp,0.09247707092387679,0.09247707092387679
Heater1Temp,HeliumBPPressure,0.09239892632017624,0.09239892632017624
Gas1Flow,Gas7Flow,-0.09152737464358682,0.09152737464358682
PlatenRFPeakToPeak,Pressure,0.09118942145132354,0.09118942145132354
ForeLinePressure,SourceRF2TuningCapacitor,-0.09107857004983784,0.09107857004983784
Gas4Flow,moriInnerCurrent,-0.08992501172424074,0.08992501172424074
Gas7Flow,Heater1Temp,0.08988911581271833,0.08988911581271833
Gas1Flow,Heater1Temp,-0.08965812307375082,0.08965812307375082
SourceRF2TuningCapacitor,SourceRFReflectedPower,-0.0893942141980453,0.0893942141980453
HeliumBPPressure,PlatenRFLoadCapacitor,0.08795765514001623,0.08795765514001623
PlatenRFLoadCapacitor,PlatenRFPeakToPeak,0.08650935693855387,0.08650935693855387
Gas2Flow,SourceRFLoadPower,0.08480029820903022,0.08480029820903022
Gas7Flow,HeliumBPFlow,-0.08429487100781619,0.08429487100781619
Gas2Flow,Heater1Temp,-0.08013806185281049,0.08013806185281049
Pressure,SourceRFPeakToPeak,-0.07909299988850729,0.07909299988850729
Gas4Flow,Heater4Temp,-0.07760835696128668,0.07760835696128668
Gas4Flow,Heater3Temp,0.07760201037385261,0.07760201037385261
PlatenRFTuningCapacitor,Pressure,-0.07754463967236987,0.07754463967236987
Heater3Temp,SourceRF2PeakToPeak,0.07657000249602579,0.07657000249602579
PlatenRFLoadPower,moriInnerCurrent,-0.07535803182096555,0.07535803182096555
PlatenRFLoadCapacitor,moriInnerCurrent,0.07473024860314482,0.07473024860314482
PlatenDcBias,PlatenRFPeakToPeak,0.07281316869930499,0.07281316869930499
PlatenRFLoadPower,SourceRF2PeakToPeak,-0.07181172236046694,0.07181172236046694
Gas2Flow,PlatenRFLoadCapacitor,-0.07137698722110787,0.07137698722110787
Gas2Flow,SourceRF2PeakToPeak,-0.07068104965317731,0.07068104965317731
Gas7Flow,Heater2Temp,0.07052480952972982,0.07052480952972982
ForeLinePressure,PlatenDcBias,0.07025653605411022,0.07025653605411022
HeliumBPPressure,SourceRF2PeakToPeak,-0.06949591652133093,0.06949591652133093
PlatenRFLoadPower,PlatenRFPeakToPeak,-0.0685997824141307,0.0685997824141307
Heater1Temp,SourceRFReflectedPower,0.06829744427013085,0.06829744427013085
Gas7Flow,Pressure,0.06777153212521086,0.06777153212521086
Gas5Flow,PlatenRFLoadPower,-0.06774012105236367,0.06774012105236367
Pressure,moriInnerCurrent,0.06746167414636876,0.06746167414636876
Gas4Flow,HeliumBPFlow,0.06738315713322299,0.06738315713322299
Gas4Flow,PlatenRFLoadPower,0.06731583464922097,0.06731583464922097
Heater3Temp,HeliumBPPressure,0.06675994844364963,0.06675994844364963
ForeLinePressure,Gas4Flow,0.06668772252818105,0.06668772252818105
PlatenDcBias,PlatenRFReflectedPower,0.06635582408182525,0.06635582408182525
Gas1Flow,SourceRFPeakToPeak,0.06230559192652366,0.06230559192652366
Gas1Flow,PlatenDcBias,0.06151196190816865,0.06151196190816865
Heater1Temp,Heater4Temp,0.060777723035997114,0.060777723035997114
Heater1Temp,PlatenDcBias,0.05936645171640463,0.05936645171640463
Heater1Temp,Heater2Temp,0.05858723028632839,0.05858723028632839
ForeLinePressure,SourceRFLoadPower,0.05777356138426613,0.05777356138426613
Heater1Temp,SourceRFLoadPower,-0.05572488294118921,0.05572488294118921
Heater3Temp,PlatenRFReflectedPower,0.05522678180951224,0.05522678180951224
Gas7Flow,SourceRFReflectedPower,0.05311873997117767,0.05311873997117767
Gas5Flow,Heater2Temp,-0.05126304682692538,0.05126304682692538
PlatenDcBias,SourceRFLoadPower,-0.050742560902081214,0.050742560902081214
Gas1Flow,PlatenRFPeakToPeak,-0.049279827115135094,0.049279827115135094
HeliumBPPressure,SourceRFReflectedPower,0.04813708098734405,0.04813708098734405
Heater4Temp,SourceRF2TuningCapacitor,0.04806135989876392,0.04806135989876392
HeliumBPFlow,HeliumBPPressure,0.047847692061733525,0.047847692061733525
PlatenRFLoadPower,SourceRFReflectedPower,0.047358039031335106,0.047358039031335106
Gas5Flow,HeliumBPPressure,0.047123620253607376,0.047123620253607376
Gas7Flow,Heater4Temp,-0.04706955330994336,0.04706955330994336
Heater4Temp,moriInnerCurrent,0.04682017532198929,0.04682017532198929
PlatenDcBias,SourceRF2PeakToPeak,0.046781261860763694,0.046781261860763694
Heater4Temp,PlatenRFTuningCapacitor,-0.046612714639515454,0.046612714639515454
Heater4Temp,Pressure,0.04525218237485605,0.04525218237485605
ForeLinePressure,Heater1Temp,-0.0441775214975427,0.0441775214975427
HeliumBPFlow,SourceRF2PeakToPeak,-0.04277821174823098,0.04277821174823098
HeliumBPFlow,PlatenRFLoadPower,0.04214929901345185,0.04214929901345185
Heater3Temp,SourceRFReflectedPower,-0.04179440243665447,0.04179440243665447
PlatenRFLoadCapacitor,PlatenRFTuningCapacitor,-0.041638236631872654,0.041638236631872654
PlatenRFLoadCapacitor,SourceRFLoadPower,-0.041202578301050154,0.041202578301050154
Gas4Flow,SourceRF2PeakToPeak,0.03921128654165124,0.03921128654165124
SourceRFReflectedPower,moriInnerCurrent,0.037563673946458154,0.037563673946458154
Gas2Flow,Pressure,0.036782755701162954,0.036782755701162954
Gas7Flow,PlatenRFLoadPower,-0.0366743306221856,0.0366743306221856
PlatenRFPeakToPeak,PlatenRFReflectedPower,-0.036050922608199386,0.036050922608199386
Gas5Flow,SourceRF2PeakToPeak,-0.035697164687299325,0.035697164687299325
Gas5Flow,SourceRFPeakToPeak,0.03495819741872468,0.03495819741872468
Heater2Temp,SourceRF2TuningCapacitor,-0.03449668938694717,0.03449668938694717
SourceRF2PeakToPeak,SourceRFPeakToPeak,-0.03445147719562739,0.03445147719562739
Gas4Flow,HeliumBPPressure,-0.03439160832854842,0.03439160832854842
PlatenDcBias,SourceRF2TuningCapacitor,-0.03396225895329787,0.03396225895329787
Gas4Flow,Heater2Temp,-0.033874502661524766,0.033874502661524766
Gas5Flow,PlatenRFPeakToPeak,0.032925251010536234,0.032925251010536234
Gas2Flow,SourceRF2TuningCapacitor,-0.03175044685431299,0.03175044685431299
HeliumBPFlow,SourceRF2TuningCapacitor,0.03067135808164142,0.03067135808164142
Heater4Temp,SourceRF2PeakToPeak,0.028832431055780147,0.028832431055780147
PlatenRFTuningCapacitor,SourceRF2PeakToPeak,0.027631517521898696,0.027631517521898696
Heater4Temp,PlatenRFPeakToPeak,-0.026833519275608383,0.026833519275608383
Heater1Temp,PlatenRFReflectedPower,-0.026052290377177118,0.026052290377177118
Gas4Flow,SourceRFPeakToPeak,-0.023973270423713312,0.023973270423713312
Heater2Temp,SourceRFReflectedPower,-0.023720763559349052,0.023720763559349052
HeliumBPFlow,PlatenRFPeakToPeak,-0.02363491917800779,0.02363491917800779
Gas5Flow,moriInnerCurrent,0.022771506779472053,0.022771506779472053
ForeLinePressure,SourceRF2PeakToPeak,-0.02054414419798425,0.02054414419798425
Gas7Flow,HeliumBPPressure,0.018495634758712905,0.018495634758712905
Heater4Temp,HeliumBPPressure,0.017510022911487278,0.017510022911487278
HeliumBPPressure,SourceRFPeakToPeak,0.017380744768368907,0.017380744768368907
Heater1Temp,SourceRF2PeakToPeak,-0.017367163000503106,0.017367163000503106
ForeLinePressure,Gas5Flow,-0.017223055581368385,0.017223055581368385
Gas7Flow,SourceRF2TuningCapacitor,-0.016631833872971385,0.016631833872971385
ForeLinePressure,PlatenRFLoadPower,0.016278606011501082,0.016278606011501082
Pressure,SourceRF2PeakToPeak,0.015003963974760073,0.015003963974760073
Heater1Temp,PlatenRFLoadPower,-0.011653501082492253,0.011653501082492253
PlatenRFPeakToPeak,SourceRF2PeakToPeak,0.011358262557114942,0.011358262557114942
Gas4Flow,Gas7Flow,-0.011121698142850339,0.011121698142850339
Gas5Flow,HeliumBPFlow,0.011069905281927367,0.011069905281927367
Gas4Flow,PlatenRFTuningCapacitor,0.010421632755971924,0.010421632755971924
Heater2Temp,moriInnerCurrent,0.008914950588785345,0.008914950588785345
PlatenDcBias,moriInnerCurrent,-0.008022929549249883,0.008022929549249883
Gas2Flow,Heater3Temp,0.00645982774930809,0.00645982774930809
Heater3Temp,SourceRF2TuningCapacitor,-0.005469335289448137,0.005469335289448137
HeliumBPPressure,SourceRFLoadPower,0.004138899532543258,0.004138899532543258
PlatenDcBias,Pressure,-0.0030940601572734924,0.0030940601572734924
Heater3Temp,PlatenRFLoadPower,-0.0010877566118350835,0.0010877566118350835
PlatenDcBias,PlatenRFTuningCapacitor,-0.0007804676334100952,0.0007804676334100952
Heater1Temp,SourceRFPeakToPeak,9.160408079272681e-05,9.160408079272681e-05
