engineered_feature,feature_family,sensor_short,raw_sensor,description,is_effectively_constant_full_data_diagnostic
mean__EpdIntensity,mean,EpdIntensity,Stat3_Etch_MV_EpdIntensity,Main Active Process level,True
std__EpdIntensity,std,EpdIntensity,Stat3_Etch_MV_EpdIntensity,Within-window signal spread,True
robust_width__EpdIntensity,robust_width,EpdIntensity,Stat3_Etch_MV_EpdIntensity,P90 - P10 robust spread,True
late_minus_early__EpdIntensity,late_minus_early,EpdIntensity,Stat3_Etch_MV_EpdIntensity,Last 20% mean - first 20% mean,True
robust_width__Gas5Flow,robust_width,Gas5Flow,Stat3_Etch_MV_Gas5Flow,P90 - P10 robust spread,True
robust_width__SourceRF2PeakToPeak,robust_width,SourceRF2PeakToPeak,Stat3_Etch_MV_SourceRF2PeakToPeak,P90 - P10 robust spread,True
robust_width__SourceRF2TuningCapacitor,robust_width,SourceRF2TuningCapacitor,Stat3_Etch_MV_SourceRF2TuningCapacitor,P90 - P10 robust spread,True
mean__SourceRFTuningCapacitor,mean,SourceRFTuningCapacitor,Stat3_Etch_MV_SourceRFTuningCapacitor,Main Active Process level,True
std__SourceRFTuningCapacitor,std,SourceRFTuningCapacitor,Stat3_Etch_MV_SourceRFTuningCapacitor,Within-window signal spread,True
robust_width__SourceRFTuningCapacitor,robust_width,SourceRFTuningCapacitor,Stat3_Etch_MV_SourceRFTuningCapacitor,P90 - P10 robust spread,True
late_minus_early__SourceRFTuningCapacitor,late_minus_early,SourceRFTuningCapacitor,Stat3_Etch_MV_SourceRFTuningCapacitor,Last 20% mean - first 20% mean,True
