experiment_key,lot_number,wafer_number,actual_mean_si_etch,mean_baseline_pred,sequence_only_pred,process_only_pred,process_plus_sequence_pred,process_only_error,process_plus_sequence_error,process_only_abs_error,process_plus_sequence_abs_error
2024-07-02_01,1,1,44.28899101123595,43.66683396749679,44.158321109391466,44.244368317278045,44.36235343690506,-0.04462269395790486,0.07336242566911011,0.04462269395790486,0.07336242566911011
2024-07-02_02,1,2,44.038886516853935,43.66683396749679,44.03994463314244,44.106887670320866,44.03216994969919,0.06800115346693048,-0.006716567154747111,0.06800115346693048,0.006716567154747111
2024-07-02_03,1,3,44.149623595505616,43.66683396749679,43.92156815689342,44.189158626822454,44.218236172808176,0.03953503131683789,0.06861257730255943,0.03953503131683789,0.06861257730255943
2024-07-02_04,1,4,43.90529550561798,43.66683396749679,43.803191680644396,43.928618011514665,43.978612626750056,0.023322505896686607,0.073317121132078,0.023322505896686607,0.073317121132078
2024-07-02_05,1,5,43.42659101123596,43.66683396749679,43.68481520439538,43.40184284593858,43.50015937444454,-0.024748165297381775,0.07356836320857951,0.024748165297381775,0.07356836320857951
2024-07-02_06,1,6,43.584064044943815,43.66683396749679,43.56643872814635,43.58929269228756,43.6027987565895,0.0052286473437419545,0.018734711645684854,0.0052286473437419545,0.018734711645684854
2024-07-02_08,1,8,43.09692808988764,43.66683396749679,43.32968577564831,43.19478262566102,43.13956452490858,0.09785453577337933,0.04263643502093828,0.09785453577337933,0.04263643502093828
2024-07-02_09,1,9,43.339929213483146,43.66683396749679,43.21130929939929,43.41646275901813,43.39092703148251,0.07653354553498559,0.050997817999366646,0.07653354553498559,0.050997817999366646
2024-07-02_10,1,10,43.28435730337079,43.66683396749679,43.09293282315027,43.40019052515575,43.30241624869706,0.11583322178496047,0.01805894532626695,0.11583322178496047,0.01805894532626695
2024-07-05_01,2,1,44.20857078651686,43.685722784981266,44.164403524554835,44.142454381789165,44.12804776999706,-0.06611640472769409,-0.08052301651979832,0.06611640472769409,0.08052301651979832
2024-07-05_02,2,2,44.20844943820225,43.685722784981266,44.0484498050308,44.19109303463464,44.20169855843015,-0.017356403567610812,-0.006750879772098983,0.017356403567610812,0.006750879772098983
2024-07-05_03,2,3,43.95148597898877,43.685722784981266,43.93249608550677,43.989400878289715,43.9903796689341,0.037914899300943716,0.038893689945325605,0.037914899300943716,0.038893689945325605
2024-07-05_04,2,4,43.42695056179775,43.685722784981266,43.81654236598274,43.47680355157828,43.46754010467145,0.04985298978052555,0.04058954287369687,0.04985298978052555,0.04058954287369687
2024-07-05_05,2,5,43.54600561797753,43.685722784981266,43.70058864645871,43.711865501771804,43.70177581580586,0.16585988379427619,0.1557701978283319,0.16585988379427619,0.1557701978283319
2024-07-05_06,2,6,43.41621348314607,43.685722784981266,43.584634926934676,43.50158448987958,43.50308085153479,0.08537100673351006,0.08686736838871667,0.08537100673351006,0.08686736838871667
2024-07-05_07,2,7,43.29778764044944,43.685722784981266,43.46868120741065,43.45075189162316,43.40794942976928,0.1529642511737208,0.11016178931983944,0.1529642511737208,0.11016178931983944
2024-07-05_08,2,8,42.96067191011236,43.685722784981266,43.35272748788662,43.11228178371322,43.02989821276052,0.15160987360086153,0.06922630264816121,0.15160987360086153,0.06922630264816121
2024-07-05_09,2,9,43.18773370786516,43.685722784981266,43.23677376836258,43.26476833595391,43.22075303537094,0.07703462808874662,0.03301932750577663,0.07703462808874662,0.03301932750577663
2024-07-05_10,2,10,43.10430337078652,43.685722784981266,43.12082004883855,43.26307499174261,43.17242668528466,0.1587716209560952,0.0681233144981448,0.1587716209560952,0.0681233144981448
2024-07-09_01,3,1,44.18354494382022,43.65609868077211,44.14962645817899,44.30161864642906,44.262107842381184,0.11807370260883943,0.07856289856096055,0.11807370260883943,0.07856289856096055
2024-07-09_02,3,2,43.90555393258427,43.65609868077211,44.030076251229495,44.010806336160975,44.03900767273761,0.1052524035767064,0.13345374015334244,0.1052524035767064,0.13345374015334244
2024-07-09_03,3,3,44.266009562584266,43.65609868077211,43.910526044280004,44.03845265423179,44.12931826605093,-0.22755690835247577,-0.13669129653333556,0.22755690835247577,0.13669129653333556
2024-07-09_04,3,4,44.079486308876405,43.65609868077211,43.790975837330514,43.887706225371886,43.916544755932456,-0.19178008350451847,-0.1629415529439484,0.19178008350451847,0.1629415529439484
2024-07-09_05,3,5,43.97683269134832,43.65609868077211,43.671425630381016,43.96100174614506,44.0055931934091,-0.01583094520326256,0.02876050206077707,0.01583094520326256,0.02876050206077707
2024-07-09_06,3,6,43.70646829337079,43.65609868077211,43.551875423431525,43.53957530912892,43.62701636765264,-0.16689298424186916,-0.0794519257181534,0.16689298424186916,0.0794519257181534
2024-07-09_07,3,7,43.58551297651685,43.65609868077211,43.432325216482035,43.39982208796971,43.466438988906845,-0.18569088854714266,-0.1190739876100082,0.18569088854714266,0.1190739876100082
2024-07-09_08,3,8,43.50429716483146,43.65609868077211,43.31277500953254,43.39718200300915,43.395939048243456,-0.10711516182231406,-0.10835811658800765,0.10711516182231406,0.10835811658800765
2024-07-09_09,3,9,43.42807412224719,43.65609868077211,43.193224802583046,43.30721236025173,43.30868256573931,-0.12086176199545662,-0.11939155650787825,0.12086176199545662,0.11939155650787825
2024-07-09_10,3,10,42.98307262797753,43.65609868077211,43.07367459563355,42.934383263115194,42.85387567006077,-0.04868936486233366,-0.12919695791675423,0.04868936486233366,0.12919695791675423
2024-07-11_01,4,1,44.30630482640449,43.660381705249215,44.13108956871353,44.235517088892195,44.217099602068394,-0.07078773751229761,-0.0892052243360979,0.07078773751229761,0.0892052243360979
2024-07-11_02,4,2,44.36490342820225,43.660381705249215,44.017067167004775,44.1691302927715,44.244956959828706,-0.19577313543074837,-0.11994646837354139,0.19577313543074837,0.11994646837354139
2024-07-11_03,4,3,44.32450595134832,43.660381705249215,43.90304476529603,44.3008986053836,44.238067441223464,-0.02360734596472014,-0.08643851012485726,0.02360734596472014,0.08643851012485726
2024-07-11_04,4,4,43.998570636404494,43.660381705249215,43.789022363587286,43.78010620950505,43.83092245989289,-0.21846442689944467,-0.16764817651160513,0.21846442689944467,0.16764817651160513
2024-07-11_05,4,5,43.92957708887641,43.660381705249215,43.67499996187854,43.88221071551955,43.954202424307375,-0.04736637335685856,0.024625335430968676,0.04736637335685856,0.024625335430968676
2024-07-11_06,4,6,43.64391731,43.660381705249215,43.56097756016979,43.565669305773504,43.61371064780598,-0.07824800422649503,-0.030206662194018463,0.07824800422649503,0.030206662194018463
2024-07-11_07,4,7,43.214110956853936,43.660381705249215,43.446955158461044,43.1390297601274,43.14085974034602,-0.07508119672653635,-0.07325121650791289,0.07508119672653635,0.07325121650791289
2024-07-11_08,4,8,43.135930337078655,43.660381705249215,43.3329327567523,43.053166277100765,43.056991131961105,-0.08276405997789027,-0.0789392051175497,0.08276405997789027,0.0789392051175497
2024-07-11_09,4,9,42.94292808988764,43.660381705249215,43.218910355043555,43.04239641235274,42.9813331346772,0.09946832246509985,0.03840504478956319,0.09946832246509985,0.03840504478956319
2024-07-11_10,4,10,43.42402808988764,43.660381705249215,43.1048879533348,43.515207131857544,43.40702396724863,0.09117904196990168,-0.017004122639015407,0.09117904196990168,0.017004122639015407
2024-07-19_01,5,1,44.31420112359551,43.69209964561222,44.1818512675082,44.04413146978243,44.15851093122516,-0.27006965381308135,-0.15569019237035064,0.27006965381308135,0.15569019237035064
2024-07-19_02,5,2,43.71237640449438,43.69209964561222,44.063215781458865,43.66035260057136,43.703311411174035,-0.05202380392302075,-0.009064993320343717,0.05202380392302075,0.009064993320343717
2024-07-19_03,5,3,43.85850112359551,43.69209964561222,43.94458029540952,43.9463137238411,43.99055010056759,0.08781260024559145,0.1320489769720794,0.08781260024559145,0.1320489769720794
2024-07-19_04,5,4,43.35476853932584,43.69209964561222,43.82594480936019,43.419269284514286,43.47541487364187,0.06450074518844673,0.120646334316028,0.06450074518844673,0.120646334316028
2024-07-19_05,5,5,43.50141797752809,43.69209964561222,43.70730932331085,43.49226552084599,43.56803519195401,-0.009152456682102184,0.06661721442591784,0.009152456682102184,0.06661721442591784
2024-07-19_06,5,6,43.371765168539326,43.69209964561222,43.58867383726152,43.548056644184975,43.555342918160584,0.17629147564564818,0.18357774962125717,0.17629147564564818,0.18357774962125717
2024-07-19_07,5,7,43.26722436393258,43.69209964561222,43.47003835121218,43.34947841981309,43.40382179060928,0.0822540558805116,0.13659742667670116,0.0822540558805116,0.13659742667670116
2024-07-19_08,5,8,43.17212696629213,43.69209964561222,43.35140286516284,43.3723879133847,43.27836106281435,0.20026094709256625,0.10623409652221483,0.20026094709256625,0.10623409652221483
2024-07-19_09,5,9,43.233769856629216,43.69209964561222,43.232767379113504,43.38340594884508,43.31469586823617,0.14963609221586438,0.08092601160695523,0.14963609221586438,0.08092601160695523
2024-07-19_10,5,10,43.02462584269663,43.69209964561222,43.11413189306417,43.065881048841625,43.033058879311334,0.04125520614499578,0.008433036614704292,0.04125520614499578,0.008433036614704292
2024-08-01_01,6,1,43.75222247191011,43.68229690657879,44.174592217520946,44.03185517105968,43.896278171182715,0.2796326991495732,0.14405569927260586,0.2796326991495732,0.14405569927260586
2024-08-01_02,6,2,44.195029213483146,43.68229690657879,44.05534055834862,44.20416701888428,44.17776773949557,0.009137805401131516,-0.01726147398757405,0.009137805401131516,0.01726147398757405
2024-08-01_03,6,3,44.066997752808994,43.68229690657879,43.9360888991763,43.98303009471803,43.98399847801684,-0.08396765809096252,-0.08299927479215796,0.08396765809096252,0.08299927479215796
2024-08-01_04,6,4,43.89461797752809,43.68229690657879,43.81683724000398,43.81103968596516,43.861950685361705,-0.08357829156292951,-0.032667292166387085,0.08357829156292951,0.032667292166387085
2024-08-01_05,6,5,43.69129550561797,43.68229690657879,43.69758558083165,43.622100858864925,43.733877417804685,-0.0691946467530471,0.042581912186712145,0.0691946467530471,0.042581912186712145
2024-08-01_06,6,6,43.231184269662926,43.68229690657879,43.57833392165933,43.241174820999746,43.32646699667182,0.00999055133681992,0.09528272700889318,0.00999055133681992,0.09528272700889318
2024-08-01_07,6,7,42.97732808988764,43.68229690657879,43.459082262487,43.1658940324785,43.177736050324555,0.18856594259085568,0.20040796043691245,0.18856594259085568,0.20040796043691245
2024-08-01_08,6,8,43.32931011235955,43.68229690657879,43.33983060331468,43.393853315554324,43.411303512021604,0.06454320319477347,0.08199339966205343,0.06454320319477347,0.08199339966205343
2024-08-01_09,6,9,43.23398539325843,43.68229690657879,43.22057894414236,43.26845054631724,43.25711180158265,0.03446515305881093,0.023126408324223746,0.03446515305881093,0.023126408324223746
2024-08-01_10,6,10,43.2034202247191,43.68229690657879,43.10132728497003,43.20243207008723,43.23356828657295,-0.0009881546318766254,0.030148061853843444,0.0009881546318766254,0.030148061853843444
2024-08-05_01,7,1,43.83111460674157,43.664385999653334,44.18533450002661,44.03968297118479,44.12311510440838,0.20856836444321658,0.29200049766680536,0.20856836444321658,0.29200049766680536
2024-08-05_02,7,2,44.11084831460674,43.664385999653334,44.06397717891693,44.106045979926705,44.10747106113772,-0.004802334680036324,-0.0033772534690186262,0.004802334680036324,0.0033772534690186262
2024-08-05_03,7,3,43.68900561797753,43.664385999653334,43.942619857807244,43.53422768070911,43.569560031920815,-0.15477793726842037,-0.11944558605671318,0.15477793726842037,0.11944558605671318
2024-08-05_04,7,4,43.76099325842696,43.664385999653334,43.82126253669756,43.707458495121514,43.70043714167099,-0.05353476330544282,-0.0605561167559685,0.05353476330544282,0.0605561167559685
2024-08-05_05,7,5,43.5520786516854,43.664385999653334,43.699905215587876,43.57608146661091,43.63566561638057,0.024002814925509597,0.08358696469517213,0.024002814925509597,0.08358696469517213
2024-08-05_06,7,6,43.370857303370784,43.664385999653334,43.57854789447819,43.48552834114114,43.42093079424875,0.11467103777035703,0.05007349087796342,0.11467103777035703,0.05007349087796342
2024-08-07_01,8,1,43.74446306921348,43.6750791720412,44.19919544331984,43.94651060752024,43.92312788015271,0.2020475383067577,0.1786648109392317,0.2020475383067577,0.1786648109392317
2024-08-07_02,8,2,43.896177528089886,43.6750791720412,44.07223560120887,43.979140624310645,43.90225248470367,0.08296309622075881,0.006074956613787208,0.08296309622075881,0.006074956613787208
2024-08-07_03,8,3,43.71542808988764,43.6750791720412,43.94527575909789,43.7441434232791,43.70938369894293,0.028715333391460263,-0.006044390944708766,0.028715333391460263,0.006044390944708766
2024-08-07_04,8,4,43.83268764044944,43.6750791720412,43.81831591698692,43.817649512160564,43.82707180846757,-0.015038128288878738,-0.005615831981870656,0.015038128288878738,0.005615831981870656
2024-08-07_05,8,5,43.646195505617975,43.6750791720412,43.69135607487594,43.68071564531122,43.659344552775266,0.03452013969324241,0.013149047157291704,0.03452013969324241,0.013149047157291704
2024-08-07_06,8,6,43.50728202247191,43.6750791720412,43.56439623276497,43.55656833325112,43.55704129629351,0.049286310779208975,0.04975927382159995,0.049286310779208975,0.04975927382159995
2024-08-07_07,8,7,43.40571685393258,43.6750791720412,43.43743639065399,43.40966341438534,43.38837748375815,0.00394656045276065,-0.0173393701744331,0.00394656045276065,0.0173393701744331
2024-08-07_08,8,8,43.69908426966292,43.6750791720412,43.31047654854302,43.9565764637733,43.67070483653639,0.2574921941103838,-0.02837943312653124,0.2574921941103838,0.02837943312653124
2024-08-07_09,8,9,43.47381460674157,43.6750791720412,43.183516706432044,43.69983884048951,43.451899601408876,0.22602423374794256,-0.021915005332694193,0.22602423374794256,0.021915005332694193
2024-08-07_10,8,10,43.21752471910112,43.6750791720412,43.056556864321074,43.793077007492506,43.49747281578362,0.5755522883913855,0.2799480966824959,0.5755522883913855,0.2799480966824959
2024-08-21_01,9,1,44.29168651685393,43.652259298175224,44.1423196065474,44.362549128287604,44.2823387746159,0.07086261143367523,-0.009347742238027479,0.07086261143367523,0.009347742238027479
2024-08-21_02,9,2,44.376304494382026,43.652259298175224,44.025002138785574,44.50008486037688,44.37587939767718,0.12378036599485398,-0.00042509670484491835,0.12378036599485398,0.00042509670484491835
2024-08-21_03,9,3,44.198883146067416,43.652259298175224,43.90768467102375,44.18506320293337,44.142221774960724,-0.013819943134045332,-0.056661371106692116,0.013819943134045332,0.056661371106692116
2024-08-21_04,9,4,43.97901235955056,43.652259298175224,43.79036720326193,43.94909294924091,43.98216862681872,-0.029919410309652505,0.0031562672681602066,0.029919410309652505,0.0031562672681602066
2024-08-21_05,9,5,43.78194831460674,43.652259298175224,43.6730497355001,43.75433727926946,43.80932922495101,-0.027611035337280043,0.02738091034427015,0.027611035337280043,0.02738091034427015
2024-08-21_06,9,6,43.35196179775281,43.652259298175224,43.55573226773828,43.372212179032,43.40283692444171,0.02025038127919032,0.05087512668890071,0.02025038127919032,0.05087512668890071
2024-08-21_07,9,7,43.514860674157305,43.652259298175224,43.43841479997646,43.61898636390583,43.60218136741414,0.10412568974852832,0.08732069325683511,0.10412568974852832,0.08732069325683511
2024-08-21_08,9,8,43.43098426966292,43.652259298175224,43.321097332214634,43.52476391547836,43.538267286414424,0.09377964581543807,0.1072830167515022,0.09377964581543807,0.1072830167515022
2024-08-21_10,9,10,43.34042359550562,43.652259298175224,43.08646239669098,43.38051920496506,43.2751397814199,0.040095609459442016,-0.06528381408571704,0.040095609459442016,0.06528381408571704
2024-08-22_01,10,1,44.3370988764045,43.64799968727929,44.151074251325284,44.22896084220983,44.30636256604213,-0.10813803419466694,-0.03073631036236435,0.10813803419466694,0.03073631036236435
2024-08-22_02,10,2,44.01008764044944,43.64799968727929,44.034015349996025,43.96314313105975,43.90909199425738,-0.046944509389689415,-0.10099564619206092,0.046944509389689415,0.10099564619206092
2024-08-22_03,10,3,44.15319438202248,43.64799968727929,43.91695644866676,44.045950181522095,44.02639452428303,-0.10724420050038219,-0.12679985773944935,0.10724420050038219,0.12679985773944935
2024-08-22_04,10,4,43.86219509404494,43.64799968727929,43.7998975473375,43.814665398072634,43.83246586507408,-0.04752969597230816,-0.02972922897086505,0.04752969597230816,0.02972922897086505
