feature,coefficient_standardized,abs_coefficient
robust_width__PlatenRFTuningCapacitor,0.1595868181908319,0.1595868181908319
mean__PlatenRFTuningCapacitor,-0.10487389513439892,0.10487389513439892
main_active_duration,0.09182229928895679,0.09182229928895679
robust_width__PlatenRFReflectedPower,-0.09082686883700289,0.09082686883700289
std__ForeLinePressure,-0.075883840003254,0.075883840003254
mean__Heater2Temp,0.05976881939487317,0.05976881939487317
std__SourceRFReflectedPower,-0.056837601423581206,0.056837601423581206
mean__SourceRFLoadPower,0.04793961325675368,0.04793961325675368
std__SourceRFPeakToPeak,0.04177387341512599,0.04177387341512599
late_minus_early__PlatenRFLoadCapacitor,-0.03816232997456433,0.03816232997456433
mean__PlatenRFLoadPower,-0.03504478117319381,0.03504478117319381
std__PlatenRFPeakToPeak,-0.02664929037920695,0.02664929037920695
mean__PlatenRFReflectedPower,0.026408621429475726,0.026408621429475726
robust_width__Gas2Flow,0.02620210628428957,0.02620210628428957
late_minus_early__Gas4Flow,0.025229360106530627,0.025229360106530627
mean__PlatenRFPeakToPeak,-0.02383774236920913,0.02383774236920913
std__Gas7Flow,-0.023547351380059436,0.023547351380059436
std__HeliumBPFlow,0.020048087285280344,0.020048087285280344
late_minus_early__Heater4Temp,-0.01950658883955222,0.01950658883955222
mean__SourceRFReflectedPower,-0.01936052472250838,0.01936052472250838
mean__ForeLinePressure,0.01896946591951113,0.01896946591951113
late_minus_early__Gas7Flow,0.0183243099056223,0.0183243099056223
robust_width__moriInnerCurrent,0.01597028754664301,0.01597028754664301
late_minus_early__SourceRF2PeakToPeak,-0.014236529596453934,0.014236529596453934
late_minus_early__moriInnerCurrent,-0.013887925534684212,0.013887925534684212
robust_width__SourceRFPeakToPeak,0.013271703590837248,0.013271703590837248
robust_width__HeliumBPPressure,-0.012664323093299793,0.012664323093299793
late_minus_early__Pressure,-0.012130243449201482,0.012130243449201482
late_minus_early__Heater2Temp,-0.01179831307848237,0.01179831307848237
mean__PlatenDcBias,-0.011790949771823017,0.011790949771823017
robust_width__Gas4Flow,-0.009393299766931823,0.009393299766931823
late_minus_early__HeliumBPFlow,0.008978791254737361,0.008978791254737361
late_minus_early__Gas5Flow,-0.008314894853570795,0.008314894853570795
robust_width__ForeLinePressure,-0.00773783598842689,0.00773783598842689
std__PlatenRFLoadPower,0.006493881033191723,0.006493881033191723
std__Heater4Temp,0.006259973357540247,0.006259973357540247
std__Pressure,-0.005734781305939816,0.005734781305939816
std__HeliumBPPressure,-0.00552189849926652,0.00552189849926652
mean__Heater1Temp,-0.005444860362522935,0.005444860362522935
late_minus_early__ForeLinePressure,-0.0052223530974985855,0.0052223530974985855
late_minus_early__Gas2Flow,0.005208615930103889,0.005208615930103889
std__Heater3Temp,0.005195829786771993,0.005195829786771993
std__PlatenRFTuningCapacitor,0.004932234552567741,0.004932234552567741
robust_width__Heater1Temp,-0.00466904693908269,0.00466904693908269
robust_width__Gas7Flow,0.003948221347440082,0.003948221347440082
robust_width__SourceRFLoadPower,-0.003087858498636948,0.003087858498636948
mean__SourceRF2PeakToPeak,0.0021598165404211156,0.0021598165404211156
mean__Heater4Temp,0.001884146314127311,0.001884146314127311
robust_width__Gas1Flow,0.00171689729126356,0.00171689729126356
late_minus_early__PlatenRFPeakToPeak,0.001489876810937997,0.001489876810937997
std__Gas2Flow,0.0013604909964835322,0.0013604909964835322
std__Heater2Temp,0.0013601562897166467,0.0013601562897166467
late_minus_early__Heater1Temp,-0.0006603214060428052,0.0006603214060428052
late_minus_early__PlatenRFReflectedPower,0.0003789170360210348,0.0003789170360210348
mean__Heater3Temp,0.0,0.0
robust_width__Heater2Temp,0.0,0.0
mean__Gas7Flow,0.0,0.0
std__Heater1Temp,-0.0,0.0
mean__Gas2Flow,0.0,0.0
late_minus_early__Gas1Flow,0.0,0.0
std__Gas1Flow,-0.0,0.0
mean__Gas1Flow,0.0,0.0
std__Gas5Flow,-0.0,0.0
mean__Gas4Flow,-0.0,0.0
std__Gas4Flow,-0.0,0.0
mean__Gas5Flow,0.0,0.0
std__PlatenRFReflectedPower,0.0,0.0
robust_width__PlatenRFPeakToPeak,0.0,0.0
late_minus_early__PlatenRFLoadPower,0.0,0.0
robust_width__PlatenRFLoadPower,0.0,0.0
std__PlatenRFLoadCapacitor,-0.0,0.0
mean__PlatenRFLoadCapacitor,0.0,0.0
late_minus_early__PlatenDcBias,-0.0,0.0
robust_width__PlatenRFLoadCapacitor,0.0,0.0
robust_width__PlatenDcBias,-0.0,0.0
robust_width__Heater4Temp,-0.0,0.0
late_minus_early__Heater3Temp,-0.0,0.0
robust_width__Heater3Temp,0.0,0.0
mean__HeliumBPPressure,-0.0,0.0
robust_width__HeliumBPFlow,0.0,0.0
late_minus_early__HeliumBPPressure,-0.0,0.0
std__PlatenDcBias,0.0,0.0
mean__HeliumBPFlow,0.0,0.0
late_minus_early__SourceRF2TuningCapacitor,-0.0,0.0
mean__SourceRF2TuningCapacitor,0.0,0.0
std__SourceRF2TuningCapacitor,-0.0,0.0
robust_width__Pressure,0.0,0.0
mean__Pressure,-0.0,0.0
late_minus_early__PlatenRFTuningCapacitor,0.0,0.0
std__SourceRF2PeakToPeak,0.0,0.0
late_minus_early__SourceRFPeakToPeak,-0.0,0.0
mean__SourceRFPeakToPeak,0.0,0.0
std__SourceRFLoadPower,0.0,0.0
late_minus_early__SourceRFLoadPower,-0.0,0.0
late_minus_early__SourceRFReflectedPower,0.0,0.0
robust_width__SourceRFReflectedPower,-0.0,0.0
std__moriInnerCurrent,-0.0,0.0
mean__moriInnerCurrent,-0.0,0.0
