outer_fold,test_lot,n_test,feature_set,model,params,inner_selected_rmse,outer_rmse,outer_mae
1,1,9,Base,ElasticNet,"{""alpha"": 0.01, ""l1_ratio"": 0.1}",0.13021375089039888,0.05376730296536091,0.04733388493992566
2,2,10,Base,ElasticNet,"{""alpha"": 0.01, ""l1_ratio"": 0.9}",0.13262661882508778,0.080099324384974,0.06899254292998905
3,3,10,Base,ElasticNet,"{""alpha"": 0.01, ""l1_ratio"": 0.5}",0.09691122816102923,0.1154220770261229,0.10958825345931658
4,4,10,Base,ElasticNet,"{""alpha"": 0.01, ""l1_ratio"": 0.5}",0.10571944064810494,0.08532428171797984,0.072566996602513
5,5,10,Base,ElasticNet,"{""alpha"": 0.01, ""l1_ratio"": 0.9}",0.11180069384416856,0.11446283218630313,0.09998360324465523
6,6,10,Base,ElasticNet,"{""alpha"": 0.01, ""l1_ratio"": 0.9}",0.11983466964872641,0.09392979105295918,0.07505242096913634
7,7,6,Base,ElasticNet,"{""alpha"": 0.01, ""l1_ratio"": 0.9}",0.11793864512299503,0.1370548083428108,0.10150665158694021
8,8,10,Base,ElasticNet,"{""alpha"": 0.01, ""l1_ratio"": 0.5}",0.139630216080434,0.10706643967484064,0.06068902167746444
9,9,9,Base,ElasticNet,"{""alpha"": 0.01, ""l1_ratio"": 0.9}",0.12345497473686225,0.05777595837326566,0.045303782049438884
10,10,4,Base,ElasticNet,"{""alpha"": 0.01, ""l1_ratio"": 0.9}",0.12296117677792104,0.08382552162436904,0.07206526081618492
