feature,nonzero_folds,positive_folds,negative_folds,median_coefficient,median_abs_coefficient,coefficient_min,coefficient_max,sign_consistency,coefficient_standardized,abs_coefficient
robust_width__PlatenRFTuningCapacitor,10,10,0,0.15537891100459156,0.15537891100459156,0.1220263820380743,0.16962851455690003,1.0,0.1595868181908319,0.1595868181908319
mean__PlatenRFTuningCapacitor,10,0,10,-0.10121959607330766,0.10121959607330766,-0.12291484807490105,-0.08279274474314284,1.0,-0.1048738951343989,0.1048738951343989
main_active_duration,10,10,0,0.0931682445359183,0.0931682445359183,0.061561421903590735,0.10213343007115884,1.0,0.0918222992889567,0.0918222992889567
robust_width__PlatenRFReflectedPower,10,0,10,-0.09098317504632061,0.09098317504632061,-0.1035448896259603,-0.06385552307507746,1.0,-0.0908268688370028,0.0908268688370028
std__ForeLinePressure,10,0,10,-0.0743554878801302,0.0743554878801302,-0.0926979894499444,-0.041454466283352906,1.0,-0.075883840003254,0.075883840003254
mean__Heater2Temp,10,10,0,0.06009846869600559,0.06009846869600559,0.031750368736110306,0.07410316840854236,1.0,0.0597688193948731,0.0597688193948731
std__SourceRFReflectedPower,10,0,10,-0.05640675175152558,0.05640675175152558,-0.06821206536935605,-0.018517303003588097,1.0,-0.0568376014235812,0.0568376014235812
mean__SourceRFLoadPower,10,10,0,0.05000596995445618,0.05000596995445618,0.025858106889204594,0.06328662704056419,1.0,0.0479396132567536,0.0479396132567536
std__SourceRFPeakToPeak,10,10,0,0.03924788386006324,0.03924788386006324,0.0286992706723035,0.05393189534317568,1.0,0.0417738734151259,0.0417738734151259
late_minus_early__PlatenRFLoadCapacitor,10,0,10,-0.03444672791712415,0.03444672791712415,-0.05349792218143852,-0.021602871181848372,1.0,-0.0381623299745643,0.0381623299745643
mean__PlatenRFLoadPower,10,0,10,-0.034287914280233325,0.034287914280233325,-0.03824269857596588,-0.01840055373998888,1.0,-0.0350447811731938,0.0350447811731938
std__PlatenRFPeakToPeak,10,0,10,-0.022758782615798726,0.022758782615798726,-0.03481541831476644,-0.014549952501560066,1.0,-0.0266492903792069,0.0266492903792069
mean__PlatenRFReflectedPower,10,10,0,0.02362730170317032,0.02362730170317032,0.009823759977718503,0.03098702360259882,1.0,0.0264086214294757,0.0264086214294757
robust_width__Gas2Flow,10,10,0,0.025768390297854098,0.025768390297854098,0.00845116265675695,0.034694433478258534,1.0,0.0262021062842895,0.0262021062842895
late_minus_early__Gas4Flow,10,10,0,0.02095158331304537,0.02095158331304537,0.004032490141463367,0.03529091686988427,1.0,0.0252293601065306,0.0252293601065306
mean__PlatenRFPeakToPeak,10,0,10,-0.02462945861808783,0.02462945861808783,-0.032076548593102765,-0.013713869609141711,1.0,-0.0238377423692091,0.0238377423692091
std__Gas7Flow,10,0,10,-0.02359566308081939,0.02359566308081939,-0.03467543393045715,-0.001970180399327692,1.0,-0.0235473513800594,0.0235473513800594
std__HeliumBPFlow,10,10,0,0.014893895213094348,0.014893895213094348,0.012062600908977122,0.02538685474944711,1.0,0.0200480872852803,0.0200480872852803
late_minus_early__Heater4Temp,10,0,10,-0.02036064804901299,0.02036064804901299,-0.029715747396022424,-0.0013551043990269913,1.0,-0.0195065888395522,0.0195065888395522
mean__SourceRFReflectedPower,10,0,10,-0.018569902768895058,0.018569902768895058,-0.0379091616926136,-0.005376016294628288,1.0,-0.0193605247225083,0.0193605247225083
mean__ForeLinePressure,10,10,0,0.01878194164711877,0.01878194164711877,0.0022868734489473385,0.0262415912943481,1.0,0.0189694659195111,0.0189694659195111
late_minus_early__Gas7Flow,10,10,0,0.018807794954063244,0.018807794954063244,0.0055022479551135525,0.03444120266858088,1.0,0.0183243099056223,0.0183243099056223
robust_width__moriInnerCurrent,10,10,0,0.01647558067149308,0.01647558067149308,0.008377196160239384,0.020999434004586398,1.0,0.015970287546643,0.015970287546643
late_minus_early__SourceRF2PeakToPeak,10,0,10,-0.012457177744001919,0.012457177744001919,-0.023923020479911312,-0.008995824932873773,1.0,-0.0142365295964539,0.0142365295964539
late_minus_early__moriInnerCurrent,10,0,10,-0.012335098359985457,0.012335098359985457,-0.018365812641984544,-0.005079090858842037,1.0,-0.0138879255346842,0.0138879255346842
robust_width__SourceRFPeakToPeak,9,9,0,0.017095295703800428,0.017095295703800428,0.0,0.03196139834666099,1.0,0.0132717035908372,0.0132717035908372
robust_width__HeliumBPPressure,9,0,9,-0.012989152941752242,0.012989152941752242,-0.019089947308152097,-0.0,1.0,-0.0126643230932997,0.0126643230932997
late_minus_early__Pressure,7,0,7,-0.006332316848314906,0.006332316848314906,-0.013439981629928273,-0.0,1.0,-0.0121302434492014,0.0121302434492014
late_minus_early__Heater2Temp,9,0,9,-0.01418289690136602,0.01418289690136602,-0.021364239758414148,-0.0,1.0,-0.0117983130784823,0.0117983130784823
mean__PlatenDcBias,9,0,9,-0.010834195141584449,0.010834195141584449,-0.01688103075875614,0.0,1.0,-0.011790949771823,0.011790949771823
robust_width__Gas4Flow,10,0,10,-0.00891368668988694,0.00891368668988694,-0.014958546041498218,-0.0015435982749197345,1.0,-0.0093932997669318,0.0093932997669318
late_minus_early__HeliumBPFlow,8,8,0,0.010443058180252065,0.010443058180252065,0.0,0.021263180837995527,1.0,0.0089787912547373,0.0089787912547373
late_minus_early__Gas5Flow,8,0,8,-0.008837706177636972,0.008837706177636972,-0.023511542234098605,-0.0,1.0,-0.0083148948535707,0.0083148948535707
robust_width__ForeLinePressure,7,0,7,-0.005798329783879374,0.005798329783879374,-0.014878181489374517,-0.0,1.0,-0.0077378359884268,0.0077378359884268
std__PlatenRFLoadPower,7,7,0,0.00850370683347518,0.00850370683347518,-0.0,0.012908388136094044,1.0,0.0064938810331917,0.0064938810331917
std__Heater4Temp,10,9,1,0.006451423552966025,0.008590712691563248,-0.011655423720934572,0.017302281754304115,0.9,0.0062599733575402,0.0062599733575402
std__Pressure,8,0,8,-0.007889491586380378,0.007889491586380378,-0.027344561699151067,-0.0,1.0,-0.0057347813059398,0.0057347813059398
std__HeliumBPPressure,5,0,5,-0.0011227019658566607,0.0011227019658566607,-0.0063723000285863815,-0.0,1.0,-0.0055218984992665,0.0055218984992665
mean__Heater1Temp,8,1,7,-0.0028986335092263888,0.0028986335092263888,-0.007132656877099732,0.0007602670163807426,0.875,-0.0054448603625229,0.0054448603625229
late_minus_early__ForeLinePressure,7,0,7,-0.004764997619001422,0.004764997619001422,-0.01604312862225604,0.0,1.0,-0.0052223530974985,0.0052223530974985
late_minus_early__Gas2Flow,10,10,0,0.0027340611989663806,0.0027340611989663806,0.0010082741096751509,0.009336479387029683,1.0,0.0052086159301038,0.0052086159301038
std__Heater3Temp,9,9,0,0.0034493705721810857,0.0034493705721810857,0.0,0.01915058136433564,1.0,0.0051958297867719,0.0051958297867719
std__PlatenRFTuningCapacitor,6,6,0,0.0031090311502929993,0.0031090311502929993,0.0,0.02317293700033904,1.0,0.0049322345525677,0.0049322345525677
robust_width__Heater1Temp,7,0,7,-0.0029822797678039064,0.0029822797678039064,-0.017290763741770677,-0.0,1.0,-0.0046690469390826,0.0046690469390826
robust_width__Gas7Flow,7,7,0,0.0015051996864818265,0.0015051996864818265,0.0,0.008212162743766925,1.0,0.00394822134744,0.00394822134744
robust_width__SourceRFLoadPower,8,1,7,-0.0013847657858170855,0.0018671903672273537,-0.010443804387492905,0.006403260668917674,0.875,-0.0030878584986369,0.0030878584986369
mean__SourceRF2PeakToPeak,5,5,0,0.00042406678048919743,0.00042406678048919743,0.0,0.01040798776941635,1.0,0.0021598165404211,0.0021598165404211
mean__Heater4Temp,8,7,1,0.0024183156027998325,0.0033243001496186474,-0.0060900905512413965,0.019037749572173294,0.875,0.0018841463141273,0.0018841463141273
robust_width__Gas1Flow,7,7,0,0.0017915076789238476,0.0017915076789238476,0.0,0.0074605457284037295,1.0,0.0017168972912635,0.0017168972912635
late_minus_early__PlatenRFPeakToPeak,6,6,0,0.00020523558058904332,0.00020523558058904332,0.0,0.01637967725674284,1.0,0.0014898768109379,0.0014898768109379
std__Gas2Flow,8,8,0,0.001826953657829976,0.001826953657829976,0.0,0.02088122777010919,1.0,0.0013604909964835,0.0013604909964835
std__Heater2Temp,4,3,1,0.0,0.0,-0.016417184980771396,0.007803516399199223,0.75,0.0013601562897166,0.0013601562897166
late_minus_early__Heater1Temp,7,0,7,-0.0012734419726503588,0.0012734419726503588,-0.007940266483559931,0.0,1.0,-0.0006603214060428,0.0006603214060428
late_minus_early__PlatenRFReflectedPower,6,6,0,0.0001344575105669803,0.0001344575105669803,0.0,0.010956423523494702,1.0,0.000378917036021,0.000378917036021
mean__Heater3Temp,5,4,1,0.0,0.0012132455590891024,-0.002426491118178205,0.007546006983166568,0.8,0.0,0.0
robust_width__Heater3Temp,3,3,0,0.0,0.0,-0.0,0.00732297814621438,1.0,0.0,0.0
late_minus_early__Heater3Temp,6,2,4,0.0,0.002157756663944097,-0.007140433384040433,0.0041614321480347915,0.6666666666666666,-0.0,0.0
robust_width__Heater4Temp,5,2,3,0.0,0.0002364373077271145,-0.02015636453658935,0.005350420380793356,0.6,-0.0,0.0
mean__Gas1Flow,3,3,0,0.0,0.0,0.0,0.006425593699160493,1.0,0.0,0.0
std__Gas1Flow,0,0,0,-0.0,0.0,-0.0,-0.0,,-0.0,0.0
late_minus_early__Gas1Flow,2,2,0,0.0,0.0,0.0,0.01022360465667533,1.0,0.0,0.0
late_minus_early__EpdIntensity,0,0,0,0.0,0.0,0.0,0.0,,0.0,0.0
robust_width__EpdIntensity,0,0,0,0.0,0.0,0.0,0.0,,0.0,0.0
std__EpdIntensity,0,0,0,0.0,0.0,0.0,0.0,,0.0,0.0
mean__EpdIntensity,0,0,0,0.0,0.0,0.0,0.0,,0.0,0.0
std__Heater1Temp,4,0,4,0.0,0.0,-0.009924356168006077,-0.0,1.0,-0.0,0.0
robust_width__Heater2Temp,3,2,1,0.0,0.0,-0.004504645470562664,0.008650549287624685,0.6666666666666666,0.0,0.0
mean__Gas5Flow,2,2,0,0.0,0.0,0.0,0.00977216927196547,1.0,0.0,0.0
mean__Gas7Flow,4,4,0,-0.0,0.0,-0.0,0.012584453840147813,1.0,0.0,0.0
robust_width__Gas5Flow,0,0,0,0.0,0.0,0.0,0.0,,0.0,0.0
mean__Gas4Flow,0,0,0,-0.0,0.0,0.0,0.0,,-0.0,0.0
mean__Gas2Flow,5,5,0,6.599334773004389e-05,6.599334773004389e-05,0.0,0.009346454941103442,1.0,0.0,0.0
std__Gas4Flow,2,0,2,-0.0,0.0,-0.0015976001207187683,-0.0,1.0,-0.0,0.0
std__Gas5Flow,0,0,0,0.0,0.0,-0.0,-0.0,,-0.0,0.0
std__PlatenRFLoadCapacitor,2,0,2,-0.0,0.0,-0.029068291633568867,-0.0,1.0,-0.0,0.0
robust_width__PlatenRFLoadCapacitor,0,0,0,0.0,0.0,0.0,0.0,,0.0,0.0
late_minus_early__PlatenDcBias,5,0,5,-0.00039217460400319264,0.00039217460400319264,-0.005355072638845643,-0.0,1.0,-0.0,0.0
late_minus_early__PlatenRFTuningCapacitor,2,2,0,0.0,0.0,0.0,0.014099771737927758,1.0,0.0,0.0
std__PlatenRFReflectedPower,0,0,0,0.0,0.0,0.0,0.0,,0.0,0.0
late_minus_early__PlatenRFLoadPower,3,2,1,-0.0,0.0,-0.0002571616740452202,0.014752302211680137,0.6666666666666666,0.0,0.0
robust_width__PlatenRFPeakToPeak,3,2,1,0.0,0.0,-0.003253202032657956,0.005375843477348259,0.6666666666666666,0.0,0.0
robust_width__PlatenRFLoadPower,0,0,0,0.0,0.0,0.0,0.0,,0.0,0.0
mean__PlatenRFLoadCapacitor,1,1,0,0.0,0.0,-0.0,0.0028522457091748896,1.0,0.0,0.0
robust_width__HeliumBPFlow,3,3,0,0.0,0.0,0.0,0.015584160878687182,1.0,0.0,0.0
mean__HeliumBPFlow,4,4,0,0.0,0.0,0.0,0.02033423859069829,1.0,0.0,0.0
late_minus_early__HeliumBPPressure,5,0,5,-0.0002802538808319532,0.0002802538808319532,-0.0055982861736423965,-0.0,1.0,-0.0,0.0
mean__HeliumBPPressure,2,1,1,0.0,0.0,-0.004813286544987644,0.001648235663961234,0.5,-0.0,0.0
robust_width__PlatenDcBias,1,0,1,0.0,0.0,-0.00016489742420250895,-0.0,1.0,-0.0,0.0
std__PlatenDcBias,0,0,0,0.0,0.0,0.0,0.0,,0.0,0.0
robust_width__SourceRF2PeakToPeak,0,0,0,0.0,0.0,0.0,0.0,,0.0,0.0
std__SourceRF2PeakToPeak,1,1,0,0.0,0.0,0.0,0.00019053296423959104,1.0,0.0,0.0
robust_width__Pressure,2,1,1,-0.0,0.0,-0.006940048580379908,0.00695592417047257,0.5,0.0,0.0
mean__Pressure,3,2,1,0.0,0.0,-0.000518220253931108,0.011631157946640946,0.6666666666666666,-0.0,0.0
late_minus_early__SourceRFLoadPower,2,0,2,-0.0,0.0,-0.012279226062513852,0.0,1.0,-0.0,0.0
std__SourceRFLoadPower,1,1,0,0.0,0.0,0.0,0.0033650447021876203,1.0,0.0,0.0
robust_width__SourceRF2TuningCapacitor,0,0,0,0.0,0.0,0.0,0.0,,0.0,0.0
late_minus_early__SourceRF2TuningCapacitor,0,0,0,0.0,0.0,-0.0,-0.0,,-0.0,0.0
std__SourceRF2TuningCapacitor,0,0,0,-0.0,0.0,-0.0,-0.0,,-0.0,0.0
mean__SourceRF2TuningCapacitor,0,0,0,0.0,0.0,0.0,0.0,,0.0,0.0
late_minus_early__SourceRFPeakToPeak,6,1,5,-0.0016960802507827398,0.003520656000874165,-0.010736028845810031,0.005440353244723185,0.8333333333333334,-0.0,0.0
mean__SourceRFPeakToPeak,4,4,0,0.0,0.0,-0.0,0.01451208921350767,1.0,0.0,0.0
late_minus_early__SourceRFReflectedPower,2,2,0,0.0,0.0,0.0,0.012596220035724293,1.0,0.0,0.0
robust_width__SourceRFReflectedPower,4,0,4,-0.0,0.0,-0.030381722708967534,-0.0,1.0,-0.0,0.0
mean__SourceRFTuningCapacitor,0,0,0,0.0,0.0,0.0,0.0,,0.0,0.0
std__SourceRFTuningCapacitor,0,0,0,0.0,0.0,0.0,0.0,,0.0,0.0
late_minus_early__SourceRFTuningCapacitor,0,0,0,0.0,0.0,0.0,0.0,,0.0,0.0
robust_width__SourceRFTuningCapacitor,0,0,0,0.0,0.0,0.0,0.0,,0.0,0.0
std__moriInnerCurrent,5,1,4,-0.0,0.0007464504924875995,-0.0037647622317107574,0.0018188162279298172,0.8,-0.0,0.0
mean__moriInnerCurrent,2,0,2,0.0,0.0,-0.0042107264794591205,0.0,1.0,-0.0,0.0
