feature,coefficient_standardized,abs_coefficient,feature_family,sensor_short,raw_sensor,is_nonzero
robust_width__PlatenRFTuningCapacitor,0.1595868181908319,0.1595868181908319,robust_width,PlatenRFTuningCapacitor,Stat3_Etch_MV_PlatenRFTuningCapacitor,True
mean__PlatenRFTuningCapacitor,-0.1048738951343989,0.1048738951343989,mean,PlatenRFTuningCapacitor,Stat3_Etch_MV_PlatenRFTuningCapacitor,True
main_active_duration,0.0918222992889567,0.0918222992889567,timing,MainActiveWindow,Derived from SourceRFLoadPower threshold window,True
robust_width__PlatenRFReflectedPower,-0.0908268688370028,0.0908268688370028,robust_width,PlatenRFReflectedPower,Stat3_Etch_MV_PlatenRFReflectedPower,True
std__ForeLinePressure,-0.075883840003254,0.075883840003254,std,ForeLinePressure,Stat3_Etch_MV_ForeLinePressure,True
mean__Heater2Temp,0.0597688193948731,0.0597688193948731,mean,Heater2Temp,Stat3_Etch_MV_Heater2Temp,True
std__SourceRFReflectedPower,-0.0568376014235812,0.0568376014235812,std,SourceRFReflectedPower,Stat3_Etch_MV_SourceRFReflectedPower,True
mean__SourceRFLoadPower,0.0479396132567536,0.0479396132567536,mean,SourceRFLoadPower,Stat3_Etch_MV_SourceRFLoadPower,True
std__SourceRFPeakToPeak,0.0417738734151259,0.0417738734151259,std,SourceRFPeakToPeak,Stat3_Etch_MV_SourceRFPeakToPeak,True
late_minus_early__PlatenRFLoadCapacitor,-0.0381623299745643,0.0381623299745643,late_minus_early,PlatenRFLoadCapacitor,Stat3_Etch_MV_PlatenRFLoadCapacitor,True
mean__PlatenRFLoadPower,-0.0350447811731938,0.0350447811731938,mean,PlatenRFLoadPower,Stat3_Etch_MV_PlatenRFLoadPower,True
std__PlatenRFPeakToPeak,-0.0266492903792069,0.0266492903792069,std,PlatenRFPeakToPeak,Stat3_Etch_MV_PlatenRFPeakToPeak,True
mean__PlatenRFReflectedPower,0.0264086214294757,0.0264086214294757,mean,PlatenRFReflectedPower,Stat3_Etch_MV_PlatenRFReflectedPower,True
robust_width__Gas2Flow,0.0262021062842895,0.0262021062842895,robust_width,Gas2Flow,Stat3_Etch_MV_Gas2Flow,True
late_minus_early__Gas4Flow,0.0252293601065306,0.0252293601065306,late_minus_early,Gas4Flow,Stat3_Etch_MV_Gas4Flow,True
mean__PlatenRFPeakToPeak,-0.0238377423692091,0.0238377423692091,mean,PlatenRFPeakToPeak,Stat3_Etch_MV_PlatenRFPeakToPeak,True
std__Gas7Flow,-0.0235473513800594,0.0235473513800594,std,Gas7Flow,Stat3_Etch_MV_Gas7Flow,True
std__HeliumBPFlow,0.0200480872852803,0.0200480872852803,std,HeliumBPFlow,Stat3_Etch_MV_HeliumBPFlow,True
late_minus_early__Heater4Temp,-0.0195065888395522,0.0195065888395522,late_minus_early,Heater4Temp,Stat3_Etch_MV_Heater4Temp,True
mean__SourceRFReflectedPower,-0.0193605247225083,0.0193605247225083,mean,SourceRFReflectedPower,Stat3_Etch_MV_SourceRFReflectedPower,True
mean__ForeLinePressure,0.0189694659195111,0.0189694659195111,mean,ForeLinePressure,Stat3_Etch_MV_ForeLinePressure,True
late_minus_early__Gas7Flow,0.0183243099056223,0.0183243099056223,late_minus_early,Gas7Flow,Stat3_Etch_MV_Gas7Flow,True
robust_width__moriInnerCurrent,0.015970287546643,0.015970287546643,robust_width,moriInnerCurrent,Stat3_Etch_MV_moriInnerCurrent,True
late_minus_early__SourceRF2PeakToPeak,-0.0142365295964539,0.0142365295964539,late_minus_early,SourceRF2PeakToPeak,Stat3_Etch_MV_SourceRF2PeakToPeak,True
late_minus_early__moriInnerCurrent,-0.0138879255346842,0.0138879255346842,late_minus_early,moriInnerCurrent,Stat3_Etch_MV_moriInnerCurrent,True
robust_width__SourceRFPeakToPeak,0.0132717035908372,0.0132717035908372,robust_width,SourceRFPeakToPeak,Stat3_Etch_MV_SourceRFPeakToPeak,True
robust_width__HeliumBPPressure,-0.0126643230932997,0.0126643230932997,robust_width,HeliumBPPressure,Stat3_Etch_MV_HeliumBPPressure,True
late_minus_early__Pressure,-0.0121302434492014,0.0121302434492014,late_minus_early,Pressure,Stat3_Etch_MV_Pressure,True
late_minus_early__Heater2Temp,-0.0117983130784823,0.0117983130784823,late_minus_early,Heater2Temp,Stat3_Etch_MV_Heater2Temp,True
mean__PlatenDcBias,-0.011790949771823,0.011790949771823,mean,PlatenDcBias,Stat3_Etch_MV_PlatenDcBias,True
robust_width__Gas4Flow,-0.0093932997669318,0.0093932997669318,robust_width,Gas4Flow,Stat3_Etch_MV_Gas4Flow,True
late_minus_early__HeliumBPFlow,0.0089787912547373,0.0089787912547373,late_minus_early,HeliumBPFlow,Stat3_Etch_MV_HeliumBPFlow,True
late_minus_early__Gas5Flow,-0.0083148948535707,0.0083148948535707,late_minus_early,Gas5Flow,Stat3_Etch_MV_Gas5Flow,True
robust_width__ForeLinePressure,-0.0077378359884268,0.0077378359884268,robust_width,ForeLinePressure,Stat3_Etch_MV_ForeLinePressure,True
std__PlatenRFLoadPower,0.0064938810331917,0.0064938810331917,std,PlatenRFLoadPower,Stat3_Etch_MV_PlatenRFLoadPower,True
std__Heater4Temp,0.0062599733575402,0.0062599733575402,std,Heater4Temp,Stat3_Etch_MV_Heater4Temp,True
std__Pressure,-0.0057347813059398,0.0057347813059398,std,Pressure,Stat3_Etch_MV_Pressure,True
std__HeliumBPPressure,-0.0055218984992665,0.0055218984992665,std,HeliumBPPressure,Stat3_Etch_MV_HeliumBPPressure,True
mean__Heater1Temp,-0.0054448603625229,0.0054448603625229,mean,Heater1Temp,Stat3_Etch_MV_Heater1Temp,True
late_minus_early__ForeLinePressure,-0.0052223530974985,0.0052223530974985,late_minus_early,ForeLinePressure,Stat3_Etch_MV_ForeLinePressure,True
late_minus_early__Gas2Flow,0.0052086159301038,0.0052086159301038,late_minus_early,Gas2Flow,Stat3_Etch_MV_Gas2Flow,True
std__Heater3Temp,0.0051958297867719,0.0051958297867719,std,Heater3Temp,Stat3_Etch_MV_Heater3Temp,True
std__PlatenRFTuningCapacitor,0.0049322345525677,0.0049322345525677,std,PlatenRFTuningCapacitor,Stat3_Etch_MV_PlatenRFTuningCapacitor,True
robust_width__Heater1Temp,-0.0046690469390826,0.0046690469390826,robust_width,Heater1Temp,Stat3_Etch_MV_Heater1Temp,True
robust_width__Gas7Flow,0.00394822134744,0.00394822134744,robust_width,Gas7Flow,Stat3_Etch_MV_Gas7Flow,True
robust_width__SourceRFLoadPower,-0.0030878584986369,0.0030878584986369,robust_width,SourceRFLoadPower,Stat3_Etch_MV_SourceRFLoadPower,True
mean__SourceRF2PeakToPeak,0.0021598165404211,0.0021598165404211,mean,SourceRF2PeakToPeak,Stat3_Etch_MV_SourceRF2PeakToPeak,True
mean__Heater4Temp,0.0018841463141273,0.0018841463141273,mean,Heater4Temp,Stat3_Etch_MV_Heater4Temp,True
robust_width__Gas1Flow,0.0017168972912635,0.0017168972912635,robust_width,Gas1Flow,Stat3_Etch_MV_Gas1Flow,True
late_minus_early__PlatenRFPeakToPeak,0.0014898768109379,0.0014898768109379,late_minus_early,PlatenRFPeakToPeak,Stat3_Etch_MV_PlatenRFPeakToPeak,True
std__Gas2Flow,0.0013604909964835,0.0013604909964835,std,Gas2Flow,Stat3_Etch_MV_Gas2Flow,True
std__Heater2Temp,0.0013601562897166,0.0013601562897166,std,Heater2Temp,Stat3_Etch_MV_Heater2Temp,True
late_minus_early__Heater1Temp,-0.0006603214060428,0.0006603214060428,late_minus_early,Heater1Temp,Stat3_Etch_MV_Heater1Temp,True
late_minus_early__PlatenRFReflectedPower,0.000378917036021,0.000378917036021,late_minus_early,PlatenRFReflectedPower,Stat3_Etch_MV_PlatenRFReflectedPower,True
mean__Heater3Temp,0.0,0.0,mean,Heater3Temp,Stat3_Etch_MV_Heater3Temp,False
robust_width__Heater2Temp,0.0,0.0,robust_width,Heater2Temp,Stat3_Etch_MV_Heater2Temp,False
mean__Gas7Flow,0.0,0.0,mean,Gas7Flow,Stat3_Etch_MV_Gas7Flow,False
std__Heater1Temp,-0.0,0.0,std,Heater1Temp,Stat3_Etch_MV_Heater1Temp,False
mean__Gas2Flow,0.0,0.0,mean,Gas2Flow,Stat3_Etch_MV_Gas2Flow,False
late_minus_early__Gas1Flow,0.0,0.0,late_minus_early,Gas1Flow,Stat3_Etch_MV_Gas1Flow,False
std__Gas1Flow,-0.0,0.0,std,Gas1Flow,Stat3_Etch_MV_Gas1Flow,False
mean__Gas1Flow,0.0,0.0,mean,Gas1Flow,Stat3_Etch_MV_Gas1Flow,False
std__Gas5Flow,-0.0,0.0,std,Gas5Flow,Stat3_Etch_MV_Gas5Flow,False
mean__Gas4Flow,-0.0,0.0,mean,Gas4Flow,Stat3_Etch_MV_Gas4Flow,False
std__Gas4Flow,-0.0,0.0,std,Gas4Flow,Stat3_Etch_MV_Gas4Flow,False
mean__Gas5Flow,0.0,0.0,mean,Gas5Flow,Stat3_Etch_MV_Gas5Flow,False
std__PlatenRFReflectedPower,0.0,0.0,std,PlatenRFReflectedPower,Stat3_Etch_MV_PlatenRFReflectedPower,False
robust_width__PlatenRFPeakToPeak,0.0,0.0,robust_width,PlatenRFPeakToPeak,Stat3_Etch_MV_PlatenRFPeakToPeak,False
late_minus_early__PlatenRFLoadPower,0.0,0.0,late_minus_early,PlatenRFLoadPower,Stat3_Etch_MV_PlatenRFLoadPower,False
robust_width__PlatenRFLoadPower,0.0,0.0,robust_width,PlatenRFLoadPower,Stat3_Etch_MV_PlatenRFLoadPower,False
std__PlatenRFLoadCapacitor,-0.0,0.0,std,PlatenRFLoadCapacitor,Stat3_Etch_MV_PlatenRFLoadCapacitor,False
mean__PlatenRFLoadCapacitor,0.0,0.0,mean,PlatenRFLoadCapacitor,Stat3_Etch_MV_PlatenRFLoadCapacitor,False
late_minus_early__PlatenDcBias,-0.0,0.0,late_minus_early,PlatenDcBias,Stat3_Etch_MV_PlatenDcBias,False
robust_width__PlatenRFLoadCapacitor,0.0,0.0,robust_width,PlatenRFLoadCapacitor,Stat3_Etch_MV_PlatenRFLoadCapacitor,False
robust_width__PlatenDcBias,-0.0,0.0,robust_width,PlatenDcBias,Stat3_Etch_MV_PlatenDcBias,False
robust_width__Heater4Temp,-0.0,0.0,robust_width,Heater4Temp,Stat3_Etch_MV_Heater4Temp,False
late_minus_early__Heater3Temp,-0.0,0.0,late_minus_early,Heater3Temp,Stat3_Etch_MV_Heater3Temp,False
robust_width__Heater3Temp,0.0,0.0,robust_width,Heater3Temp,Stat3_Etch_MV_Heater3Temp,False
mean__HeliumBPPressure,-0.0,0.0,mean,HeliumBPPressure,Stat3_Etch_MV_HeliumBPPressure,False
robust_width__HeliumBPFlow,0.0,0.0,robust_width,HeliumBPFlow,Stat3_Etch_MV_HeliumBPFlow,False
late_minus_early__HeliumBPPressure,-0.0,0.0,late_minus_early,HeliumBPPressure,Stat3_Etch_MV_HeliumBPPressure,False
std__PlatenDcBias,0.0,0.0,std,PlatenDcBias,Stat3_Etch_MV_PlatenDcBias,False
mean__HeliumBPFlow,0.0,0.0,mean,HeliumBPFlow,Stat3_Etch_MV_HeliumBPFlow,False
late_minus_early__SourceRF2TuningCapacitor,-0.0,0.0,late_minus_early,SourceRF2TuningCapacitor,Stat3_Etch_MV_SourceRF2TuningCapacitor,False
mean__SourceRF2TuningCapacitor,0.0,0.0,mean,SourceRF2TuningCapacitor,Stat3_Etch_MV_SourceRF2TuningCapacitor,False
std__SourceRF2TuningCapacitor,-0.0,0.0,std,SourceRF2TuningCapacitor,Stat3_Etch_MV_SourceRF2TuningCapacitor,False
robust_width__Pressure,0.0,0.0,robust_width,Pressure,Stat3_Etch_MV_Pressure,False
mean__Pressure,-0.0,0.0,mean,Pressure,Stat3_Etch_MV_Pressure,False
late_minus_early__PlatenRFTuningCapacitor,0.0,0.0,late_minus_early,PlatenRFTuningCapacitor,Stat3_Etch_MV_PlatenRFTuningCapacitor,False
std__SourceRF2PeakToPeak,0.0,0.0,std,SourceRF2PeakToPeak,Stat3_Etch_MV_SourceRF2PeakToPeak,False
late_minus_early__SourceRFPeakToPeak,-0.0,0.0,late_minus_early,SourceRFPeakToPeak,Stat3_Etch_MV_SourceRFPeakToPeak,False
mean__SourceRFPeakToPeak,0.0,0.0,mean,SourceRFPeakToPeak,Stat3_Etch_MV_SourceRFPeakToPeak,False
std__SourceRFLoadPower,0.0,0.0,std,SourceRFLoadPower,Stat3_Etch_MV_SourceRFLoadPower,False
late_minus_early__SourceRFLoadPower,-0.0,0.0,late_minus_early,SourceRFLoadPower,Stat3_Etch_MV_SourceRFLoadPower,False
late_minus_early__SourceRFReflectedPower,0.0,0.0,late_minus_early,SourceRFReflectedPower,Stat3_Etch_MV_SourceRFReflectedPower,False
robust_width__SourceRFReflectedPower,-0.0,0.0,robust_width,SourceRFReflectedPower,Stat3_Etch_MV_SourceRFReflectedPower,False
std__moriInnerCurrent,-0.0,0.0,std,moriInnerCurrent,Stat3_Etch_MV_moriInnerCurrent,False
mean__moriInnerCurrent,-0.0,0.0,mean,moriInnerCurrent,Stat3_Etch_MV_moriInnerCurrent,False
