lot_number,n_wafers,rmse,mae,max_abs_error
8,10,0.22383984799412476,0.1475585823382779,0.5755522883913855
3,10,0.14304477810621005,0.12877442047149185,0.2275569083524757
5,10,0.1377102296827073,0.1133257036831828,0.2700696538130813
7,6,0.11837200389718648,0.0933928753988304,0.2085683644432165
6,10,0.11752162252587373,0.08240641057707802,0.2796326991495732
4,10,0.11431666590107958,0.09827396445299921,0.2184644268994446
2,10,0.10996343537609377,0.09628519617239842,0.1658598837942761
10,4,0.08315349051830563,0.07746411001426162,0.1081380341946669
9,9,0.06979823063156526,0.05824941027912283,0.1237803659948539
1,9,0.06515992219379522,0.055075500041423156,0.1158332217849604
