experiment_key,lot_number,wafer_number,residual_top5_abs_z_mean,residual_mahalanobis,residual_pca_recon_rmse,residual_driver_feature,residual_driver_abs_z,residual_top5_abs_z_mean_threshold95,residual_top5_abs_z_mean_flag,residual_top5_abs_z_mean_pct,residual_mahalanobis_threshold95,residual_mahalanobis_flag,residual_mahalanobis_pct,residual_pca_recon_rmse_threshold95,residual_pca_recon_rmse_flag,residual_pca_recon_rmse_pct,residual_anomaly_consensus,residual_review_candidate,n_train_wafers,n_kept_predictors,pca_components_90pct,ood_top5_abs_z_mean,ood_top5_abs_z_mean_threshold95_crossfit,ood_top5_abs_z_mean_pct_vs_crossfit,ood_top5_abs_z_mean_flag,ood_mahalanobis,ood_mahalanobis_threshold95_crossfit,ood_mahalanobis_pct_vs_crossfit,ood_mahalanobis_flag,ood_pca_recon_rmse,ood_pca_recon_rmse_threshold95_crossfit,ood_pca_recon_rmse_pct_vs_crossfit,ood_pca_recon_rmse_flag,cross_lot_ood_consensus,cross_lot_ood_candidate,ood_driver_feature,ood_driver_abs_z,vm_informed_n_predictors,vm_informed_max_abs_z,vm_informed_pct_vs_crossfit,vm_informed_driver_feature,vm_informed_driver_sensor,n_flagged_features,max_abs_standardized_residual,n_mr_flagged_features,max_mr_ratio_to_ucl,has_mr_jump,has_spc_i_flag,has_spc_mr_flag,has_duration_i_flag,has_duration_mr_flag,mean_si_etch,cv_si_etch_pct,std_si_etch,range_si_etch,p90_width_si_etch,nested_process_pred,nested_error,abs_nested_error,high_quality_cv,high_nested_error,any_process_review_evidence
2024-07-02_01,1,1,2.534279459187982,5.251940664575886,0.35357078151202603,Stat3_Etch_MV_HeliumBPPressure,3.163305317294368,2.6847217687411256,False,0.9270833333333334,5.463313734276712,False,0.90625,0.407520193280719,False,0.8645833333333334,0,False,86,98,24,4.02093575797619,3.8876251637998314,0.9534883720930233,True,14.925480875324666,15.87065611190898,0.9302325581395349,False,0.7558057715648133,0.8391693176986578,0.9186046511627907,False,1,False,late_minus_early__SourceRF2PeakToPeak,4.688749504130845,17,2.5083958592910354,0.6976744186046512,mean__PlatenRFTuningCapacitor,PlatenRFTuningCapacitor,2,3.377450355129802,0,,False,True,False,False,False,44.28899101123595,8.28102276677696,3.6675814288162503,12.0867,10.961,44.244368317278045,-0.0446226939579048,0.0446226939579048,False,False,True
2024-07-02_02,1,2,1.619915508821596,4.140531228047903,0.3028115205748945,Stat3_Etch_MV_PlatenDcBias,2.0846582829181926,2.6847217687411256,False,0.6458333333333334,5.463313734276712,False,0.5208333333333334,0.407520193280719,False,0.6666666666666666,0,False,86,98,24,3.3957444583507708,3.8876251637998314,0.9069767441860465,False,11.889162776524726,15.87065611190898,0.8372093023255814,False,0.6119886539011851,0.8391693176986578,0.7906976744186046,False,0,False,mean__HeliumBPFlow,4.314807934983095,17,3.290450400333054,0.9534883720930233,robust_width__SourceRFReflectedPower,SourceRFReflectedPower,0,,3,1.3066101321982715,True,False,True,False,False,44.038886516853935,8.21018937248339,3.6156759805667615,11.483000000000004,10.699260000000002,44.10688767032087,0.0680011534669304,0.0680011534669304,False,False,True
2024-07-02_03,1,3,1.556245083439664,4.416027195489317,0.4004092229634134,Stat3_Etch_MV_SourceRFPeakToPeak,2.1120622470196513,2.6847217687411256,False,0.5520833333333334,5.463313734276712,False,0.6666666666666666,0.407520193280719,False,0.9375,0,False,86,98,24,3.1272751935077023,3.8876251637998314,0.8488372093023255,False,10.35920824164539,15.87065611190898,0.627906976744186,False,0.562055478438928,0.8391693176986578,0.6046511627906976,False,0,False,mean__HeliumBPFlow,4.394035568661029,17,2.7469866574455466,0.8372093023255814,robust_width__SourceRFReflectedPower,SourceRFReflectedPower,0,,0,,False,False,False,False,False,44.149623595505616,8.116611726747891,3.5834535260678626,11.4007,10.715219999999997,44.18915862682245,0.0395350313168378,0.0395350313168378,False,False,False
2024-07-02_04,1,4,1.5665918483328765,4.508270433833539,0.3361108636864131,Stat3_Etch_MV_PlatenDcBias,1.977201482864972,2.6847217687411256,False,0.5625,5.463313734276712,False,0.7083333333333334,0.407520193280719,False,0.8229166666666666,0,False,86,98,24,3.0524462118115507,3.8876251637998314,0.8255813953488372,False,11.18226699861292,15.87065611190898,0.7441860465116279,False,0.5845635448957375,0.8391693176986578,0.6976744186046512,False,0,False,mean__HeliumBPFlow,3.646647704357861,17,2.691295251609062,0.813953488372093,std__SourceRFReflectedPower,SourceRFReflectedPower,0,,0,,False,False,False,False,False,43.90529550561798,8.045149787008544,3.532246787855696,11.366,10.487419999999991,43.928618011514665,0.0233225058966866,0.0233225058966866,False,False,False
2024-07-02_05,1,5,1.4977063116314522,4.324176935495954,0.37144338442627645,Stat3_Etch_MV_ForeLinePressure,1.6926471814872404,2.6847217687411256,False,0.4583333333333333,5.463313734276712,False,0.625,0.407520193280719,False,0.90625,0,False,86,98,24,3.2822225057920242,3.8876251637998314,0.8837209302325582,False,9.529830583212197,15.87065611190898,0.38372093023255816,False,0.43889592016193246,0.8391693176986578,0.06976744186046512,False,0,False,robust_width__HeliumBPFlow,3.500164412924742,17,2.1473507149348086,0.5697674418604651,late_minus_early__ForeLinePressure,ForeLinePressure,0,,0,,False,False,False,False,False,43.42659101123596,8.034918336906768,3.4892911242553044,11.182200000000002,10.478119999999995,43.40184284593858,-0.0247481652973817,0.0247481652973817,False,False,False
2024-07-02_06,1,6,1.4947052586797909,4.303836740015859,0.3149782162620569,Stat3_Etch_MV_Gas2Flow,2.043175957439033,2.6847217687411256,False,0.4375,5.463313734276712,False,0.6041666666666666,0.407520193280719,False,0.7083333333333334,0,False,86,98,24,2.5658115155557244,3.8876251637998314,0.6976744186046512,False,9.282235799816355,15.87065611190898,0.313953488372093,False,0.46433656564565373,0.8391693176986578,0.1511627906976744,False,0,False,mean__HeliumBPFlow,3.8321865054728463,17,2.0310352884969274,0.5116279069767442,std__SourceRFReflectedPower,SourceRFReflectedPower,0,,0,,False,False,False,False,False,43.584064044943815,7.996607554371472,3.4852465579200778,11.268999999999998,10.552659999999996,43.58929269228756,0.0052286473437419,0.0052286473437419,False,False,False
2024-07-02_07,1,7,0.9710594408302761,3.2237018401402744,0.27156856085128955,Stat3_Etch_MV_Heater3Temp,1.8641235628643384,2.6847217687411256,False,0.020833333333333332,5.463313734276712,False,0.11458333333333333,0.407520193280719,False,0.5208333333333334,0,False,86,98,24,2.816646593252046,3.8876251637998314,0.7325581395348837,False,9.903581017754352,15.87065611190898,0.5,False,0.5224213015915493,0.8391693176986578,0.45348837209302323,False,0,False,mean__HeliumBPFlow,3.793545113104655,17,2.4120238852953277,0.6627906976744186,std__SourceRFReflectedPower,SourceRFReflectedPower,0,,0,,False,False,False,False,False,,,,,,,,,False,False,False
2024-07-02_08,1,8,1.4274347916124532,4.241299296662004,0.3480147458117153,Stat3_Etch_MV_SourceRFPeakToPeak,1.5040462346544348,2.6847217687411256,False,0.375,5.463313734276712,False,0.5416666666666666,0.407520193280719,False,0.8541666666666666,0,False,86,98,24,2.8688858846030527,3.8876251637998314,0.7790697674418605,False,9.596590620900779,15.87065611190898,0.3953488372093023,False,0.42490540372651586,0.8391693176986578,0.05813953488372093,False,0,False,mean__HeliumBPFlow,3.6532056980359258,17,1.7114771488764144,0.313953488372093,mean__ForeLinePressure,ForeLinePressure,0,,0,,False,False,False,False,False,43.09692808988764,8.024052828688655,3.4581202774745448,11.125700000000002,10.355420000000002,43.19478262566102,0.0978545357733793,0.0978545357733793,False,False,False
2024-07-02_09,1,9,1.3528910255074886,4.4131039524881075,0.40467627052776894,Stat3_Etch_MV_ForeLinePressure,2.1608880772575025,2.6847217687411256,False,0.2708333333333333,5.463313734276712,False,0.65625,0.407520193280719,False,0.9479166666666666,0,False,86,98,24,2.7621664449087224,3.8876251637998314,0.7325581395348837,False,10.280841751254119,15.87065611190898,0.5930232558139535,False,0.5375709582763081,0.8391693176986578,0.5,False,0,False,mean__HeliumBPFlow,3.2386524798611886,17,2.0338811316177487,0.5116279069767442,std__SourceRFReflectedPower,SourceRFReflectedPower,0,,1,1.269903062272289,True,False,True,False,False,43.339929213483146,8.006126316472708,3.4698494783013167,11.1749,10.45776,43.41646275901813,0.0765335455349855,0.0765335455349855,False,False,True
2024-07-02_10,1,10,1.2107290544830165,3.270022668485146,0.24103954856571377,Stat3_Etch_MV_PlatenRFPeakToPeak,1.8425675036160132,2.6847217687411256,False,0.1875,5.463313734276712,False,0.15625,0.407520193280719,False,0.3541666666666667,0,False,86,98,24,2.889313993937533,3.8876251637998314,0.7790697674418605,False,11.006350662658116,15.87065611190898,0.7209302325581395,False,0.5889798901766353,0.8391693176986578,0.7209302325581395,False,0,False,mean__HeliumBPFlow,3.5622916443763337,17,1.645586127040746,0.29069767441860467,robust_width__ForeLinePressure,ForeLinePressure,0,,0,,False,False,False,False,False,43.28435730337079,7.9896259417856355,3.458258239845298,11.186,10.404039999999997,43.40019052515575,0.1158332217849604,0.1158332217849604,False,False,False
2024-07-05_01,2,1,2.6902240552362406,5.451320259764426,0.33613657328036267,Stat3_Etch_MV_moriInnerCurrent,3.20404536767947,2.6847217687411256,True,0.9583333333333334,5.463313734276712,False,0.9479166666666666,0.407520193280719,False,0.8333333333333334,1,False,86,98,24,3.833109978989235,3.849864133210522,0.9418604651162791,False,13.510315030241928,17.09421659723591,0.9069767441860465,False,0.679149161028271,0.9254825600062898,0.8604651162790697,False,0,False,mean__moriInnerCurrent,4.396394068760576,17,2.6211096396309723,0.7790697674418605,mean__PlatenRFTuningCapacitor,PlatenRFTuningCapacitor,3,5.018226252569582,0,,False,True,False,False,False,44.20857078651686,8.531945226805206,3.7718510450590257,12.2361,11.12328,44.142454381789165,-0.066116404727694,0.066116404727694,True,False,True
2024-07-05_02,2,2,1.2234996344474154,3.728843333003249,0.2742632499188913,Stat3_Etch_MV_PlatenRFLoadCapacitor,1.8655252535408542,2.6847217687411256,False,0.19791666666666666,5.463313734276712,False,0.34375,0.407520193280719,False,0.53125,0,False,86,98,24,2.4452600093004992,3.849864133210522,0.627906976744186,False,9.603501001723087,17.09421659723591,0.4186046511627907,False,0.45596445507660766,0.9254825600062898,0.22093023255813954,False,0,False,mean__Heater2Temp,3.2213727938888734,17,1.9260162658219868,0.4069767441860465,mean__PlatenRFTuningCapacitor,PlatenRFTuningCapacitor,0,,2,1.5964119164766055,True,False,True,False,False,44.20844943820225,8.228945331191017,3.6378891360368857,11.6006,10.723260000000003,44.19109303463464,-0.0173564035676108,0.0173564035676108,False,False,True
2024-07-05_03,2,3,1.3528257566780062,3.5757270012375275,0.21832415522603615,Stat3_Etch_MV_moriInnerCurrent,1.9871362395167917,2.6847217687411256,False,0.2604166666666667,5.463313734276712,False,0.23958333333333334,0.407520193280719,False,0.2708333333333333,0,False,86,98,24,2.1759310625291577,3.849864133210522,0.4883720930232558,False,8.092403182668761,17.09421659723591,0.10465116279069768,False,0.4081142405723834,0.9254825600062898,0.05813953488372093,False,0,False,mean__Heater2Temp,3.2651806115081845,17,1.526261206116104,0.26744186046511625,mean__PlatenRFReflectedPower,PlatenRFReflectedPower,0,,0,,False,False,False,False,False,43.95148597898877,8.025678050555902,3.5274047631088563,11.317,10.52178,43.98940087828972,0.0379148993009437,0.0379148993009437,False,False,False
2024-07-05_04,2,4,1.735987997211819,4.250661591597246,0.3189791302626594,Stat3_Etch_MV_PlatenRFLoadPower,2.0965259641848277,2.6847217687411256,False,0.78125,5.463313734276712,False,0.5520833333333334,0.407520193280719,False,0.7395833333333334,0,False,86,98,24,2.5988870766106253,3.849864133210522,0.6395348837209303,False,9.374406477501784,17.09421659723591,0.3488372093023256,False,0.47439012570243727,0.9254825600062898,0.29069767441860467,False,0,False,mean__Heater2Temp,3.3702100769811274,17,1.7443735311973323,0.3488372093023256,late_minus_early__ForeLinePressure,ForeLinePressure,0,,0,,False,False,False,False,False,43.42695056179775,7.937927107062419,3.447199680415539,11.159200000000006,10.332059999999998,43.47680355157828,0.0498529897805255,0.0498529897805255,False,False,False
2024-07-05_05,2,5,1.7349783417778863,4.434895910255982,0.32447233517451646,Stat3_Etch_MV_Heater2Temp,2.355523459625974,2.6847217687411256,False,0.7708333333333334,5.463313734276712,False,0.6875,0.407520193280719,False,0.7916666666666666,0,False,86,98,24,2.1317457086560148,3.849864133210522,0.4418604651162791,False,9.38802341581909,17.09421659723591,0.3488372093023256,False,0.49879978921479845,0.9254825600062898,0.36046511627906974,False,0,False,mean__Heater2Temp,3.434239798746651,17,1.5344851113815152,0.27906976744186046,std__SourceRFReflectedPower,SourceRFReflectedPower,0,,0,,False,False,False,False,False,43.54600561797753,7.915984225487488,3.4470949355489964,11.223499999999994,10.395219999999997,43.71186550177181,0.1658598837942761,0.1658598837942761,False,False,False
2024-07-05_06,2,6,1.3717086798823082,3.767959447453586,0.2542850088265235,Stat3_Etch_MV_Heater1Temp,2.2108736481724547,2.6847217687411256,False,0.3125,5.463313734276712,False,0.3645833333333333,0.407520193280719,False,0.3958333333333333,0,False,86,98,24,2.0476740634540396,3.849864133210522,0.38372093023255816,False,9.026172639829104,17.09421659723591,0.26744186046511625,False,0.455588639371403,0.9254825600062898,0.22093023255813954,False,0,False,mean__Heater2Temp,3.3612281151100833,17,1.38998854691362,0.16279069767441862,mean__ForeLinePressure,ForeLinePressure,0,,0,,False,False,False,False,False,43.41621348314607,7.907519914909597,3.433145727479441,11.215199999999996,10.362799999999991,43.50158448987958,0.08537100673351,0.08537100673351,False,False,False
2024-07-05_07,2,7,1.3634420335066932,4.0278408561782735,0.309104556110603,Stat3_Etch_MV_Pressure,1.624685271565595,2.6847217687411256,False,0.3020833333333333,5.463313734276712,False,0.4583333333333333,0.407520193280719,False,0.6770833333333334,0,False,86,98,24,2.088678906291384,3.849864133210522,0.3953488372093023,False,10.074618728318711,17.09421659723591,0.5348837209302325,False,0.5296236047099631,0.9254825600062898,0.45348837209302323,False,0,False,mean__Heater2Temp,3.3503890554924873,17,1.8627838745485963,0.38372093023255816,robust_width__ForeLinePressure,ForeLinePressure,0,,0,,False,False,False,False,False,43.29778764044944,7.923243698486318,3.430589230805898,11.200500000000003,10.237520000000004,43.45075189162316,0.1529642511737208,0.1529642511737208,False,False,False
2024-07-05_08,2,8,1.4239625015627757,4.252988034593605,0.3776195761234967,Stat3_Etch_MV_SourceRF2PeakToPeak,1.6519240046573198,2.6847217687411256,False,0.3645833333333333,5.463313734276712,False,0.5625,0.407520193280719,False,0.9166666666666666,0,False,86,98,24,2.100359758687783,3.849864133210522,0.3953488372093023,False,9.275739078862324,17.09421659723591,0.32558139534883723,False,0.5075288802393272,0.9254825600062898,0.36046511627906974,False,0,False,mean__Heater2Temp,3.3901833789608977,17,1.539915593524697,0.27906976744186046,mean__ForeLinePressure,ForeLinePressure,0,,0,,False,False,False,False,False,42.96067191011236,7.931542072431988,3.407443767150033,11.091,10.287579999999998,43.11228178371322,0.1516098736008615,0.1516098736008615,False,False,False
2024-07-05_09,2,9,1.5432290039774912,3.6370611424653605,0.26900858146187434,Stat3_Etch_MV_SourceRFPeakToPeak,1.7759944574424826,2.6847217687411256,False,0.53125,5.463313734276712,False,0.2708333333333333,0.407520193280719,False,0.4791666666666667,0,False,86,98,24,2.308193392211673,3.849864133210522,0.5697674418604651,False,9.42448145399697,17.09421659723591,0.3488372093023256,False,0.48365032193291596,0.9254825600062898,0.313953488372093,False,0,False,mean__Heater2Temp,3.386652183102872,17,1.2988200555897231,0.11627906976744186,mean__ForeLinePressure,ForeLinePressure,0,,0,,False,False,False,False,False,43.18773370786516,7.937536055997761,3.428041934830096,11.1648,10.34574,43.26476833595391,0.0770346280887466,0.0770346280887466,False,False,False
2024-07-05_10,2,10,1.6784339608018066,3.5437081532780397,0.18554386639543968,Stat3_Etch_MV_SourceRF2PeakToPeak,2.0824236357513763,2.6847217687411256,False,0.71875,5.463313734276712,False,0.22916666666666666,0.407520193280719,False,0.10416666666666667,0,False,86,98,24,2.3153237215511497,3.849864133210522,0.5697674418604651,False,9.009723816213024,17.09421659723591,0.26744186046511625,False,0.46429167021786416,0.9254825600062898,0.26744186046511625,False,0,False,mean__Heater2Temp,3.3532498760743543,17,1.677618962323538,0.3488372093023256,mean__PlatenRFReflectedPower,PlatenRFReflectedPower,0,,0,,False,False,False,False,False,43.10430337078652,7.904161880850117,3.4070339160397003,11.144800000000004,10.32336,43.26307499174261,0.1587716209560952,0.1587716209560952,False,False,False
2024-07-09_01,3,1,2.0342341404561086,4.583519394509336,0.2916530017418599,Stat3_Etch_MV_HeliumBPPressure,2.7522605893678627,2.6847217687411256,False,0.8333333333333334,5.463313734276712,False,0.7395833333333334,0.407520193280719,False,0.5833333333333334,0,False,86,98,24,5.562505205248936,4.022179242103981,1.0,True,16.065148715813518,15.20589853023999,0.9651162790697675,True,0.8439712262158959,0.7819616741170741,0.9651162790697675,True,3,True,std__Gas7Flow,7.198988778966115,17,2.168514586653649,0.5697674418604651,late_minus_early__SourceRFReflectedPower,SourceRFReflectedPower,0,,0,,False,False,False,False,False,44.18354494382022,8.290144945796357,3.662879918033774,12.049099999999996,10.94482,44.30161864642906,0.1180737026088394,0.1180737026088394,False,False,True
2024-07-09_02,3,2,1.6398741226177536,4.948690520968033,0.4506570344818848,Stat3_Etch_MV_Gas7Flow,2.2518811491367012,2.6847217687411256,False,0.6666666666666666,5.463313734276712,False,0.8645833333333334,0.407520193280719,True,0.9791666666666666,1,False,86,98,24,2.2764318388527256,4.022179242103981,0.5697674418604651,False,10.034974222972037,15.20589853023999,0.4883720930232558,False,0.5233285364374923,0.7819616741170741,0.45348837209302323,False,0,False,mean__Gas7Flow,3.5950540752119147,17,1.4239050470378984,0.19767441860465115,late_minus_early__ForeLinePressure,ForeLinePressure,1,3.5675821218275234,2,1.136993085505563,True,True,True,False,False,43.90555393258427,8.198846902643583,3.5997491486901936,12.817,10.769200000000003,44.010806336160975,0.1052524035767064,0.1052524035767064,False,False,True
2024-07-09_03,3,3,1.0974374342663036,3.0893251729363658,0.31739171560251306,Stat3_Etch_MV_HeliumBPFlow,1.4038097932607614,2.6847217687411256,False,0.09375,5.463313734276712,False,0.052083333333333336,0.407520193280719,False,0.71875,0,False,86,98,24,2.096359977787053,4.022179242103981,0.4186046511627907,False,8.54404375522508,15.20589853023999,0.10465116279069768,False,0.3982982608390959,0.7819616741170741,0.03488372093023256,False,0,False,late_minus_early__Heater1Temp,2.8843220409600296,17,1.6801316953043637,0.32558139534883723,robust_width__ForeLinePressure,ForeLinePressure,0,,0,,False,False,False,False,False,44.266009562584266,8.370073181989039,3.70509739513457,11.824000000000003,10.911300000000004,44.03845265423179,-0.2275569083524757,0.2275569083524757,False,True,False
2024-07-09_04,3,4,1.5124348507792822,4.606782308013263,0.3187026681137699,Stat3_Etch_MV_Heater3Temp,1.9028514364889713,2.6847217687411256,False,0.4791666666666667,5.463313734276712,False,0.7604166666666666,0.407520193280719,False,0.7291666666666666,0,False,86,98,24,1.5279917922692132,4.022179242103981,0.0,False,7.326751803405274,15.20589853023999,0.023255813953488372,False,0.3440684988870219,0.7819616741170741,0.0,False,0,False,late_minus_early__Gas2Flow,1.707464527857908,17,1.182673343990358,0.046511627906976744,robust_width__SourceRFReflectedPower,SourceRFReflectedPower,0,,0,,False,False,False,False,False,44.079486308876405,8.301984955629676,3.659472321881762,11.719900000000004,10.839,43.887706225371886,-0.1917800835045184,0.1917800835045184,False,False,False
2024-07-09_05,3,5,2.736219441227301,4.843746117611684,0.2650559161862104,Stat3_Etch_MV_Gas5Flow,3.01188642036944,2.6847217687411256,True,0.96875,5.463313734276712,False,0.8229166666666666,0.407520193280719,False,0.4583333333333333,1,False,86,98,24,3.154963621435897,4.022179242103981,0.7906976744186046,False,8.441584131483927,15.20589853023999,0.10465116279069768,False,0.35921296208838405,0.7819616741170741,0.0,False,0,False,late_minus_early__SourceRFLoadPower,3.223649510190547,17,3.092485625252616,0.8837209302325582,std__PlatenRFReflectedPower,PlatenRFReflectedPower,5,3.517924254851929,1,1.1618835123124869,True,True,True,False,False,43.97683269134832,8.179743662509992,3.597192185043186,11.617200000000004,10.767099999999992,43.96100174614506,-0.0158309452032625,0.0158309452032625,False,False,True
2024-07-09_06,3,6,1.6297515513526029,5.019038055437291,0.48362246389329244,Stat3_Etch_MV_HeliumBPPressure,2.1956441513424023,2.6847217687411256,False,0.65625,5.463313734276712,False,0.875,0.407520193280719,True,1.0,1,False,86,98,24,1.7324690113964483,4.022179242103981,0.06976744186046512,False,7.652943344543156,15.20589853023999,0.03488372093023256,False,0.40233992255013845,0.7819616741170741,0.046511627906976744,False,0,False,std__Gas2Flow,1.9252755948314417,17,1.6801316953043637,0.32558139534883723,robust_width__ForeLinePressure,ForeLinePressure,0,,1,1.0576039555931138,True,False,True,False,False,43.70646829337079,8.218838840407233,3.5921641918658307,11.652900000000002,10.709740000000004,43.53957530912892,-0.1668929842418691,0.1668929842418691,False,False,True
2024-07-09_07,3,7,1.1736049627495255,3.090365596763896,0.23099303921641232,Stat3_Etch_MV_SourceRFReflectedPower,1.3779542093067578,2.6847217687411256,False,0.13541666666666666,5.463313734276712,False,0.0625,0.407520193280719,False,0.3125,0,False,86,98,24,1.495734231415555,4.022179242103981,0.0,False,7.884522388751393,15.20589853023999,0.03488372093023256,False,0.43165102659519977,0.7819616741170741,0.046511627906976744,False,0,False,robust_width__HeliumBPPressure,1.7516406181084627,17,0.9828603872477407,0.011627906976744186,mean__SourceRFReflectedPower,SourceRFReflectedPower,0,,0,,False,False,False,False,False,43.58551297651685,8.203095008473198,3.575361039394092,11.5995,10.68531999999999,43.39982208796971,-0.1856908885471426,0.1856908885471426,False,False,False
2024-07-09_08,3,8,1.2034947446508586,3.511233833443016,0.20923078655212757,Stat3_Etch_MV_SourceRF2PeakToPeak,1.6818443586297802,2.6847217687411256,False,0.16666666666666666,5.463313734276712,False,0.21875,0.407520193280719,False,0.19791666666666666,0,False,86,98,24,1.6945789067645882,4.022179242103981,0.046511627906976744,False,8.347343800311995,15.20589853023999,0.08139534883720931,False,0.4342402582265274,0.7819616741170741,0.046511627906976744,False,0,False,mean__SourceRF2PeakToPeak,1.783450771188424,17,1.2080566198333205,0.046511627906976744,late_minus_early__PlatenRFReflectedPower,PlatenRFReflectedPower,0,,0,,False,False,False,False,False,43.50429716483146,8.184176535682242,3.560468480577612,11.5364,10.673679999999996,43.39718200300915,-0.107115161822314,0.107115161822314,False,False,False
2024-07-09_09,3,9,1.4021350593577961,4.452457515842948,0.3661117908333755,Stat3_Etch_MV_HeliumBPFlow,2.1239187835415967,2.6847217687411256,False,0.3541666666666667,5.463313734276712,False,0.6979166666666666,0.407520193280719,False,0.8854166666666666,0,False,86,98,24,3.19008230877166,4.022179242103981,0.7906976744186046,False,11.390337051904037,15.20589853023999,0.7906976744186046,False,0.6352338670000003,0.7819616741170741,0.8837209302325582,False,0,False,std__HeliumBPFlow,4.346882759067407,17,2.097535699596285,0.5465116279069767,late_minus_early__ForeLinePressure,ForeLinePressure,0,,0,,False,False,False,False,False,43.42807412224719,8.140607080525127,3.535308876931355,11.419199999999996,10.630679999999998,43.30721236025173,-0.1208617619954566,0.1208617619954566,False,False,False
2024-07-09_10,3,10,1.5273659085835791,4.0814102946228905,0.3657546398150921,Stat3_Etch_MV_Gas7Flow,1.8781619089143837,2.6847217687411256,False,0.5,5.463313734276712,False,0.46875,0.407520193280719,False,0.875,0,False,86,98,24,2.4394052524791636,4.022179242103981,0.6162790697674418,False,11.062406017148367,15.20589853023999,0.7209302325581395,False,0.6157231483532342,0.7819616741170741,0.8488372093023255,False,0,False,late_minus_early__PlatenRFLoadPower,2.7982697695342065,17,2.6771962029992507,0.7906976744186046,main_active_duration,MainActiveWindow,0,,1,1.0523097959548402,True,False,True,True,False,42.98307262797753,8.184442301833153,3.51792477879186,11.441000000000004,10.546899999999994,42.9343832631152,-0.0486893648623336,0.0486893648623336,False,False,True
2024-07-11_01,4,1,1.9739024704020889,4.693703412284951,0.3145110209424248,Stat3_Etch_MV_ForeLinePressure,2.240892127133548,2.6847217687411256,False,0.8125,5.463313734276712,False,0.78125,0.407520193280719,False,0.6979166666666666,0,False,86,98,24,2.675585547323066,4.129951084911204,0.686046511627907,False,10.371008014063712,15.42512975433663,0.7558139534883721,False,0.5683228042207178,0.8579604204187089,0.7558139534883721,False,0,False,robust_width__Heater2Temp,3.171387257672385,17,2.112240459169156,0.5465116279069767,std__ForeLinePressure,ForeLinePressure,1,3.024296383266846,0,,False,True,False,False,False,44.30630482640449,8.471968963468587,3.753616393752773,12.110099999999996,11.010940000000003,44.2355170888922,-0.0707877375122976,0.0707877375122976,True,False,True
2024-07-11_02,4,2,1.6675787215231117,4.426905571752966,0.2631791771366061,Stat3_Etch_MV_Pressure,2.3079766767893934,2.6847217687411256,False,0.7083333333333334,5.463313734276712,False,0.6770833333333334,0.407520193280719,False,0.4375,0,False,86,98,24,1.9695570169076106,4.129951084911204,0.26744186046511625,False,9.796025004121743,15.42512975433663,0.627906976744186,False,0.574214666448602,0.8579604204187089,0.7906976744186046,False,0,False,mean__HeliumBPPressure,2.3085973298802585,17,1.7427014720104992,0.3953488372093023,robust_width__SourceRFReflectedPower,SourceRFReflectedPower,0,,0,,False,False,False,False,False,44.36490342820225,8.377681206075186,3.716750176597906,11.917900000000005,10.91704,44.1691302927715,-0.1957731354307483,0.1957731354307483,False,False,False
2024-07-11_03,4,3,2.1591844730019236,4.598851463071633,0.3702686019561881,Stat3_Etch_MV_Gas5Flow,2.4846393718309847,2.6847217687411256,False,0.8645833333333334,5.463313734276712,False,0.75,0.407520193280719,False,0.8958333333333334,0,False,86,98,24,3.2367903428375513,4.129951084911204,0.8488372093023255,False,9.61971075788303,15.42512975433663,0.5930232558139535,False,0.41660335868203585,0.8579604204187089,0.03488372093023256,False,0,False,std__PlatenRFLoadCapacitor,3.5733798898886286,17,3.377854698818392,0.9186046511627907,std__PlatenRFReflectedPower,PlatenRFReflectedPower,0,,0,,False,False,False,False,False,44.32450595134832,8.2290322440764,3.647477886764016,11.7626,10.813380000000002,44.3008986053836,-0.0236073459647201,0.0236073459647201,False,False,False
2024-07-11_04,4,4,1.355659433441994,4.1336154736268105,0.25965223052515235,Stat3_Etch_MV_SourceRFPeakToPeak,1.8653258869501383,2.6847217687411256,False,0.28125,5.463313734276712,False,0.5104166666666666,0.407520193280719,False,0.4270833333333333,0,False,86,98,24,2.0636182812807933,4.129951084911204,0.3953488372093023,False,8.012757209790376,15.42512975433663,0.09302325581395349,False,0.4404841811123032,0.8579604204187089,0.12790697674418605,False,0,False,late_minus_early__ForeLinePressure,2.7346962387659706,17,2.7346962387659706,0.813953488372093,late_minus_early__ForeLinePressure,ForeLinePressure,0,,0,,False,False,False,False,False,43.998570636404494,8.227259782651366,3.61987670691036,11.665300000000002,10.771739999999994,43.78010620950505,-0.2184644268994446,0.2184644268994446,False,True,False
2024-07-11_05,4,5,2.3272863322337427,5.339838350507803,0.204578751437341,Stat3_Etch_MV_SourceRFLoadPower,2.962813841770692,2.6847217687411256,False,0.875,5.463313734276712,False,0.9270833333333334,0.407520193280719,False,0.15625,0,False,86,98,24,3.549443442760303,4.129951084911204,0.8604651162790697,False,10.838140624946027,15.42512975433663,0.813953488372093,False,0.5299717029919278,0.8579604204187089,0.627906976744186,False,0,False,std__PlatenRFReflectedPower,3.6781182107704686,17,3.6781182107704686,0.9418604651162791,std__PlatenRFReflectedPower,PlatenRFReflectedPower,2,3.366537890457945,0,,False,True,False,False,False,43.92957708887641,8.105878968785943,3.560878350323841,11.5096,10.673539999999996,43.88221071551955,-0.0473663733568585,0.0473663733568585,False,False,True
2024-07-11_06,4,6,1.5128588852986202,3.9461134842538095,0.22661155718389056,Stat3_Etch_MV_Heater3Temp,2.600514811095668,2.6847217687411256,False,0.4895833333333333,5.463313734276712,False,0.4479166666666667,0.407520193280719,False,0.3020833333333333,0,False,86,98,24,1.6278242514176438,4.129951084911204,0.03488372093023256,False,7.039091737704421,15.42512975433663,0.0,False,0.38614949865207276,0.8579604204187089,0.03488372093023256,False,0,False,mean__Heater3Temp,1.9003409130958293,17,1.6459935975337503,0.313953488372093,late_minus_early__ForeLinePressure,ForeLinePressure,1,3.0530690175329385,4,1.0419680926879642,True,True,True,False,False,43.64391731,8.18144367910612,3.570702514073297,11.6483,10.718159999999996,43.565669305773504,-0.078248004226495,0.078248004226495,False,False,True
2024-07-11_07,4,7,1.508640334920771,4.29972693462162,0.4160519615395692,Stat3_Etch_MV_Pressure,1.9911231655763086,2.6847217687411256,False,0.46875,5.463313734276712,False,0.59375,0.407520193280719,True,0.9583333333333334,1,False,86,98,24,2.0923634788470244,4.129951084911204,0.4418604651162791,False,9.639955991207044,15.42512975433663,0.5930232558139535,False,0.5667868277532538,0.8579604204187089,0.7558139534883721,False,0,False,robust_width__Heater4Temp,4.045176649907854,17,1.227511972147327,0.06976744186046512,main_active_duration,MainActiveWindow,0,,0,,False,False,False,False,False,43.214110956853936,8.15675271575707,3.5248681690634576,11.4471,10.64716,43.1390297601274,-0.0750811967265363,0.0750811967265363,False,False,False
2024-07-11_08,4,8,0.9744377266620112,3.2675372000400484,0.23608307477929394,Stat3_Etch_MV_Heater1Temp,1.0458223247244502,2.6847217687411256,False,0.03125,5.463313734276712,False,0.14583333333333334,0.407520193280719,False,0.34375,0,False,86,98,24,2.2314909207332247,4.129951084911204,0.5465116279069767,False,9.452558766146149,15.42512975433663,0.5116279069767442,False,0.5247171968047071,0.8579604204187089,0.6046511627906976,False,0,False,robust_width__Heater4Temp,4.045176649907854,17,1.3186628688500441,0.11627906976744186,late_minus_early__ForeLinePressure,ForeLinePressure,0,,0,,False,False,False,False,False,43.135930337078655,8.16164485938929,3.520601440905925,11.480199999999996,10.57696,43.053166277100765,-0.0827640599778902,0.0827640599778902,False,False,False
2024-07-11_09,4,9,1.692812388748577,4.362486571094723,0.2997359885376474,Stat3_Etch_MV_SourceRFReflectedPower,1.8587783207388893,2.6847217687411256,False,0.7395833333333334,5.463313734276712,False,0.6354166666666666,0.407520193280719,False,0.625,0,False,86,98,24,2.153461589156536,4.129951084911204,0.5,False,9.9213275206057,15.42512975433663,0.6627906976744186,False,0.5358035714123582,0.8579604204187089,0.6395348837209303,False,0,False,main_active_duration,2.7085168741063863,17,2.7085168741063863,0.8023255813953488,main_active_duration,MainActiveWindow,0,,0,,False,False,False,False,False,42.94292808988764,8.187082199943648,3.515772821781791,11.465000000000003,10.552679999999995,43.04239641235274,0.0994683224650998,0.0994683224650998,False,False,False
2024-07-11_10,4,10,1.7014980040989758,4.185721910652429,0.29326471958136946,Stat3_Etch_MV_PlatenDcBias,2.096286881687887,2.6847217687411256,False,0.75,5.463313734276712,False,0.53125,0.407520193280719,False,0.59375,0,False,86,98,24,3.17350542345715,4.129951084911204,0.8488372093023255,False,9.961552078174714,15.42512975433663,0.686046511627907,False,0.4951522562326866,0.8579604204187089,0.43023255813953487,False,0,False,std__PlatenRFLoadCapacitor,3.540331966052094,17,3.172974634493395,0.9069767441860465,std__PlatenRFReflectedPower,PlatenRFReflectedPower,0,,0,,False,False,False,False,True,43.42402808988764,8.0576427027631,3.4989530306306302,11.4366,10.545539999999995,43.51520713185754,0.0911790419699016,0.0911790419699016,False,False,True
2024-07-19_01,5,1,2.6692171182733118,5.647928096786116,0.18256865277669165,Stat3_Etch_MV_HeliumBPFlow,2.8151491150969967,2.6847217687411256,False,0.9375,5.463313734276712,True,0.9791666666666666,0.407520193280719,False,0.08333333333333333,1,False,86,98,23,3.5740384462126884,4.022676962959617,0.8604651162790697,False,15.643439279187666,14.810437599495366,0.9534883720930233,True,0.8192778950346292,0.7882007183974642,0.9651162790697675,True,2,True,std__PlatenRFTuningCapacitor,3.889957815518113,17,3.889957815518113,0.9767441860465116,std__PlatenRFTuningCapacitor,PlatenRFTuningCapacitor,1,3.203434008363412,0,,False,True,False,False,False,44.31420112359551,8.504150321585307,3.768546277360208,12.2089,11.041180000000004,44.04413146978243,-0.2700696538130813,0.2700696538130813,True,True,True
2024-07-19_02,5,2,1.591545198920302,4.527729818113199,0.21132450885320817,Stat3_Etch_MV_PlatenRFReflectedPower,2.24861481133043,2.6847217687411256,False,0.59375,5.463313734276712,False,0.71875,0.407520193280719,False,0.21875,0,False,86,98,23,2.6674395579058423,4.022676962959617,0.6627906976744186,False,11.630643246485795,14.810437599495366,0.8837209302325582,False,0.6244684541096938,0.7882007183974642,0.8488372093023255,False,0,False,mean__Heater3Temp,2.9858708087814967,17,2.729967942543042,0.8255813953488372,main_active_duration,MainActiveWindow,0,,3,1.3602274501309712,True,False,True,True,True,43.71237640449438,8.360054255022217,3.65437838357526,11.751600000000003,10.761080000000009,43.66035260057136,-0.0520238039230207,0.0520238039230207,False,False,True
2024-07-19_03,5,3,1.312785740420009,4.119572383699622,0.31376819615557083,Stat3_Etch_MV_moriInnerCurrent,1.469135467484001,2.6847217687411256,False,0.22916666666666666,5.463313734276712,False,0.4895833333333333,0.407520193280719,False,0.6875,0,False,86,98,23,1.8162794633622497,4.022676962959617,0.10465116279069768,False,9.245805540750702,14.810437599495366,0.32558139534883723,False,0.5174113401070292,0.7882007183974642,0.45348837209302323,False,0,False,robust_width__SourceRFLoadPower,1.898033926817979,17,1.5666757551271493,0.313953488372093,mean__ForeLinePressure,ForeLinePressure,0,,0,,False,False,False,False,False,43.85850112359551,8.154389054976729,3.576392815299318,11.5154,10.694960000000007,43.9463137238411,0.0878126002455914,0.0878126002455914,False,False,False
2024-07-19_04,5,4,1.9804458950926516,4.83442837511857,0.28108002525212206,Stat3_Etch_MV_PlatenRFLoadPower,3.211422174630099,2.6847217687411256,False,0.8229166666666666,5.463313734276712,False,0.8125,0.407520193280719,False,0.5625,0,False,86,98,23,2.2487226272257232,4.022676962959617,0.4883720930232558,False,9.983473560351547,14.810437599495366,0.6162790697674418,False,0.5150409884373274,0.7882007183974642,0.45348837209302323,False,0,False,mean__PlatenRFLoadPower,2.644872845540586,17,1.4696586580172524,0.2558139534883721,mean__ForeLinePressure,ForeLinePressure,1,3.1223597819252085,0,,False,True,False,False,False,43.35476853932584,8.052509080511827,3.491146673464098,11.348100000000002,10.50206,43.419269284514286,0.0645007451884467,0.0645007451884467,False,False,True
2024-07-19_05,5,5,1.4547828281928463,4.391546037292505,0.29364931296424435,Stat3_Etch_MV_Heater3Temp,1.9382514844500867,2.6847217687411256,False,0.40625,5.463313734276712,False,0.6458333333333334,0.407520193280719,False,0.6041666666666666,0,False,86,98,23,1.9629735347187958,4.022676962959617,0.20930232558139536,False,9.96140268208904,14.810437599495366,0.6162790697674418,False,0.48675177260494745,0.7882007183974642,0.29069767441860467,False,0,False,robust_width__Gas1Flow,2.572853630689979,17,2.1860777618055183,0.6162790697674418,mean__SourceRFReflectedPower,SourceRFReflectedPower,0,,0,,False,False,False,False,False,43.50141797752809,8.058713793660152,3.5056547709928134,11.486200000000004,10.572679999999998,43.49226552084599,-0.0091524566821021,0.0091524566821021,False,False,False
2024-07-19_06,5,6,1.0369835319197,3.390724143012994,0.2942465312315326,Stat3_Etch_MV_Gas1Flow,1.5996592469274469,2.6847217687411256,False,0.052083333333333336,5.463313734276712,False,0.17708333333333334,0.407520193280719,False,0.6145833333333334,0,False,86,98,23,2.0171396813826235,4.022676962959617,0.26744186046511625,False,10.164559735194755,14.810437599495366,0.6976744186046512,False,0.5552572467665313,0.7882007183974642,0.6627906976744186,False,0,False,late_minus_early__Heater3Temp,2.989515727978163,17,1.361347319350439,0.18604651162790697,mean__ForeLinePressure,ForeLinePressure,0,,0,,False,False,False,False,False,43.371765168539326,8.057243564512182,3.494568757857472,11.443999999999996,10.568179999999998,43.548056644184975,0.1762914756456481,0.1762914756456481,False,False,False
2024-07-19_07,5,7,1.0431866397883227,2.888021729537002,0.20491487726368077,Stat3_Etch_MV_SourceRF2PeakToPeak,1.2097603828072372,2.6847217687411256,False,0.0625,5.463313734276712,False,0.03125,0.407520193280719,False,0.16666666666666666,0,False,86,98,23,1.9478645486756505,4.022676962959617,0.19767441860465115,False,9.292840047526855,14.810437599495366,0.32558139534883723,False,0.5036357441045708,0.7882007183974642,0.37209302325581395,False,0,False,mean__SourceRFReflectedPower,2.2344808560025844,17,2.2344808560025844,0.6162790697674418,mean__SourceRFReflectedPower,SourceRFReflectedPower,0,,0,,False,False,False,False,False,43.26722436393258,8.043109383532169,3.4800301828093785,11.3465,10.51372,43.34947841981309,0.0822540558805116,0.0822540558805116,False,False,False
2024-07-19_08,5,8,1.1048468428800464,3.261895494814873,0.2161182819192408,Stat3_Etch_MV_Heater3Temp,1.601361482910288,2.6847217687411256,False,0.10416666666666667,5.463313734276712,False,0.13541666666666666,0.407520193280719,False,0.2604166666666667,0,False,86,98,23,1.9836586525622741,4.022676962959617,0.23255813953488372,False,9.890668997476363,14.810437599495366,0.5930232558139535,False,0.5647077737332197,0.7882007183974642,0.7093023255813954,False,0,False,robust_width__moriInnerCurrent,2.691434316987074,17,1.9597875286637283,0.5232558139534884,mean__SourceRFReflectedPower,SourceRFReflectedPower,0,,0,,False,False,False,False,False,43.17212696629213,8.10099796106178,3.4973731252863294,11.458800000000004,10.54542,43.3723879133847,0.2002609470925662,0.2002609470925662,False,False,False
2024-07-19_09,5,9,2.756721813595967,4.85685886781494,0.3349638846508179,Stat3_Etch_MV_Gas1Flow,3.378383246565086,2.6847217687411256,True,0.9791666666666666,5.463313734276712,False,0.8333333333333334,0.407520193280719,False,0.8125,1,False,86,98,23,3.4350829002489656,4.022676962959617,0.8488372093023255,False,10.490944547367105,14.810437599495366,0.7674418604651163,False,0.5044983199626596,0.7882007183974642,0.3953488372093023,False,0,False,late_minus_early__SourceRFLoadPower,3.566134334280549,17,2.726082524296502,0.8255813953488372,std__PlatenRFReflectedPower,PlatenRFReflectedPower,2,4.140353926756329,2,1.1818387086233693,True,True,True,False,False,43.233769856629216,8.019919987762421,3.467313750195011,11.351799999999995,10.501399999999997,43.38340594884508,0.1496360922158643,0.1496360922158643,False,False,True
2024-07-19_10,5,10,1.190764084361099,3.391178821675249,0.19011029507258564,Stat3_Etch_MV_PlatenRFTuningCapacitor,1.4538215504859462,2.6847217687411256,False,0.14583333333333334,5.463313734276712,False,0.1875,0.407520193280719,False,0.11458333333333333,0,False,86,98,23,2.0043763045386114,4.022676962959617,0.26744186046511625,False,9.077912115383524,14.810437599495366,0.2558139534883721,False,0.49386256734785006,0.7882007183974642,0.313953488372093,False,0,False,std__Heater3Temp,2.3487144069482198,17,1.8854536837749498,0.47674418604651164,mean__SourceRFReflectedPower,SourceRFReflectedPower,0,,2,1.3966462606696382,True,False,True,False,False,43.02462584269663,8.067813864924236,3.4711467290688547,11.413599999999995,10.49492,43.065881048841625,0.0412552061449957,0.0412552061449957,False,False,True
2024-08-01_01,6,1,1.5832898622532383,4.875473673040394,0.33143996571231077,Stat3_Etch_MV_ForeLinePressure,1.7283053358175269,2.6847217687411256,False,0.5729166666666666,5.463313734276712,False,0.84375,0.407520193280719,False,0.8020833333333334,0,False,86,98,24,3.1125478981841685,3.7697491852900944,0.8372093023255814,False,10.531896674031383,15.20208372601155,0.7209302325581395,False,0.5379060650344691,0.7989394846734267,0.6162790697674418,False,0,False,late_minus_early__Gas7Flow,3.577745002518146,17,3.050955297073463,0.9069767441860465,robust_width__ForeLinePressure,ForeLinePressure,0,,0,,False,False,False,False,False,43.75222247191011,8.336723025503959,3.647501604985448,11.8876,10.830820000000005,44.03185517105968,0.2796326991495732,0.2796326991495732,False,True,False
2024-08-01_02,6,2,1.390651013648314,3.641074903172039,0.266520900762066,Stat3_Etch_MV_Gas7Flow,2.1668867678969708,2.6847217687411256,False,0.3229166666666667,5.463313734276712,False,0.28125,0.407520193280719,False,0.46875,0,False,86,98,24,2.382428205284962,3.7697491852900944,0.5581395348837209,False,10.325498052358533,15.20208372601155,0.6976744186046512,False,0.5235985184619864,0.7989394846734267,0.5465116279069767,False,0,False,mean__Gas7Flow,3.2097471967707634,17,1.7655868242428185,0.4069767441860465,robust_width__ForeLinePressure,ForeLinePressure,1,3.4329282858189467,1,1.5832665196837807,True,True,True,False,False,44.195029213483146,8.353623877846086,3.6918865131985816,11.765499999999996,10.869999999999996,44.20416701888428,0.0091378054011315,0.0091378054011315,False,False,True
2024-08-01_03,6,3,1.442309557906458,3.500374641741933,0.25403250108636616,Stat3_Etch_MV_SourceRFPeakToPeak,1.6127297780008467,2.6847217687411256,False,0.3958333333333333,5.463313734276712,False,0.20833333333333334,0.407520193280719,False,0.3854166666666667,0,False,86,98,24,2.1310840996096503,3.7697491852900944,0.38372093023255816,False,10.147301045705813,15.20208372601155,0.686046511627907,False,0.5149283446428705,0.7989394846734267,0.4883720930232558,False,0,False,mean__Gas7Flow,2.3769269413619822,17,1.7655868242428185,0.4069767441860465,robust_width__ForeLinePressure,ForeLinePressure,0,,0,,False,False,False,False,False,44.066997752808994,8.303068738733037,3.6589131145116736,11.7982,10.780679999999997,43.98303009471803,-0.0839676580909625,0.0839676580909625,False,False,False
2024-08-01_04,6,4,1.7342426126155612,5.49929415781357,0.4287673260209323,Stat3_Etch_MV_Heater3Temp,2.172919221325462,2.6847217687411256,False,0.7604166666666666,5.463313734276712,True,0.9583333333333334,0.407520193280719,True,0.96875,2,True,86,98,24,1.9726687142771027,3.7697491852900944,0.23255813953488372,False,10.696277602408147,15.20208372601155,0.7325581395348837,False,0.552627005536558,0.7989394846734267,0.686046511627907,False,0,False,late_minus_early__SourceRF2PeakToPeak,2.2370535486393046,17,1.3789476675162533,0.1744186046511628,mean__PlatenRFReflectedPower,PlatenRFReflectedPower,0,,0,,False,False,False,False,False,43.89461797752809,8.291566692234257,3.6395515239081897,11.712699999999998,10.818460000000002,43.81103968596516,-0.0835782915629295,0.0835782915629295,False,False,True
2024-08-01_05,6,5,1.5547090349506933,3.8541898532682026,0.2571192975534811,Stat3_Etch_MV_PlatenRFLoadPower,2.290870489261192,2.6847217687411256,False,0.5416666666666666,5.463313734276712,False,0.3958333333333333,0.407520193280719,False,0.40625,0,False,86,98,24,2.0613105124830553,3.7697491852900944,0.3372093023255814,False,9.844040380058175,15.20208372601155,0.5813953488372093,False,0.49497930485714725,0.7989394846734267,0.32558139534883723,False,0,False,robust_width__PlatenRFReflectedPower,2.6048484948889166,17,2.6048484948889166,0.7325581395348837,robust_width__PlatenRFReflectedPower,PlatenRFReflectedPower,0,,0,,False,False,False,False,False,43.69129550561797,8.246711995146322,3.603095307296623,11.5711,10.739600000000005,43.622100858864925,-0.0691946467530471,0.0691946467530471,False,False,False
2024-08-01_06,6,6,1.6465961800651372,4.314751336153339,0.2824066132339664,Stat3_Etch_MV_PlatenRFPeakToPeak,2.062345665763005,2.6847217687411256,False,0.6770833333333334,5.463313734276712,False,0.6145833333333334,0.407520193280719,False,0.5729166666666666,0,False,86,98,24,2.104237392887137,3.7697491852900944,0.36046511627906974,False,9.432630296094686,15.20208372601155,0.4186046511627907,False,0.48102665238469994,0.7989394846734267,0.27906976744186046,False,0,False,robust_width__PlatenRFReflectedPower,2.4494106006855634,17,2.4494106006855634,0.686046511627907,robust_width__PlatenRFReflectedPower,PlatenRFReflectedPower,0,,0,,False,False,False,False,False,43.231184269662926,8.232762394312575,3.5591206811687828,11.4925,10.64736,43.24117482099975,0.0099905513368199,0.0099905513368199,False,False,False
2024-08-01_07,6,7,1.6032188340825435,4.296231079301436,0.32429588317498453,Stat3_Etch_MV_Pressure,1.669440950973854,2.6847217687411256,False,0.625,5.463313734276712,False,0.5833333333333334,0.407520193280719,False,0.78125,0,False,86,98,24,2.018520279862188,3.7697491852900944,0.26744186046511625,False,9.795705946475815,15.20208372601155,0.5697674418604651,False,0.5075413462382389,0.7989394846734267,0.4418604651162791,False,0,False,robust_width__PlatenRFReflectedPower,2.6048484948889166,17,2.6048484948889166,0.7325581395348837,robust_width__PlatenRFReflectedPower,PlatenRFReflectedPower,0,,0,,False,False,False,False,False,42.97732808988764,8.946924670011366,3.845149169385882,22.300400000000003,10.624539999999996,43.1658940324785,0.1885659425908556,0.1885659425908556,True,False,False
2024-08-01_08,6,8,1.0938436790272366,3.111191548819632,0.2051015953293457,Stat3_Etch_MV_Pressure,1.6389545696128336,2.6847217687411256,False,0.07291666666666667,5.463313734276712,False,0.07291666666666667,0.407520193280719,False,0.17708333333333334,0,False,86,98,24,2.0649864479786375,3.7697491852900944,0.3372093023255814,False,10.409306854721432,15.20208372601155,0.7093023255813954,False,0.5508334312816823,0.7989394846734267,0.686046511627907,False,0,False,robust_width__PlatenRFReflectedPower,2.6048484948889166,17,2.6048484948889166,0.7325581395348837,robust_width__PlatenRFReflectedPower,PlatenRFReflectedPower,0,,0,,False,False,False,False,False,43.32931011235955,8.148893133925917,3.530859176723535,11.548699999999997,10.605380000000004,43.39385331555432,0.0645432031947734,0.0645432031947734,False,False,False
2024-08-01_09,6,9,1.2042103737957448,4.132538174479294,0.398312420826858,Stat3_Etch_MV_PlatenRFPeakToPeak,1.4519028682561133,2.6847217687411256,False,0.17708333333333334,5.463313734276712,False,0.5,0.407520193280719,False,0.9270833333333334,0,False,86,98,24,2.1116602647679263,3.7697491852900944,0.36046511627906974,False,9.264269340934032,15.20208372601155,0.32558139534883723,False,0.4578626517717496,0.7989394846734267,0.20930232558139536,False,0,False,robust_width__PlatenRFReflectedPower,2.6048484948889166,17,2.6048484948889166,0.7325581395348837,robust_width__PlatenRFReflectedPower,PlatenRFReflectedPower,0,,0,,False,False,False,False,False,43.23398539325843,8.119518633105228,3.510391499839611,11.466100000000004,10.541400000000005,43.26845054631724,0.0344651530588109,0.0344651530588109,False,False,False
2024-08-01_10,6,10,1.6810415186777514,4.776812334403397,0.4823943114598946,Stat3_Etch_MV_SourceRFReflectedPower,2.198802460103024,2.6847217687411256,False,0.7291666666666666,5.463313734276712,False,0.8020833333333334,0.407520193280719,True,0.9895833333333334,1,False,86,98,24,2.4238654440347682,3.7697491852900944,0.5697674418604651,False,10.48169612891995,15.20208372601155,0.7093023255813954,False,0.5153968562558365,0.7989394846734267,0.4883720930232558,False,0,False,robust_width__PlatenRFReflectedPower,3.071160558404842,17,3.071160558404842,0.9069767441860465,robust_width__PlatenRFReflectedPower,PlatenRFReflectedPower,0,,0,,False,False,False,False,False,43.2034202247191,8.130119772919224,3.512489810267271,11.479100000000004,10.5798,43.20243207008723,-0.0009881546318766,0.0009881546318766,False,False,False
2024-08-05_01,7,1,1.5331671438048846,3.904081355186106,0.14853807279789746,Stat3_Etch_MV_Heater1Temp,2.2702505560219572,2.6847217687411256,False,0.5208333333333334,5.463313734276712,False,0.4375,0.407520193280719,False,0.020833333333333332,0,False,90,98,24,2.9193729994543536,3.8040963810653556,0.7555555555555555,False,12.590914572064664,15.283539477316385,0.9,False,0.6757243827255562,0.7939057460054271,0.9222222222222223,False,0,False,late_minus_early__Heater4Temp,3.2271260403852917,17,2.44446645389959,0.6666666666666666,late_minus_early__SourceRFReflectedPower,SourceRFReflectedPower,0,,0,,False,False,False,False,False,43.83111460674157,8.43570442691753,3.697463275248195,12.023199999999996,10.866660000000005,44.03968297118479,0.2085683644432165,0.2085683644432165,False,True,False
2024-08-05_02,7,2,1.6095984029690449,4.101532944253078,0.2692245394720751,Stat3_Etch_MV_Heater1Temp,2.072377986045799,2.6847217687411256,False,0.6354166666666666,5.463313734276712,False,0.4791666666666667,0.407520193280719,False,0.4895833333333333,0,False,90,98,24,1.825932997712918,3.8040963810653556,0.1,False,8.579816343300257,15.283539477316385,0.16666666666666666,False,0.4457747639272233,0.7939057460054271,0.17777777777777778,False,0,False,std__Heater1Temp,2.108049055890925,17,1.3463322207965096,0.16666666666666666,mean__PlatenRFTuningCapacitor,PlatenRFTuningCapacitor,0,,1,1.0428349599816369,True,False,True,False,False,44.11084831460674,8.377694682179824,3.695472193517218,11.908500000000004,10.904899999999998,44.10604597992671,-0.0048023346800363,0.0048023346800363,False,False,True
2024-08-05_03,7,3,1.851646024960075,4.904360288064994,0.2791808551818715,Stat3_Etch_MV_PlatenRFLoadPower,2.700050244142747,2.6847217687411256,False,0.7916666666666666,5.463313734276712,False,0.8541666666666666,0.407520193280719,False,0.5520833333333334,0,False,90,98,24,2.3886062025186914,3.8040963810653556,0.6111111111111112,False,10.266117143817507,15.283539477316385,0.6777777777777778,False,0.5562439111164926,0.7939057460054271,0.7333333333333333,False,0,False,robust_width__SourceRFLoadPower,3.7967923927310685,17,1.6387298115764133,0.35555555555555557,mean__PlatenRFReflectedPower,PlatenRFReflectedPower,0,,0,,False,False,False,False,False,43.68900561797753,8.2695855821225,3.612899709556959,11.6708,10.693599999999996,43.53422768070911,-0.1547779372684203,0.1547779372684203,False,False,False
2024-08-05_04,7,4,1.1682608208709189,3.2597857829493435,0.270152042280583,Stat3_Etch_MV_SourceRFPeakToPeak,1.5065489111508352,2.6847217687411256,False,0.125,5.463313734276712,False,0.125,0.407520193280719,False,0.5,0,False,90,98,24,1.6658987355788006,3.8040963810653556,0.044444444444444446,False,8.50378271136587,15.283539477316385,0.16666666666666666,False,0.46843951353539137,0.7939057460054271,0.28888888888888886,False,0,False,mean__SourceRFPeakToPeak,1.8437474082435765,17,1.124995292728781,0.044444444444444446,std__SourceRFReflectedPower,SourceRFReflectedPower,0,,0,,False,False,False,False,False,43.76099325842696,8.197102270896814,3.5871333721535184,11.506499999999996,10.7376,43.70745849512152,-0.0535347633054428,0.0535347633054428,False,False,False
2024-08-05_05,7,5,1.298020945843166,3.1607174636631608,0.2434222704240648,Stat3_Etch_MV_SourceRFPeakToPeak,1.60002596476208,2.6847217687411256,False,0.21875,5.463313734276712,False,0.08333333333333333,0.407520193280719,False,0.3645833333333333,0,False,90,98,24,1.8560525538448325,3.8040963810653556,0.12222222222222222,False,8.65660124324478,15.283539477316385,0.18888888888888888,False,0.4832508720795927,0.7939057460054271,0.3333333333333333,False,0,False,robust_width__PlatenRFReflectedPower,2.048131434873308,17,2.048131434873308,0.5444444444444444,robust_width__PlatenRFReflectedPower,PlatenRFReflectedPower,0,,0,,False,False,False,False,False,43.5520786516854,8.123752520463698,3.5380630871806247,11.432499999999996,10.577920000000006,43.57608146661091,0.0240028149255095,0.0240028149255095,False,False,False
2024-08-05_06,7,6,0.9037024863979897,2.7350015673662478,0.2142077731345219,Stat3_Etch_MV_Heater1Temp,1.3625151764988452,2.6847217687411256,False,0.010416666666666666,5.463313734276712,False,0.020833333333333332,0.407520193280719,False,0.22916666666666666,0,False,90,98,24,2.535462761659362,3.8040963810653556,0.6555555555555556,False,11.471077860561193,15.283539477316385,0.8666666666666667,False,0.6028393746559154,0.7939057460054271,0.8666666666666667,False,0,False,late_minus_early__Heater1Temp,2.8829446969278743,17,2.184169763802183,0.5777777777777777,robust_width__PlatenRFReflectedPower,PlatenRFReflectedPower,0,,0,,False,False,False,False,False,43.370857303370784,8.116380620726767,3.5201438572138457,11.525100000000002,10.600340000000005,43.48552834114114,0.114671037770357,0.114671037770357,False,False,False
2024-08-07_01,8,1,2.5166454961618316,5.182920857148281,0.2638079960784364,Stat3_Etch_MV_Heater3Temp,3.030358005626036,2.6847217687411256,False,0.9166666666666666,5.463313734276712,False,0.8958333333333334,0.407520193280719,False,0.4479166666666667,0,False,86,98,23,2.7117355068743585,3.7384265111616233,0.686046511627907,False,9.725741121247504,13.31764631476574,0.4186046511627907,False,0.46108235105792306,0.6960477844831642,0.13953488372093023,False,0,False,std__ForeLinePressure,3.726763741341717,17,3.726763741341717,0.9651162790697675,std__ForeLinePressure,ForeLinePressure,4,3.5577156105916146,0,,False,True,False,False,False,43.74446306921348,8.417886093328715,3.682359073304637,11.947500000000003,10.876659999999994,43.94651060752024,0.2020475383067577,0.2020475383067577,False,True,True
2024-08-07_02,8,2,1.655877951077251,3.8928518069139963,0.23376052107822043,Stat3_Etch_MV_PlatenRFLoadCapacitor,2.367238368659314,2.6847217687411256,False,0.6979166666666666,5.463313734276712,False,0.40625,0.407520193280719,False,0.3333333333333333,0,False,86,98,23,2.228456611318932,3.7384265111616233,0.45348837209302323,False,10.283472658360203,13.31764631476574,0.6162790697674418,False,0.5687967833406056,0.6960477844831642,0.686046511627907,False,0,False,mean__PlatenRFLoadPower,3.096996067302204,17,1.9599759757015494,0.4883720930232558,mean__PlatenRFReflectedPower,PlatenRFReflectedPower,0,,3,1.15877880302141,True,False,True,False,False,43.896177528089886,8.344640426722332,3.662978175794793,11.679700000000004,10.81834,43.979140624310645,0.0829630962207588,0.0829630962207588,False,False,True
2024-08-07_03,8,3,1.531704806785386,3.6846876050259647,0.2518912946486503,Stat3_Etch_MV_Heater1Temp,1.7788203723184897,2.6847217687411256,False,0.5104166666666666,5.463313734276712,False,0.3125,0.407520193280719,False,0.375,0,False,86,98,23,2.0345029646266175,3.7384265111616233,0.2558139534883721,False,9.202647173629165,13.31764631476574,0.313953488372093,False,0.4626980012474659,0.6960477844831642,0.1511627906976744,False,0,False,mean__PlatenRFLoadPower,2.613307087281978,17,1.5233055207274029,0.2558139534883721,late_minus_early__ForeLinePressure,ForeLinePressure,0,,0,,False,False,False,False,False,43.71542808988764,8.245838443088264,3.60470357499656,11.5432,10.706500000000004,43.7441434232791,0.0287153333914602,0.0287153333914602,False,False,False
2024-08-07_04,8,4,1.361037972073079,4.283464668547576,0.2008737220544448,Stat3_Etch_MV_Heater1Temp,1.8573047471787392,2.6847217687411256,False,0.2916666666666667,5.463313734276712,False,0.5729166666666666,0.407520193280719,False,0.13541666666666666,0,False,86,98,23,1.717915504709568,3.7384265111616233,0.05813953488372093,False,7.486053622433009,13.31764631476574,0.023255813953488372,False,0.3633518092620357,0.6960477844831642,0.011627906976744186,False,0,False,mean__Heater4Temp,1.984244255802338,17,1.0445185569464175,0.023255813953488372,mean__SourceRFReflectedPower,SourceRFReflectedPower,0,,0,,False,False,False,False,False,43.83268764044944,8.20395698236298,3.596014838236006,11.605899999999998,10.747680000000004,43.81764951216056,-0.0150381282888787,0.0150381282888787,False,False,False
2024-08-07_05,8,5,1.6024820384287843,3.8972159042619023,0.27648840253990825,Stat3_Etch_MV_Gas2Flow,2.3795307015517837,2.6847217687411256,False,0.6041666666666666,5.463313734276712,False,0.4270833333333333,0.407520193280719,False,0.5416666666666666,0,False,86,98,23,1.954895658115524,3.7384265111616233,0.18604651162790697,False,8.424419471591026,13.31764631476574,0.08139534883720931,False,0.5331477949848535,0.6960477844831642,0.47674418604651164,False,0,False,robust_width__moriInnerCurrent,2.7343561340064806,17,0.9283041149091601,0.0,late_minus_early__ForeLinePressure,ForeLinePressure,0,,0,,False,False,False,False,False,43.646195505617975,8.171861182611591,3.56670650821036,11.5599,10.747240000000003,43.68071564531122,0.0345201396932424,0.0345201396932424,False,False,False
2024-08-07_06,8,6,2.3883353516993844,5.3452860901607595,0.27113107277831633,Stat3_Etch_MV_Heater2Temp,3.7363726246274807,2.6847217687411256,False,0.8854166666666666,5.463313734276712,False,0.9375,0.407520193280719,False,0.5104166666666666,0,False,86,98,23,2.8381973809533725,3.7384265111616233,0.7441860465116279,False,11.089226838529228,13.31764631476574,0.7325581395348837,False,0.5884350984100732,0.6960477844831642,0.7209302325581395,False,0,False,robust_width__Heater4Temp,4.045176649907854,17,2.3300948538532316,0.6046511627906976,late_minus_early__ForeLinePressure,ForeLinePressure,2,4.743019899211991,0,,False,True,False,False,False,43.50728202247191,8.166617189152765,3.5530731721803623,11.435200000000002,10.693639999999997,43.55656833325112,0.0492863107792089,0.0492863107792089,False,False,True
2024-08-07_07,8,7,2.392737056740109,5.040616262906687,0.21600009452541677,Stat3_Etch_MV_PlatenRFLoadCapacitor,2.7042533443628254,2.6847217687411256,False,0.8958333333333334,5.463313734276712,False,0.8854166666666666,0.407520193280719,False,0.25,0,False,86,98,23,1.667788140810103,3.7384265111616233,0.046511627906976744,False,7.5691496772626765,13.31764631476574,0.023255813953488372,False,0.375855500863281,0.6960477844831642,0.011627906976744186,False,0,False,mean__Heater4Temp,1.953416006688677,17,1.4326127362054135,0.19767441860465115,late_minus_early__PlatenRFReflectedPower,PlatenRFReflectedPower,4,3.845600958130291,0,,False,True,False,False,False,43.40571685393258,8.164291443419076,3.5437692270603294,11.510299999999994,10.660239999999996,43.40966341438534,0.0039465604527606,0.0039465604527606,False,False,True
2024-08-07_08,8,8,3.451327388545009,6.87317975227563,0.3022612352282823,Stat3_Etch_MV_Heater4Temp,4.955933385152907,2.6847217687411256,True,1.0,5.463313734276712,True,1.0,0.407520193280719,False,0.65625,2,True,86,98,23,4.1158809046110125,3.7384265111616233,0.9883720930232558,True,19.695113778461813,13.31764631476574,1.0,True,1.0318920205740338,0.6960477844831642,1.0,True,3,True,late_minus_early__SourceRFPeakToPeak,5.5688307465046485,17,3.414033142294159,0.9534883720930233,late_minus_early__PlatenRFTuningCapacitor,PlatenRFTuningCapacitor,5,6.993740160349432,5,2.896138660897544,True,True,True,False,False,43.69908426966292,8.611604534165844,3.763192322355245,12.049100000000005,11.05408,43.9565764637733,0.2574921941103838,0.2574921941103838,True,True,True
2024-08-07_09,8,9,2.8037214979883474,5.501794901248122,0.3220782002924432,Stat3_Etch_MV_Heater2Temp,3.8223136831419806,2.6847217687411256,True,0.9895833333333334,5.463313734276712,True,0.96875,0.407520193280719,False,0.7604166666666666,2,True,86,98,23,4.420311295224403,3.7384265111616233,0.9883720930232558,True,22.652324976108456,13.31764631476574,1.0,True,1.139733546109208,0.6960477844831642,1.0,True,3,True,late_minus_early__Heater2Temp,8.568362611853658,17,2.2318175026977345,0.5930232558139535,robust_width__SourceRFReflectedPower,SourceRFReflectedPower,4,4.852115054231299,1,1.210184784156633,True,True,True,False,False,43.47381460674157,8.577932063820887,3.729154282517733,12.0516,10.979999999999997,43.69983884048951,0.2260242337479425,0.2260242337479425,True,True,True
2024-08-07_10,8,10,2.4272139569155793,5.711784565990095,0.23282535224866144,Stat3_Etch_MV_Heater4Temp,3.3980909766371816,2.6847217687411256,False,0.90625,5.463313734276712,True,0.9895833333333334,0.407520193280719,False,0.3229166666666667,1,False,86,98,23,3.680136393140711,3.7384265111616233,0.9418604651162791,False,16.501558477474692,13.31764631476574,0.9883720930232558,True,0.8937267085921142,0.6960477844831642,1.0,True,2,True,late_minus_early__Heater2Temp,4.096471056486893,17,1.8627862914911195,0.45348837209302323,robust_width__ForeLinePressure,ForeLinePressure,3,4.795335910491716,5,2.546457921365083,True,True,True,False,False,43.21752471910112,8.166249585711862,3.5292509333285165,11.514499999999998,10.54388,43.793077007492506,0.5755522883913855,0.5755522883913855,False,True,True
2024-08-21_01,9,1,1.9120255798561785,3.62799533044683,0.20866717445993152,Stat3_Etch_MV_ForeLinePressure,2.2071028328766613,2.6847217687411256,False,0.8020833333333334,5.463313734276712,False,0.2604166666666667,0.407520193280719,False,0.1875,0,False,86,98,24,3.167321707663043,3.8112094330126984,0.813953488372093,False,11.082335291306567,15.522978573104082,0.8488372093023255,False,0.5354412782643377,0.8361138280137579,0.5232558139534884,False,0,False,late_minus_early__HeliumBPFlow,3.5137769531850775,17,2.0249412296537352,0.5465116279069767,late_minus_early__SourceRFReflectedPower,SourceRFReflectedPower,0,,0,,False,False,False,False,False,44.29168651685393,8.559634676187173,3.791206557764748,12.154899999999998,10.987139999999997,44.3625491282876,0.0708626114336752,0.0708626114336752,True,False,False
2024-08-21_02,9,2,1.392248841011524,3.7025417717694546,0.18281447624129135,Stat3_Etch_MV_PlatenRFLoadCapacitor,1.9533915482337376,2.6847217687411256,False,0.3333333333333333,5.463313734276712,False,0.3229166666666667,0.407520193280719,False,0.09375,0,False,86,98,24,2.1371410753320936,3.8112094330126984,0.3953488372093023,False,9.504931793658178,15.522978573104082,0.4069767441860465,False,0.5009519127399894,0.8361138280137579,0.3023255813953488,False,0,False,std__ForeLinePressure,2.8386261560627277,17,2.8386261560627277,0.813953488372093,std__ForeLinePressure,ForeLinePressure,0,,1,1.1245326350149905,True,False,True,False,False,44.376304494382026,8.513213789038407,3.7778496732814006,12.027,11.020860000000006,44.50008486037688,0.1237803659948539,0.1237803659948539,True,False,True
2024-08-21_03,9,3,1.0968430541672558,2.8929086377565594,0.21556405871454454,Stat3_Etch_MV_Heater1Temp,1.9375431983512361,2.6847217687411256,False,0.08333333333333333,5.463313734276712,False,0.041666666666666664,0.407520193280719,False,0.23958333333333334,0,False,86,98,24,2.2463893151388308,3.8112094330126984,0.5232558139534884,False,8.735887664697142,15.522978573104082,0.13953488372093023,False,0.44848422242904773,0.8361138280137579,0.13953488372093023,False,0,False,robust_width__moriInnerCurrent,2.6858817632858654,17,2.631162089780766,0.7674418604651163,std__ForeLinePressure,ForeLinePressure,0,,0,,False,False,False,False,False,44.198883146067416,8.39907601990181,3.712297795385771,11.878900000000002,10.921719999999992,44.18506320293337,-0.0138199431340453,0.0138199431340453,False,False,False
2024-08-21_04,9,4,1.12934292050148,3.18856715887443,0.19574041242616896,Stat3_Etch_MV_PlatenDcBias,1.5789769297501568,2.6847217687411256,False,0.11458333333333333,5.463313734276712,False,0.09375,0.407520193280719,False,0.125,0,False,86,98,24,2.0002466627269126,3.8112094330126984,0.2441860465116279,False,9.238754114298645,15.522978573104082,0.29069767441860467,False,0.4757862673516376,0.8361138280137579,0.19767441860465115,False,0,False,std__ForeLinePressure,2.641533539796052,17,2.641533539796052,0.7674418604651163,std__ForeLinePressure,ForeLinePressure,0,,0,,False,False,False,False,False,43.97901235955056,8.330717817193243,3.6637674184626974,11.802799999999998,10.825700000000005,43.94909294924091,-0.0299194103096525,0.0299194103096525,False,False,False
2024-08-21_05,9,5,1.4326317223639287,3.6476324406852703,0.1710832081367311,Stat3_Etch_MV_SourceRF2PeakToPeak,1.646371283833085,2.6847217687411256,False,0.3854166666666667,5.463313734276712,False,0.2916666666666667,0.407520193280719,False,0.07291666666666667,0,False,86,98,24,1.9010605647774852,3.8112094330126984,0.19767441860465115,False,8.724649154832235,15.522978573104082,0.13953488372093023,False,0.4438464537142123,0.8361138280137579,0.13953488372093023,False,0,False,std__ForeLinePressure,2.389290125605319,17,2.389290125605319,0.686046511627907,std__ForeLinePressure,ForeLinePressure,0,,0,,False,False,False,False,False,43.78194831460674,8.269600786976287,3.620592342378271,11.7012,10.74096,43.75433727926946,-0.02761103533728,0.02761103533728,False,False,False
2024-08-21_06,9,6,1.4974839926604901,3.6504803598849223,0.2036595015861419,Stat3_Etch_MV_PlatenRFLoadPower,1.7103460188078126,2.6847217687411256,False,0.4479166666666667,5.463313734276712,False,0.3020833333333333,0.407520193280719,False,0.14583333333333334,0,False,86,98,24,1.9193804196545776,3.8112094330126984,0.19767441860465115,False,9.16051804761898,15.522978573104082,0.2558139534883721,False,0.45037472549537333,0.8361138280137579,0.13953488372093023,False,0,False,std__PlatenRFPeakToPeak,2.4762226231001208,17,1.6473506112160465,0.3372093023255814,mean__ForeLinePressure,ForeLinePressure,0,,0,,False,False,False,False,False,43.35196179775281,8.227115235393951,3.5666158539050863,11.5888,10.61734,43.372212179032,0.0202503812791903,0.0202503812791903,False,False,False
2024-08-21_07,9,7,1.4569793096150327,3.7927650218191156,0.167947651821775,Stat3_Etch_MV_SourceRF2PeakToPeak,2.1853399728342056,2.6847217687411256,False,0.4166666666666667,5.463313734276712,False,0.3854166666666667,0.407520193280719,False,0.0625,0,False,86,98,24,2.0165366537575045,3.8112094330126984,0.3023255813953488,False,8.114834333614153,15.522978573104082,0.09302325581395349,False,0.4335983133002369,0.8361138280137579,0.09302325581395349,False,0,False,std__ForeLinePressure,2.3080208717025243,17,2.3080208717025243,0.6744186046511628,std__ForeLinePressure,ForeLinePressure,0,,0,,False,False,False,False,False,43.514860674157305,8.204094809467666,3.5700004259156257,11.484900000000003,10.59742,43.61898636390583,0.1041256897485283,0.1041256897485283,False,False,False
2024-08-21_08,9,8,0.998786800500915,2.3899472364567558,0.16182376234297838,Stat3_Etch_MV_SourceRFLoadPower,1.2716680835279464,2.6847217687411256,False,0.041666666666666664,5.463313734276712,False,0.010416666666666666,0.407520193280719,False,0.052083333333333336,0,False,86,98,24,1.8583474716767554,3.8112094330126984,0.13953488372093023,False,8.970302022759093,15.522978573104082,0.1744186046511628,False,0.4851936707593605,0.8361138280137579,0.2558139534883721,False,0,False,std__Heater3Temp,2.4594297803290073,17,1.7181491915225287,0.37209302325581395,mean__ForeLinePressure,ForeLinePressure,0,,0,,False,False,False,False,False,43.43098426966292,8.196597946231845,3.559863164675467,11.4692,10.607080000000003,43.52476391547836,0.093779645815438,0.093779645815438,False,False,False
2024-08-21_09,9,9,2.0582773656568523,4.570986595250458,0.30114265022033165,Stat3_Etch_MV_SourceRFLoadPower,2.6879313362978183,2.6847217687411256,False,0.84375,5.463313734276712,False,0.7291666666666666,0.407520193280719,False,0.6458333333333334,0,False,86,98,24,3.4713181153739283,3.8112094330126984,0.8837209302325582,False,12.484649154108313,15.522978573104082,0.8953488372093024,False,0.6014361842404593,0.8361138280137579,0.8023255813953488,False,0,False,late_minus_early__PlatenRFTuningCapacitor,4.271954941658345,17,4.271954941658345,1.0,late_minus_early__PlatenRFTuningCapacitor,PlatenRFTuningCapacitor,0,,1,1.1048573393767405,True,False,True,False,False,,,,,,,,,False,False,True
2024-08-21_10,9,10,1.4717300624693894,3.769386520994123,0.22075005804736716,Stat3_Etch_MV_PlatenRFTuningCapacitor,1.6081422710963684,2.6847217687411256,False,0.4270833333333333,5.463313734276712,False,0.375,0.407520193280719,False,0.28125,0,False,86,98,24,1.8974586852996076,3.8112094330126984,0.16279069767441862,False,9.409068999610298,15.522978573104082,0.37209302325581395,False,0.5090292639016505,0.8361138280137579,0.36046511627906974,False,0,False,late_minus_early__PlatenRFPeakToPeak,2.4869547731122363,17,1.5261401654684903,0.23255813953488372,mean__ForeLinePressure,ForeLinePressure,0,,4,1.160568636398479,True,False,True,False,False,43.34042359550562,8.161047972889406,3.5370327612826937,11.537100000000002,10.590099999999993,43.38051920496506,0.040095609459442,0.040095609459442,False,False,True
2024-08-22_01,10,1,2.1460684529519884,5.295120692966309,0.3202577006682793,Stat3_Etch_MV_PlatenRFReflectedPower,2.3271933790747408,2.6847217687411256,False,0.8541666666666666,5.463313734276712,False,0.9166666666666666,0.407520193280719,False,0.75,0,False,86,97,24,3.849138365767627,3.897048184828568,0.9418604651162791,False,13.563708828664145,15.587386380586315,0.9302325581395349,False,0.6547368285980162,0.8493839693477654,0.8837209302325582,False,0,False,std__Heater4Temp,5.1856504145953615,17,3.4269244679906326,0.9186046511627907,std__PlatenRFTuningCapacitor,PlatenRFTuningCapacitor,1,3.020757563360181,0,,False,True,False,False,False,44.3370988764045,8.470729047886776,3.755675513513877,12.012899999999997,11.036499999999997,44.22896084220983,-0.1081380341946669,0.1081380341946669,True,False,True
2024-08-22_02,10,2,1.3436475978835862,3.3133047828930025,0.21116976096657292,Stat3_Etch_MV_Pressure,1.6663720270322817,2.6847217687411256,False,0.25,5.463313734276712,False,0.16666666666666666,0.407520193280719,False,0.20833333333333334,0,False,86,97,24,1.7593568112829587,3.897048184828568,0.06976744186046512,False,8.789456221784013,15.587386380586315,0.18604651162790697,False,0.45530536350218953,0.8493839693477654,0.1511627906976744,False,0,False,std__moriInnerCurrent,1.9487690894281935,17,1.346644801704306,0.11627906976744186,robust_width__PlatenRFReflectedPower,PlatenRFReflectedPower,0,,1,1.027204554462029,True,False,True,False,True,44.01008764044944,8.386034853285441,3.690701288489557,11.8371,10.87366,43.96314313105975,-0.0469445093896894,0.0469445093896894,False,False,True
2024-08-22_03,10,3,1.652095870026048,3.1983684579454987,0.15110149123586086,Stat3_Etch_MV_HeliumBPFlow,1.760175122288497,2.6847217687411256,False,0.6875,5.463313734276712,False,0.10416666666666667,0.407520193280719,False,0.03125,0,False,86,97,24,2.2494235327184207,3.897048184828568,0.4883720930232558,False,9.42060528354289,15.587386380586315,0.3372093023255814,False,0.5091033113639505,0.8493839693477654,0.37209302325581395,False,0,False,robust_width__moriInnerCurrent,2.8374114278855562,17,1.3276627060512383,0.11627906976744186,mean__SourceRFReflectedPower,SourceRFReflectedPower,0,,0,,False,False,False,False,False,44.15319438202248,8.328987538050228,3.677514057729746,11.691300000000004,10.85808,44.045950181522095,-0.1072442005003821,0.1072442005003821,False,False,False
2024-08-22_04,10,4,1.5874828336938065,3.7317511929249783,0.156890046767029,Stat3_Etch_MV_HeliumBPFlow,2.37871871538736,2.6847217687411256,False,0.5833333333333334,5.463313734276712,False,0.3541666666666667,0.407520193280719,False,0.041666666666666664,0,False,86,97,24,1.975692285148495,3.897048184828568,0.18604651162790697,False,8.318795594321914,15.587386380586315,0.10465116279069768,False,0.4695291422177826,0.8493839693477654,0.20930232558139536,False,0,False,robust_width__SourceRFLoadPower,2.2127161748318813,17,1.0616002400845928,0.03488372093023256,mean__SourceRFReflectedPower,SourceRFReflectedPower,0,,0,,False,False,False,False,False,43.86219509404494,8.061965912646315,3.536155217020328,11.32664835,10.50548,43.81466539807264,-0.0475296959723081,0.0475296959723081,False,False,False
2024-08-22_05,10,5,1.3291554709964308,3.894243566734562,0.25850186353188104,Stat3_Etch_MV_PlatenRFLoadPower,1.6760116875294584,2.6847217687411256,False,0.23958333333333334,5.463313734276712,False,0.4166666666666667,0.407520193280719,False,0.4166666666666667,0,False,86,97,24,1.9137181739132423,3.897048184828568,0.13953488372093023,False,8.681983946460326,15.587386380586315,0.16279069767441862,False,0.43092996369916153,0.8493839693477654,0.09302325581395349,False,0,False,late_minus_early__Heater1Temp,2.446540730243955,17,1.3323618277676381,0.11627906976744186,std__SourceRFReflectedPower,SourceRFReflectedPower,0,,0,,False,False,False,False,False,,,,,,,,,False,False,False
2024-08-22_06,10,6,1.603145466748265,4.716447534893371,0.3386901329770215,Stat3_Etch_MV_Pressure,1.8207801168925024,2.6847217687411256,False,0.6145833333333334,5.463313734276712,False,0.7916666666666666,0.407520193280719,False,0.84375,0,False,86,97,24,2.0188824423229557,3.897048184828568,0.2441860465116279,False,9.837584179727722,15.587386380586315,0.47674418604651164,False,0.5633899301393014,0.8493839693477654,0.627906976744186,False,0,False,late_minus_early__PlatenRFLoadPower,3.544291893028708,17,1.2640838550026523,0.06976744186046512,std__SourceRFReflectedPower,SourceRFReflectedPower,0,,0,,False,False,False,False,False,,,,,,,,,False,False,False
2024-08-22_07,10,7,1.2351042994033807,3.599453808876635,0.29981900116365545,Stat3_Etch_MV_PlatenRFLoadPower,1.5008366901782824,2.6847217687411256,False,0.20833333333333334,5.463313734276712,False,0.25,0.407520193280719,False,0.6354166666666666,0,False,86,97,24,2.2029822780634687,3.897048184828568,0.4883720930232558,False,8.310201543382174,15.587386380586315,0.10465116279069768,False,0.4432322420929566,0.8493839693477654,0.10465116279069768,False,0,False,late_minus_early__PlatenRFLoadPower,2.830098296043216,17,1.2887655577496109,0.10465116279069768,late_minus_early__ForeLinePressure,ForeLinePressure,0,,0,,False,False,False,False,False,,,,,,,,,False,False,False
2024-08-22_08,10,8,2.682887673242754,4.6426768948968515,0.1278137068943807,Stat3_Etch_MV_SourceRFLoadPower,3.1985442537613786,2.6847217687411256,False,0.9479166666666666,5.463313734276712,False,0.7708333333333334,0.407520193280719,False,0.010416666666666666,0,False,86,97,24,3.3156295627231125,3.897048184828568,0.8372093023255814,False,9.48607841584442,15.587386380586315,0.3488372093023256,False,0.4532263693153182,0.8493839693477654,0.13953488372093023,False,0,False,late_minus_early__Gas1Flow,3.4325474339624837,17,2.631021644218406,0.7790697674418605,late_minus_early__PlatenRFTuningCapacitor,PlatenRFTuningCapacitor,3,3.289012703933986,1,1.0052438337065417,True,True,True,False,True,,,,,,,,,False,False,True
2024-08-22_09,10,9,1.1918719890025693,3.7271714671308867,0.3233811984040742,Stat3_Etch_MV_Gas2Flow,1.3451934603659579,2.6847217687411256,False,0.15625,5.463313734276712,False,0.3333333333333333,0.407520193280719,False,0.7708333333333334,0,False,86,97,24,1.868772021421479,3.897048184828568,0.12790697674418605,False,9.736229338363984,15.587386380586315,0.43023255813953487,False,0.5033098756584642,0.8493839693477654,0.36046511627906974,False,0,False,robust_width__moriInnerCurrent,2.3025018485369277,17,1.2821927025815576,0.09302325581395349,mean__ForeLinePressure,ForeLinePressure,0,,1,1.0673813016483282,True,False,True,False,False,,,,,,,,,False,False,True
2024-08-22_10,10,10,1.3997192516527446,3.485264346117897,0.2262828683773939,Stat3_Etch_MV_PlatenRFTuningCapacitor,1.4666107364009136,2.6847217687411256,False,0.34375,5.463313734276712,False,0.19791666666666666,0.407520193280719,False,0.2916666666666667,0,False,86,97,24,1.7359831573336897,3.897048184828568,0.06976744186046512,False,7.954511067974541,15.587386380586315,0.05813953488372093,False,0.43072508812935123,0.8493839693477654,0.09302325581395349,False,0,False,late_minus_early__Gas5Flow,2.004567100375934,17,1.5709831658950038,0.23255813953488372,late_minus_early__ForeLinePressure,ForeLinePressure,0,,0,,False,False,False,False,False,,,,,,,,,False,False,False
