experiment_key,lot_number,wafer_number,n_train_wafers,n_kept_predictors,pca_components_90pct,ood_top5_abs_z_mean,ood_top5_abs_z_mean_threshold95_crossfit,ood_top5_abs_z_mean_pct_vs_crossfit,ood_top5_abs_z_mean_flag,ood_mahalanobis,ood_mahalanobis_threshold95_crossfit,ood_mahalanobis_pct_vs_crossfit,ood_mahalanobis_flag,ood_pca_recon_rmse,ood_pca_recon_rmse_threshold95_crossfit,ood_pca_recon_rmse_pct_vs_crossfit,ood_pca_recon_rmse_flag,cross_lot_ood_consensus,cross_lot_ood_candidate,ood_driver_feature,ood_driver_abs_z
2024-08-07_09,8,9,86,98,23,4.420311295224403,3.7384265111616233,0.9883720930232558,True,22.652324976108456,13.31764631476574,1.0,True,1.139733546109208,0.6960477844831642,1.0,True,3,True,late_minus_early__Heater2Temp,8.568362611853658
2024-08-07_08,8,8,86,98,23,4.1158809046110125,3.7384265111616233,0.9883720930232558,True,19.695113778461813,13.31764631476574,1.0,True,1.0318920205740338,0.6960477844831642,1.0,True,3,True,late_minus_early__SourceRFPeakToPeak,5.5688307465046485
2024-07-09_01,3,1,86,98,24,5.562505205248936,4.022179242103981,1.0,True,16.065148715813518,15.20589853023999,0.9651162790697675,True,0.8439712262158959,0.7819616741170741,0.9651162790697675,True,3,True,std__Gas7Flow,7.198988778966115
2024-08-07_10,8,10,86,98,23,3.680136393140711,3.7384265111616233,0.9418604651162791,False,16.501558477474692,13.31764631476574,0.9883720930232558,True,0.8937267085921142,0.6960477844831642,1.0,True,2,True,late_minus_early__Heater2Temp,4.096471056486893
2024-07-19_01,5,1,86,98,23,3.5740384462126884,4.022676962959617,0.8604651162790697,False,15.643439279187666,14.810437599495366,0.9534883720930233,True,0.8192778950346292,0.7882007183974642,0.9651162790697675,True,2,True,std__PlatenRFTuningCapacitor,3.889957815518113
2024-07-02_01,1,1,86,98,24,4.02093575797619,3.8876251637998314,0.9534883720930233,True,14.925480875324666,15.87065611190898,0.9302325581395349,False,0.7558057715648133,0.8391693176986578,0.9186046511627907,False,1,False,late_minus_early__SourceRF2PeakToPeak,4.688749504130845
2024-08-22_01,10,1,86,97,24,3.849138365767627,3.897048184828568,0.9418604651162791,False,13.563708828664145,15.587386380586315,0.9302325581395349,False,0.6547368285980162,0.8493839693477654,0.8837209302325582,False,0,False,std__Heater4Temp,5.1856504145953615
2024-07-05_01,2,1,86,98,24,3.833109978989235,3.849864133210522,0.9418604651162791,False,13.510315030241928,17.09421659723591,0.9069767441860465,False,0.679149161028271,0.9254825600062898,0.8604651162790697,False,0,False,mean__moriInnerCurrent,4.396394068760576
2024-08-05_01,7,1,90,98,24,2.9193729994543536,3.8040963810653556,0.7555555555555555,False,12.590914572064664,15.283539477316385,0.9,False,0.6757243827255562,0.7939057460054271,0.9222222222222223,False,0,False,late_minus_early__Heater4Temp,3.2271260403852917
2024-08-21_09,9,9,86,98,24,3.4713181153739283,3.8112094330126984,0.8837209302325582,False,12.484649154108313,15.522978573104082,0.8953488372093024,False,0.6014361842404593,0.8361138280137579,0.8023255813953488,False,0,False,late_minus_early__PlatenRFTuningCapacitor,4.271954941658345
2024-07-19_02,5,2,86,98,23,2.6674395579058423,4.022676962959617,0.6627906976744186,False,11.630643246485795,14.810437599495366,0.8837209302325582,False,0.6244684541096938,0.7882007183974642,0.8488372093023255,False,0,False,mean__Heater3Temp,2.9858708087814967
2024-08-05_06,7,6,90,98,24,2.535462761659362,3.8040963810653556,0.6555555555555556,False,11.471077860561193,15.283539477316385,0.8666666666666667,False,0.6028393746559154,0.7939057460054271,0.8666666666666667,False,0,False,late_minus_early__Heater1Temp,2.8829446969278743
2024-08-21_01,9,1,86,98,24,3.167321707663043,3.8112094330126984,0.813953488372093,False,11.082335291306567,15.522978573104082,0.8488372093023255,False,0.5354412782643377,0.8361138280137579,0.5232558139534884,False,0,False,late_minus_early__HeliumBPFlow,3.5137769531850775
2024-07-02_02,1,2,86,98,24,3.3957444583507708,3.8876251637998314,0.9069767441860465,False,11.889162776524726,15.87065611190898,0.8372093023255814,False,0.6119886539011851,0.8391693176986578,0.7906976744186046,False,0,False,mean__HeliumBPFlow,4.314807934983095
2024-07-11_05,4,5,86,98,24,3.549443442760303,4.129951084911204,0.8604651162790697,False,10.838140624946027,15.42512975433663,0.813953488372093,False,0.5299717029919278,0.8579604204187089,0.627906976744186,False,0,False,std__PlatenRFReflectedPower,3.6781182107704686
2024-07-09_09,3,9,86,98,24,3.19008230877166,4.022179242103981,0.7906976744186046,False,11.390337051904037,15.20589853023999,0.7906976744186046,False,0.6352338670000003,0.7819616741170741,0.8837209302325582,False,0,False,std__HeliumBPFlow,4.346882759067407
2024-07-19_09,5,9,86,98,23,3.4350829002489656,4.022676962959617,0.8488372093023255,False,10.490944547367105,14.810437599495366,0.7674418604651163,False,0.5044983199626596,0.7882007183974642,0.3953488372093023,False,0,False,late_minus_early__SourceRFLoadPower,3.566134334280549
2024-07-11_01,4,1,86,98,24,2.675585547323066,4.129951084911204,0.686046511627907,False,10.371008014063712,15.42512975433663,0.7558139534883721,False,0.5683228042207178,0.8579604204187089,0.7558139534883721,False,0,False,robust_width__Heater2Temp,3.171387257672385
2024-07-02_04,1,4,86,98,24,3.0524462118115507,3.8876251637998314,0.8255813953488372,False,11.18226699861292,15.87065611190898,0.7441860465116279,False,0.5845635448957375,0.8391693176986578,0.6976744186046512,False,0,False,mean__HeliumBPFlow,3.646647704357861
2024-08-07_06,8,6,86,98,23,2.8381973809533725,3.7384265111616233,0.7441860465116279,False,11.089226838529228,13.31764631476574,0.7325581395348837,False,0.5884350984100732,0.6960477844831642,0.7209302325581395,False,0,False,robust_width__Heater4Temp,4.045176649907854
2024-08-01_04,6,4,86,98,24,1.9726687142771027,3.7697491852900944,0.23255813953488372,False,10.696277602408147,15.20208372601155,0.7325581395348837,False,0.552627005536558,0.7989394846734267,0.686046511627907,False,0,False,late_minus_early__SourceRF2PeakToPeak,2.2370535486393046
2024-07-09_10,3,10,86,98,24,2.4394052524791636,4.022179242103981,0.6162790697674418,False,11.062406017148367,15.20589853023999,0.7209302325581395,False,0.6157231483532342,0.7819616741170741,0.8488372093023255,False,0,False,late_minus_early__PlatenRFLoadPower,2.7982697695342065
2024-07-02_10,1,10,86,98,24,2.889313993937533,3.8876251637998314,0.7790697674418605,False,11.006350662658116,15.87065611190898,0.7209302325581395,False,0.5889798901766353,0.8391693176986578,0.7209302325581395,False,0,False,mean__HeliumBPFlow,3.5622916443763337
2024-08-01_01,6,1,86,98,24,3.1125478981841685,3.7697491852900944,0.8372093023255814,False,10.531896674031383,15.20208372601155,0.7209302325581395,False,0.5379060650344691,0.7989394846734267,0.6162790697674418,False,0,False,late_minus_early__Gas7Flow,3.577745002518146
2024-08-01_10,6,10,86,98,24,2.4238654440347682,3.7697491852900944,0.5697674418604651,False,10.48169612891995,15.20208372601155,0.7093023255813954,False,0.5153968562558365,0.7989394846734267,0.4883720930232558,False,0,False,robust_width__PlatenRFReflectedPower,3.071160558404842
2024-08-01_08,6,8,86,98,24,2.0649864479786375,3.7697491852900944,0.3372093023255814,False,10.409306854721432,15.20208372601155,0.7093023255813954,False,0.5508334312816823,0.7989394846734267,0.686046511627907,False,0,False,robust_width__PlatenRFReflectedPower,2.6048484948889166
2024-08-01_02,6,2,86,98,24,2.382428205284962,3.7697491852900944,0.5581395348837209,False,10.325498052358533,15.20208372601155,0.6976744186046512,False,0.5235985184619864,0.7989394846734267,0.5465116279069767,False,0,False,mean__Gas7Flow,3.2097471967707634
2024-07-19_06,5,6,86,98,23,2.0171396813826235,4.022676962959617,0.26744186046511625,False,10.164559735194755,14.810437599495366,0.6976744186046512,False,0.5552572467665313,0.7882007183974642,0.6627906976744186,False,0,False,late_minus_early__Heater3Temp,2.989515727978163
2024-08-01_03,6,3,86,98,24,2.1310840996096503,3.7697491852900944,0.38372093023255816,False,10.147301045705813,15.20208372601155,0.686046511627907,False,0.5149283446428705,0.7989394846734267,0.4883720930232558,False,0,False,mean__Gas7Flow,2.3769269413619822
2024-07-11_10,4,10,86,98,24,3.17350542345715,4.129951084911204,0.8488372093023255,False,9.961552078174714,15.42512975433663,0.686046511627907,False,0.4951522562326866,0.8579604204187089,0.43023255813953487,False,0,False,std__PlatenRFLoadCapacitor,3.540331966052094
2024-08-05_03,7,3,90,98,24,2.3886062025186914,3.8040963810653556,0.6111111111111112,False,10.266117143817507,15.283539477316385,0.6777777777777778,False,0.5562439111164926,0.7939057460054271,0.7333333333333333,False,0,False,robust_width__SourceRFLoadPower,3.7967923927310685
2024-07-11_09,4,9,86,98,24,2.153461589156536,4.129951084911204,0.5,False,9.9213275206057,15.42512975433663,0.6627906976744186,False,0.5358035714123582,0.8579604204187089,0.6395348837209303,False,0,False,main_active_duration,2.7085168741063863
2024-07-02_03,1,3,86,98,24,3.1272751935077023,3.8876251637998314,0.8488372093023255,False,10.35920824164539,15.87065611190898,0.627906976744186,False,0.562055478438928,0.8391693176986578,0.6046511627906976,False,0,False,mean__HeliumBPFlow,4.394035568661029
2024-07-11_02,4,2,86,98,24,1.9695570169076106,4.129951084911204,0.26744186046511625,False,9.796025004121743,15.42512975433663,0.627906976744186,False,0.574214666448602,0.8579604204187089,0.7906976744186046,False,0,False,mean__HeliumBPPressure,2.3085973298802585
2024-08-07_02,8,2,86,98,23,2.228456611318932,3.7384265111616233,0.45348837209302323,False,10.283472658360203,13.31764631476574,0.6162790697674418,False,0.5687967833406056,0.6960477844831642,0.686046511627907,False,0,False,mean__PlatenRFLoadPower,3.096996067302204
2024-07-19_04,5,4,86,98,23,2.2487226272257232,4.022676962959617,0.4883720930232558,False,9.983473560351547,14.810437599495366,0.6162790697674418,False,0.5150409884373274,0.7882007183974642,0.45348837209302323,False,0,False,mean__PlatenRFLoadPower,2.644872845540586
2024-07-19_05,5,5,86,98,23,1.9629735347187958,4.022676962959617,0.20930232558139536,False,9.96140268208904,14.810437599495366,0.6162790697674418,False,0.48675177260494745,0.7882007183974642,0.29069767441860467,False,0,False,robust_width__Gas1Flow,2.572853630689979
2024-07-02_09,1,9,86,98,24,2.7621664449087224,3.8876251637998314,0.7325581395348837,False,10.280841751254119,15.87065611190898,0.5930232558139535,False,0.5375709582763081,0.8391693176986578,0.5,False,0,False,mean__HeliumBPFlow,3.2386524798611886
2024-07-19_08,5,8,86,98,23,1.9836586525622741,4.022676962959617,0.23255813953488372,False,9.890668997476363,14.810437599495366,0.5930232558139535,False,0.5647077737332197,0.7882007183974642,0.7093023255813954,False,0,False,robust_width__moriInnerCurrent,2.691434316987074
2024-07-11_07,4,7,86,98,24,2.0923634788470244,4.129951084911204,0.4418604651162791,False,9.639955991207044,15.42512975433663,0.5930232558139535,False,0.5667868277532538,0.8579604204187089,0.7558139534883721,False,0,False,robust_width__Heater4Temp,4.045176649907854
2024-07-11_03,4,3,86,98,24,3.2367903428375513,4.129951084911204,0.8488372093023255,False,9.61971075788303,15.42512975433663,0.5930232558139535,False,0.41660335868203585,0.8579604204187089,0.03488372093023256,False,0,False,std__PlatenRFLoadCapacitor,3.5733798898886286
2024-08-01_05,6,5,86,98,24,2.0613105124830553,3.7697491852900944,0.3372093023255814,False,9.844040380058175,15.20208372601155,0.5813953488372093,False,0.49497930485714725,0.7989394846734267,0.32558139534883723,False,0,False,robust_width__PlatenRFReflectedPower,2.6048484948889166
2024-08-01_07,6,7,86,98,24,2.018520279862188,3.7697491852900944,0.26744186046511625,False,9.795705946475815,15.20208372601155,0.5697674418604651,False,0.5075413462382389,0.7989394846734267,0.4418604651162791,False,0,False,robust_width__PlatenRFReflectedPower,2.6048484948889166
2024-07-05_07,2,7,86,98,24,2.088678906291384,3.849864133210522,0.3953488372093023,False,10.074618728318711,17.09421659723591,0.5348837209302325,False,0.5296236047099631,0.9254825600062898,0.45348837209302323,False,0,False,mean__Heater2Temp,3.3503890554924873
2024-07-11_08,4,8,86,98,24,2.2314909207332247,4.129951084911204,0.5465116279069767,False,9.452558766146149,15.42512975433663,0.5116279069767442,False,0.5247171968047071,0.8579604204187089,0.6046511627906976,False,0,False,robust_width__Heater4Temp,4.045176649907854
2024-07-02_07,1,7,86,98,24,2.816646593252046,3.8876251637998314,0.7325581395348837,False,9.903581017754352,15.87065611190898,0.5,False,0.5224213015915493,0.8391693176986578,0.45348837209302323,False,0,False,mean__HeliumBPFlow,3.793545113104655
2024-07-09_02,3,2,86,98,24,2.2764318388527256,4.022179242103981,0.5697674418604651,False,10.034974222972037,15.20589853023999,0.4883720930232558,False,0.5233285364374923,0.7819616741170741,0.45348837209302323,False,0,False,mean__Gas7Flow,3.5950540752119147
2024-08-22_06,10,6,86,97,24,2.0188824423229557,3.897048184828568,0.2441860465116279,False,9.837584179727722,15.587386380586315,0.47674418604651164,False,0.5633899301393014,0.8493839693477654,0.627906976744186,False,0,False,late_minus_early__PlatenRFLoadPower,3.544291893028708
2024-08-22_09,10,9,86,97,24,1.868772021421479,3.897048184828568,0.12790697674418605,False,9.736229338363984,15.587386380586315,0.43023255813953487,False,0.5033098756584642,0.8493839693477654,0.36046511627906974,False,0,False,robust_width__moriInnerCurrent,2.3025018485369277
2024-08-07_01,8,1,86,98,23,2.7117355068743585,3.7384265111616233,0.686046511627907,False,9.725741121247504,13.31764631476574,0.4186046511627907,False,0.46108235105792306,0.6960477844831642,0.13953488372093023,False,0,False,std__ForeLinePressure,3.726763741341717
2024-07-05_02,2,2,86,98,24,2.4452600093004992,3.849864133210522,0.627906976744186,False,9.603501001723087,17.09421659723591,0.4186046511627907,False,0.45596445507660766,0.9254825600062898,0.22093023255813954,False,0,False,mean__Heater2Temp,3.2213727938888734
2024-08-01_06,6,6,86,98,24,2.104237392887137,3.7697491852900944,0.36046511627906974,False,9.432630296094686,15.20208372601155,0.4186046511627907,False,0.48102665238469994,0.7989394846734267,0.27906976744186046,False,0,False,robust_width__PlatenRFReflectedPower,2.4494106006855634
2024-08-21_02,9,2,86,98,24,2.1371410753320936,3.8112094330126984,0.3953488372093023,False,9.504931793658178,15.522978573104082,0.4069767441860465,False,0.5009519127399894,0.8361138280137579,0.3023255813953488,False,0,False,std__ForeLinePressure,2.8386261560627277
2024-07-02_08,1,8,86,98,24,2.8688858846030527,3.8876251637998314,0.7790697674418605,False,9.596590620900779,15.87065611190898,0.3953488372093023,False,0.42490540372651586,0.8391693176986578,0.05813953488372093,False,0,False,mean__HeliumBPFlow,3.6532056980359258
2024-07-02_05,1,5,86,98,24,3.2822225057920242,3.8876251637998314,0.8837209302325582,False,9.529830583212197,15.87065611190898,0.38372093023255816,False,0.43889592016193246,0.8391693176986578,0.06976744186046512,False,0,False,robust_width__HeliumBPFlow,3.500164412924742
2024-08-21_10,9,10,86,98,24,1.8974586852996076,3.8112094330126984,0.16279069767441862,False,9.409068999610298,15.522978573104082,0.37209302325581395,False,0.5090292639016505,0.8361138280137579,0.36046511627906974,False,0,False,late_minus_early__PlatenRFPeakToPeak,2.4869547731122363
2024-08-22_08,10,8,86,97,24,3.3156295627231125,3.897048184828568,0.8372093023255814,False,9.48607841584442,15.587386380586315,0.3488372093023256,False,0.4532263693153182,0.8493839693477654,0.13953488372093023,False,0,False,late_minus_early__Gas1Flow,3.4325474339624837
2024-07-05_09,2,9,86,98,24,2.308193392211673,3.849864133210522,0.5697674418604651,False,9.42448145399697,17.09421659723591,0.3488372093023256,False,0.48365032193291596,0.9254825600062898,0.313953488372093,False,0,False,mean__Heater2Temp,3.386652183102872
2024-07-05_05,2,5,86,98,24,2.1317457086560148,3.849864133210522,0.4418604651162791,False,9.38802341581909,17.09421659723591,0.3488372093023256,False,0.49879978921479845,0.9254825600062898,0.36046511627906974,False,0,False,mean__Heater2Temp,3.434239798746651
2024-07-05_04,2,4,86,98,24,2.5988870766106253,3.849864133210522,0.6395348837209303,False,9.374406477501784,17.09421659723591,0.3488372093023256,False,0.47439012570243727,0.9254825600062898,0.29069767441860467,False,0,False,mean__Heater2Temp,3.3702100769811274
2024-08-22_03,10,3,86,97,24,2.2494235327184207,3.897048184828568,0.4883720930232558,False,9.42060528354289,15.587386380586315,0.3372093023255814,False,0.5091033113639505,0.8493839693477654,0.37209302325581395,False,0,False,robust_width__moriInnerCurrent,2.8374114278855562
2024-07-19_07,5,7,86,98,23,1.9478645486756505,4.022676962959617,0.19767441860465115,False,9.292840047526855,14.810437599495366,0.32558139534883723,False,0.5036357441045708,0.7882007183974642,0.37209302325581395,False,0,False,mean__SourceRFReflectedPower,2.2344808560025844
2024-07-05_08,2,8,86,98,24,2.100359758687783,3.849864133210522,0.3953488372093023,False,9.275739078862324,17.09421659723591,0.32558139534883723,False,0.5075288802393272,0.9254825600062898,0.36046511627906974,False,0,False,mean__Heater2Temp,3.3901833789608977
2024-08-01_09,6,9,86,98,24,2.1116602647679263,3.7697491852900944,0.36046511627906974,False,9.264269340934032,15.20208372601155,0.32558139534883723,False,0.4578626517717496,0.7989394846734267,0.20930232558139536,False,0,False,robust_width__PlatenRFReflectedPower,2.6048484948889166
2024-07-19_03,5,3,86,98,23,1.8162794633622497,4.022676962959617,0.10465116279069768,False,9.245805540750702,14.810437599495366,0.32558139534883723,False,0.5174113401070292,0.7882007183974642,0.45348837209302323,False,0,False,robust_width__SourceRFLoadPower,1.898033926817979
2024-07-02_06,1,6,86,98,24,2.5658115155557244,3.8876251637998314,0.6976744186046512,False,9.282235799816355,15.87065611190898,0.313953488372093,False,0.46433656564565373,0.8391693176986578,0.1511627906976744,False,0,False,mean__HeliumBPFlow,3.8321865054728463
2024-08-07_03,8,3,86,98,23,2.0345029646266175,3.7384265111616233,0.2558139534883721,False,9.202647173629165,13.31764631476574,0.313953488372093,False,0.4626980012474659,0.6960477844831642,0.1511627906976744,False,0,False,mean__PlatenRFLoadPower,2.613307087281978
2024-08-21_04,9,4,86,98,24,2.0002466627269126,3.8112094330126984,0.2441860465116279,False,9.238754114298645,15.522978573104082,0.29069767441860467,False,0.4757862673516376,0.8361138280137579,0.19767441860465115,False,0,False,std__ForeLinePressure,2.641533539796052
2024-07-05_06,2,6,86,98,24,2.0476740634540396,3.849864133210522,0.38372093023255816,False,9.026172639829104,17.09421659723591,0.26744186046511625,False,0.455588639371403,0.9254825600062898,0.22093023255813954,False,0,False,mean__Heater2Temp,3.3612281151100833
2024-07-05_10,2,10,86,98,24,2.3153237215511497,3.849864133210522,0.5697674418604651,False,9.009723816213024,17.09421659723591,0.26744186046511625,False,0.46429167021786416,0.9254825600062898,0.26744186046511625,False,0,False,mean__Heater2Temp,3.3532498760743543
2024-08-21_06,9,6,86,98,24,1.9193804196545776,3.8112094330126984,0.19767441860465115,False,9.16051804761898,15.522978573104082,0.2558139534883721,False,0.45037472549537333,0.8361138280137579,0.13953488372093023,False,0,False,std__PlatenRFPeakToPeak,2.4762226231001208
2024-07-19_10,5,10,86,98,23,2.0043763045386114,4.022676962959617,0.26744186046511625,False,9.077912115383524,14.810437599495366,0.2558139534883721,False,0.49386256734785006,0.7882007183974642,0.313953488372093,False,0,False,std__Heater3Temp,2.3487144069482198
2024-08-05_05,7,5,90,98,24,1.8560525538448325,3.8040963810653556,0.12222222222222222,False,8.65660124324478,15.283539477316385,0.18888888888888888,False,0.4832508720795927,0.7939057460054271,0.3333333333333333,False,0,False,robust_width__PlatenRFReflectedPower,2.048131434873308
2024-08-22_02,10,2,86,97,24,1.7593568112829587,3.897048184828568,0.06976744186046512,False,8.789456221784013,15.587386380586315,0.18604651162790697,False,0.45530536350218953,0.8493839693477654,0.1511627906976744,False,0,False,std__moriInnerCurrent,1.9487690894281935
2024-08-21_08,9,8,86,98,24,1.8583474716767554,3.8112094330126984,0.13953488372093023,False,8.970302022759093,15.522978573104082,0.1744186046511628,False,0.4851936707593605,0.8361138280137579,0.2558139534883721,False,0,False,std__Heater3Temp,2.4594297803290073
2024-08-05_02,7,2,90,98,24,1.825932997712918,3.8040963810653556,0.1,False,8.579816343300257,15.283539477316385,0.16666666666666666,False,0.4457747639272233,0.7939057460054271,0.17777777777777778,False,0,False,std__Heater1Temp,2.108049055890925
2024-08-05_04,7,4,90,98,24,1.6658987355788006,3.8040963810653556,0.044444444444444446,False,8.50378271136587,15.283539477316385,0.16666666666666666,False,0.46843951353539137,0.7939057460054271,0.28888888888888886,False,0,False,mean__SourceRFPeakToPeak,1.8437474082435765
2024-08-22_05,10,5,86,97,24,1.9137181739132423,3.897048184828568,0.13953488372093023,False,8.681983946460326,15.587386380586315,0.16279069767441862,False,0.43092996369916153,0.8493839693477654,0.09302325581395349,False,0,False,late_minus_early__Heater1Temp,2.446540730243955
2024-08-21_03,9,3,86,98,24,2.2463893151388308,3.8112094330126984,0.5232558139534884,False,8.735887664697142,15.522978573104082,0.13953488372093023,False,0.44848422242904773,0.8361138280137579,0.13953488372093023,False,0,False,robust_width__moriInnerCurrent,2.6858817632858654
2024-08-21_05,9,5,86,98,24,1.9010605647774852,3.8112094330126984,0.19767441860465115,False,8.724649154832235,15.522978573104082,0.13953488372093023,False,0.4438464537142123,0.8361138280137579,0.13953488372093023,False,0,False,std__ForeLinePressure,2.389290125605319
2024-07-09_03,3,3,86,98,24,2.096359977787053,4.022179242103981,0.4186046511627907,False,8.54404375522508,15.20589853023999,0.10465116279069768,False,0.3982982608390959,0.7819616741170741,0.03488372093023256,False,0,False,late_minus_early__Heater1Temp,2.8843220409600296
2024-07-09_05,3,5,86,98,24,3.154963621435897,4.022179242103981,0.7906976744186046,False,8.441584131483927,15.20589853023999,0.10465116279069768,False,0.35921296208838405,0.7819616741170741,0.0,False,0,False,late_minus_early__SourceRFLoadPower,3.223649510190547
2024-08-22_04,10,4,86,97,24,1.975692285148495,3.897048184828568,0.18604651162790697,False,8.318795594321914,15.587386380586315,0.10465116279069768,False,0.4695291422177826,0.8493839693477654,0.20930232558139536,False,0,False,robust_width__SourceRFLoadPower,2.2127161748318813
2024-08-22_07,10,7,86,97,24,2.2029822780634687,3.897048184828568,0.4883720930232558,False,8.310201543382174,15.587386380586315,0.10465116279069768,False,0.4432322420929566,0.8493839693477654,0.10465116279069768,False,0,False,late_minus_early__PlatenRFLoadPower,2.830098296043216
2024-07-05_03,2,3,86,98,24,2.1759310625291577,3.849864133210522,0.4883720930232558,False,8.092403182668761,17.09421659723591,0.10465116279069768,False,0.4081142405723834,0.9254825600062898,0.05813953488372093,False,0,False,mean__Heater2Temp,3.2651806115081845
2024-08-21_07,9,7,86,98,24,2.0165366537575045,3.8112094330126984,0.3023255813953488,False,8.114834333614153,15.522978573104082,0.09302325581395349,False,0.4335983133002369,0.8361138280137579,0.09302325581395349,False,0,False,std__ForeLinePressure,2.3080208717025243
2024-07-11_04,4,4,86,98,24,2.0636182812807933,4.129951084911204,0.3953488372093023,False,8.012757209790376,15.42512975433663,0.09302325581395349,False,0.4404841811123032,0.8579604204187089,0.12790697674418605,False,0,False,late_minus_early__ForeLinePressure,2.7346962387659706
2024-08-07_05,8,5,86,98,23,1.954895658115524,3.7384265111616233,0.18604651162790697,False,8.424419471591026,13.31764631476574,0.08139534883720931,False,0.5331477949848535,0.6960477844831642,0.47674418604651164,False,0,False,robust_width__moriInnerCurrent,2.7343561340064806
2024-07-09_08,3,8,86,98,24,1.6945789067645882,4.022179242103981,0.046511627906976744,False,8.347343800311995,15.20589853023999,0.08139534883720931,False,0.4342402582265274,0.7819616741170741,0.046511627906976744,False,0,False,mean__SourceRF2PeakToPeak,1.783450771188424
2024-08-22_10,10,10,86,97,24,1.7359831573336897,3.897048184828568,0.06976744186046512,False,7.954511067974541,15.587386380586315,0.05813953488372093,False,0.43072508812935123,0.8493839693477654,0.09302325581395349,False,0,False,late_minus_early__Gas5Flow,2.004567100375934
2024-07-09_07,3,7,86,98,24,1.495734231415555,4.022179242103981,0.0,False,7.884522388751393,15.20589853023999,0.03488372093023256,False,0.43165102659519977,0.7819616741170741,0.046511627906976744,False,0,False,robust_width__HeliumBPPressure,1.7516406181084627
2024-07-09_06,3,6,86,98,24,1.7324690113964483,4.022179242103981,0.06976744186046512,False,7.652943344543156,15.20589853023999,0.03488372093023256,False,0.40233992255013845,0.7819616741170741,0.046511627906976744,False,0,False,std__Gas2Flow,1.9252755948314417
2024-08-07_07,8,7,86,98,23,1.667788140810103,3.7384265111616233,0.046511627906976744,False,7.5691496772626765,13.31764631476574,0.023255813953488372,False,0.375855500863281,0.6960477844831642,0.011627906976744186,False,0,False,mean__Heater4Temp,1.953416006688677
2024-08-07_04,8,4,86,98,23,1.717915504709568,3.7384265111616233,0.05813953488372093,False,7.486053622433009,13.31764631476574,0.023255813953488372,False,0.3633518092620357,0.6960477844831642,0.011627906976744186,False,0,False,mean__Heater4Temp,1.984244255802338
2024-07-09_04,3,4,86,98,24,1.5279917922692132,4.022179242103981,0.0,False,7.326751803405274,15.20589853023999,0.023255813953488372,False,0.3440684988870219,0.7819616741170741,0.0,False,0,False,late_minus_early__Gas2Flow,1.707464527857908
2024-07-11_06,4,6,86,98,24,1.6278242514176438,4.129951084911204,0.03488372093023256,False,7.039091737704421,15.42512975433663,0.0,False,0.38614949865207276,0.8579604204187089,0.03488372093023256,False,0,False,mean__Heater3Temp,1.9003409130958293
