test_lot,n_train_wafers,n_test_wafers,n_calibration_wafers,n_calibration_lots,n_kept_predictors,calibration_uses_fixed_outer_feature_universe,inner_near_constant_predictors_min,inner_near_constant_predictors_max,pca_components_90pct,inner_pca_components_90pct_min,inner_pca_components_90pct_max,top5_threshold95_crossfit,mahalanobis_threshold95_crossfit,pca_recon_threshold95_crossfit
1,86,10,86,9,98,True,0,1,24,23,23,3.8876251637998314,15.87065611190898,0.8391693176986578
2,86,10,86,9,98,True,0,1,24,22,23,3.849864133210522,17.09421659723591,0.9254825600062898
3,86,10,86,9,98,True,0,1,24,22,23,4.022179242103981,15.20589853023999,0.7819616741170741
4,86,10,86,9,98,True,0,1,24,22,23,4.129951084911204,15.42512975433663,0.8579604204187089
5,86,10,86,9,98,True,0,1,23,22,23,4.022676962959617,14.810437599495366,0.7882007183974642
6,86,10,86,9,98,True,0,1,24,22,23,3.7697491852900944,15.20208372601155,0.7989394846734267
7,90,6,90,9,98,True,0,1,24,22,23,3.8040963810653556,15.283539477316385,0.7939057460054271
8,86,10,86,9,98,True,0,1,23,22,23,3.7384265111616233,13.31764631476574,0.6960477844831642
9,86,10,86,9,98,True,0,1,24,22,23,3.8112094330126984,15.522978573104082,0.8361138280137579
10,86,10,86,9,97,True,0,0,24,22,23,3.897048184828568,15.587386380586315,0.8493839693477654
