experiment_key,lot_number,wafer_number,residual_top5_abs_z_mean,residual_mahalanobis,residual_pca_recon_rmse,residual_driver_feature,residual_driver_abs_z,residual_top5_abs_z_mean_threshold95,residual_top5_abs_z_mean_flag,residual_top5_abs_z_mean_pct,residual_mahalanobis_threshold95,residual_mahalanobis_flag,residual_mahalanobis_pct,residual_pca_recon_rmse_threshold95,residual_pca_recon_rmse_flag,residual_pca_recon_rmse_pct,residual_anomaly_consensus,residual_review_candidate
2024-08-07_08,8,8,3.451327388545009,6.87317975227563,0.3022612352282823,Stat3_Etch_MV_Heater4Temp,4.955933385152907,2.6847217687411256,True,1.0,5.463313734276712,True,1.0,0.407520193280719,False,0.65625,2,True
2024-08-07_09,8,9,2.8037214979883474,5.501794901248122,0.3220782002924432,Stat3_Etch_MV_Heater2Temp,3.8223136831419806,2.6847217687411256,True,0.9895833333333334,5.463313734276712,True,0.96875,0.407520193280719,False,0.7604166666666666,2,True
2024-08-01_04,6,4,1.7342426126155612,5.49929415781357,0.4287673260209323,Stat3_Etch_MV_Heater3Temp,2.172919221325462,2.6847217687411256,False,0.7604166666666666,5.463313734276712,True,0.9583333333333334,0.407520193280719,True,0.96875,2,True
2024-08-07_10,8,10,2.4272139569155793,5.711784565990095,0.23282535224866144,Stat3_Etch_MV_Heater4Temp,3.3980909766371816,2.6847217687411256,False,0.90625,5.463313734276712,True,0.9895833333333334,0.407520193280719,False,0.3229166666666667,1,False
2024-07-19_01,5,1,2.6692171182733118,5.647928096786116,0.18256865277669165,Stat3_Etch_MV_HeliumBPFlow,2.8151491150969967,2.6847217687411256,False,0.9375,5.463313734276712,True,0.9791666666666666,0.407520193280719,False,0.08333333333333333,1,False
2024-07-05_01,2,1,2.6902240552362406,5.451320259764426,0.33613657328036267,Stat3_Etch_MV_moriInnerCurrent,3.20404536767947,2.6847217687411256,True,0.9583333333333334,5.463313734276712,False,0.9479166666666666,0.407520193280719,False,0.8333333333333334,1,False
2024-07-09_06,3,6,1.6297515513526029,5.019038055437291,0.48362246389329244,Stat3_Etch_MV_HeliumBPPressure,2.1956441513424023,2.6847217687411256,False,0.65625,5.463313734276712,False,0.875,0.407520193280719,True,1.0,1,False
2024-07-09_02,3,2,1.6398741226177536,4.948690520968033,0.4506570344818848,Stat3_Etch_MV_Gas7Flow,2.2518811491367012,2.6847217687411256,False,0.6666666666666666,5.463313734276712,False,0.8645833333333334,0.407520193280719,True,0.9791666666666666,1,False
2024-07-19_09,5,9,2.756721813595967,4.85685886781494,0.3349638846508179,Stat3_Etch_MV_Gas1Flow,3.378383246565086,2.6847217687411256,True,0.9791666666666666,5.463313734276712,False,0.8333333333333334,0.407520193280719,False,0.8125,1,False
2024-07-09_05,3,5,2.736219441227301,4.843746117611684,0.2650559161862104,Stat3_Etch_MV_Gas5Flow,3.01188642036944,2.6847217687411256,True,0.96875,5.463313734276712,False,0.8229166666666666,0.407520193280719,False,0.4583333333333333,1,False
2024-08-01_10,6,10,1.6810415186777514,4.776812334403397,0.4823943114598946,Stat3_Etch_MV_SourceRFReflectedPower,2.198802460103024,2.6847217687411256,False,0.7291666666666666,5.463313734276712,False,0.8020833333333334,0.407520193280719,True,0.9895833333333334,1,False
2024-07-11_07,4,7,1.508640334920771,4.29972693462162,0.4160519615395692,Stat3_Etch_MV_Pressure,1.9911231655763086,2.6847217687411256,False,0.46875,5.463313734276712,False,0.59375,0.407520193280719,True,0.9583333333333334,1,False
2024-08-07_06,8,6,2.3883353516993844,5.3452860901607595,0.27113107277831633,Stat3_Etch_MV_Heater2Temp,3.7363726246274807,2.6847217687411256,False,0.8854166666666666,5.463313734276712,False,0.9375,0.407520193280719,False,0.5104166666666666,0,False
2024-07-11_05,4,5,2.3272863322337427,5.339838350507803,0.204578751437341,Stat3_Etch_MV_SourceRFLoadPower,2.962813841770692,2.6847217687411256,False,0.875,5.463313734276712,False,0.9270833333333334,0.407520193280719,False,0.15625,0,False
2024-08-22_01,10,1,2.1460684529519884,5.295120692966309,0.3202577006682793,Stat3_Etch_MV_PlatenRFReflectedPower,2.3271933790747408,2.6847217687411256,False,0.8541666666666666,5.463313734276712,False,0.9166666666666666,0.407520193280719,False,0.75,0,False
2024-07-02_01,1,1,2.534279459187982,5.251940664575886,0.35357078151202603,Stat3_Etch_MV_HeliumBPPressure,3.163305317294368,2.6847217687411256,False,0.9270833333333334,5.463313734276712,False,0.90625,0.407520193280719,False,0.8645833333333334,0,False
2024-08-07_01,8,1,2.5166454961618316,5.182920857148281,0.2638079960784364,Stat3_Etch_MV_Heater3Temp,3.030358005626036,2.6847217687411256,False,0.9166666666666666,5.463313734276712,False,0.8958333333333334,0.407520193280719,False,0.4479166666666667,0,False
2024-08-07_07,8,7,2.392737056740109,5.040616262906687,0.21600009452541677,Stat3_Etch_MV_PlatenRFLoadCapacitor,2.7042533443628254,2.6847217687411256,False,0.8958333333333334,5.463313734276712,False,0.8854166666666666,0.407520193280719,False,0.25,0,False
2024-08-05_03,7,3,1.851646024960075,4.904360288064994,0.2791808551818715,Stat3_Etch_MV_PlatenRFLoadPower,2.700050244142747,2.6847217687411256,False,0.7916666666666666,5.463313734276712,False,0.8541666666666666,0.407520193280719,False,0.5520833333333334,0,False
2024-08-01_01,6,1,1.5832898622532383,4.875473673040394,0.33143996571231077,Stat3_Etch_MV_ForeLinePressure,1.7283053358175269,2.6847217687411256,False,0.5729166666666666,5.463313734276712,False,0.84375,0.407520193280719,False,0.8020833333333334,0,False
2024-07-19_04,5,4,1.9804458950926516,4.83442837511857,0.28108002525212206,Stat3_Etch_MV_PlatenRFLoadPower,3.211422174630099,2.6847217687411256,False,0.8229166666666666,5.463313734276712,False,0.8125,0.407520193280719,False,0.5625,0,False
2024-08-22_06,10,6,1.603145466748265,4.716447534893371,0.3386901329770215,Stat3_Etch_MV_Pressure,1.8207801168925024,2.6847217687411256,False,0.6145833333333334,5.463313734276712,False,0.7916666666666666,0.407520193280719,False,0.84375,0,False
2024-07-11_01,4,1,1.9739024704020889,4.693703412284951,0.3145110209424248,Stat3_Etch_MV_ForeLinePressure,2.240892127133548,2.6847217687411256,False,0.8125,5.463313734276712,False,0.78125,0.407520193280719,False,0.6979166666666666,0,False
2024-08-22_08,10,8,2.682887673242754,4.6426768948968515,0.1278137068943807,Stat3_Etch_MV_SourceRFLoadPower,3.1985442537613786,2.6847217687411256,False,0.9479166666666666,5.463313734276712,False,0.7708333333333334,0.407520193280719,False,0.010416666666666666,0,False
2024-07-09_04,3,4,1.5124348507792822,4.606782308013263,0.3187026681137699,Stat3_Etch_MV_Heater3Temp,1.9028514364889713,2.6847217687411256,False,0.4791666666666667,5.463313734276712,False,0.7604166666666666,0.407520193280719,False,0.7291666666666666,0,False
2024-07-11_03,4,3,2.1591844730019236,4.598851463071633,0.3702686019561881,Stat3_Etch_MV_Gas5Flow,2.4846393718309847,2.6847217687411256,False,0.8645833333333334,5.463313734276712,False,0.75,0.407520193280719,False,0.8958333333333334,0,False
2024-07-09_01,3,1,2.0342341404561086,4.583519394509336,0.2916530017418599,Stat3_Etch_MV_HeliumBPPressure,2.7522605893678627,2.6847217687411256,False,0.8333333333333334,5.463313734276712,False,0.7395833333333334,0.407520193280719,False,0.5833333333333334,0,False
2024-08-21_09,9,9,2.0582773656568523,4.570986595250458,0.30114265022033165,Stat3_Etch_MV_SourceRFLoadPower,2.6879313362978183,2.6847217687411256,False,0.84375,5.463313734276712,False,0.7291666666666666,0.407520193280719,False,0.6458333333333334,0,False
2024-07-19_02,5,2,1.591545198920302,4.527729818113199,0.21132450885320817,Stat3_Etch_MV_PlatenRFReflectedPower,2.24861481133043,2.6847217687411256,False,0.59375,5.463313734276712,False,0.71875,0.407520193280719,False,0.21875,0,False
2024-07-02_04,1,4,1.5665918483328765,4.508270433833539,0.3361108636864131,Stat3_Etch_MV_PlatenDcBias,1.977201482864972,2.6847217687411256,False,0.5625,5.463313734276712,False,0.7083333333333334,0.407520193280719,False,0.8229166666666666,0,False
2024-07-09_09,3,9,1.4021350593577961,4.452457515842948,0.3661117908333755,Stat3_Etch_MV_HeliumBPFlow,2.1239187835415967,2.6847217687411256,False,0.3541666666666667,5.463313734276712,False,0.6979166666666666,0.407520193280719,False,0.8854166666666666,0,False
2024-07-05_05,2,5,1.7349783417778863,4.434895910255982,0.32447233517451646,Stat3_Etch_MV_Heater2Temp,2.355523459625974,2.6847217687411256,False,0.7708333333333334,5.463313734276712,False,0.6875,0.407520193280719,False,0.7916666666666666,0,False
2024-07-11_02,4,2,1.6675787215231117,4.426905571752966,0.2631791771366061,Stat3_Etch_MV_Pressure,2.3079766767893934,2.6847217687411256,False,0.7083333333333334,5.463313734276712,False,0.6770833333333334,0.407520193280719,False,0.4375,0,False
2024-07-02_03,1,3,1.556245083439664,4.416027195489317,0.4004092229634134,Stat3_Etch_MV_SourceRFPeakToPeak,2.1120622470196513,2.6847217687411256,False,0.5520833333333334,5.463313734276712,False,0.6666666666666666,0.407520193280719,False,0.9375,0,False
2024-07-02_09,1,9,1.3528910255074886,4.4131039524881075,0.40467627052776894,Stat3_Etch_MV_ForeLinePressure,2.1608880772575025,2.6847217687411256,False,0.2708333333333333,5.463313734276712,False,0.65625,0.407520193280719,False,0.9479166666666666,0,False
2024-07-19_05,5,5,1.4547828281928463,4.391546037292505,0.29364931296424435,Stat3_Etch_MV_Heater3Temp,1.9382514844500867,2.6847217687411256,False,0.40625,5.463313734276712,False,0.6458333333333334,0.407520193280719,False,0.6041666666666666,0,False
2024-07-11_09,4,9,1.692812388748577,4.362486571094723,0.2997359885376474,Stat3_Etch_MV_SourceRFReflectedPower,1.8587783207388893,2.6847217687411256,False,0.7395833333333334,5.463313734276712,False,0.6354166666666666,0.407520193280719,False,0.625,0,False
2024-07-02_05,1,5,1.4977063116314522,4.324176935495954,0.37144338442627645,Stat3_Etch_MV_ForeLinePressure,1.6926471814872404,2.6847217687411256,False,0.4583333333333333,5.463313734276712,False,0.625,0.407520193280719,False,0.90625,0,False
2024-08-01_06,6,6,1.6465961800651372,4.314751336153339,0.2824066132339664,Stat3_Etch_MV_PlatenRFPeakToPeak,2.062345665763005,2.6847217687411256,False,0.6770833333333334,5.463313734276712,False,0.6145833333333334,0.407520193280719,False,0.5729166666666666,0,False
2024-07-02_06,1,6,1.4947052586797909,4.303836740015859,0.3149782162620569,Stat3_Etch_MV_Gas2Flow,2.043175957439033,2.6847217687411256,False,0.4375,5.463313734276712,False,0.6041666666666666,0.407520193280719,False,0.7083333333333334,0,False
2024-08-01_07,6,7,1.6032188340825435,4.296231079301436,0.32429588317498453,Stat3_Etch_MV_Pressure,1.669440950973854,2.6847217687411256,False,0.625,5.463313734276712,False,0.5833333333333334,0.407520193280719,False,0.78125,0,False
2024-08-07_04,8,4,1.361037972073079,4.283464668547576,0.2008737220544448,Stat3_Etch_MV_Heater1Temp,1.8573047471787392,2.6847217687411256,False,0.2916666666666667,5.463313734276712,False,0.5729166666666666,0.407520193280719,False,0.13541666666666666,0,False
2024-07-05_08,2,8,1.4239625015627757,4.252988034593605,0.3776195761234967,Stat3_Etch_MV_SourceRF2PeakToPeak,1.6519240046573198,2.6847217687411256,False,0.3645833333333333,5.463313734276712,False,0.5625,0.407520193280719,False,0.9166666666666666,0,False
2024-07-05_04,2,4,1.735987997211819,4.250661591597246,0.3189791302626594,Stat3_Etch_MV_PlatenRFLoadPower,2.0965259641848277,2.6847217687411256,False,0.78125,5.463313734276712,False,0.5520833333333334,0.407520193280719,False,0.7395833333333334,0,False
2024-07-02_08,1,8,1.4274347916124532,4.241299296662004,0.3480147458117153,Stat3_Etch_MV_SourceRFPeakToPeak,1.5040462346544348,2.6847217687411256,False,0.375,5.463313734276712,False,0.5416666666666666,0.407520193280719,False,0.8541666666666666,0,False
2024-07-11_10,4,10,1.7014980040989758,4.185721910652429,0.29326471958136946,Stat3_Etch_MV_PlatenDcBias,2.096286881687887,2.6847217687411256,False,0.75,5.463313734276712,False,0.53125,0.407520193280719,False,0.59375,0,False
2024-07-02_02,1,2,1.619915508821596,4.140531228047903,0.3028115205748945,Stat3_Etch_MV_PlatenDcBias,2.0846582829181926,2.6847217687411256,False,0.6458333333333334,5.463313734276712,False,0.5208333333333334,0.407520193280719,False,0.6666666666666666,0,False
2024-07-11_04,4,4,1.355659433441994,4.1336154736268105,0.25965223052515235,Stat3_Etch_MV_SourceRFPeakToPeak,1.8653258869501383,2.6847217687411256,False,0.28125,5.463313734276712,False,0.5104166666666666,0.407520193280719,False,0.4270833333333333,0,False
2024-08-01_09,6,9,1.2042103737957448,4.132538174479294,0.398312420826858,Stat3_Etch_MV_PlatenRFPeakToPeak,1.4519028682561133,2.6847217687411256,False,0.17708333333333334,5.463313734276712,False,0.5,0.407520193280719,False,0.9270833333333334,0,False
2024-07-19_03,5,3,1.312785740420009,4.119572383699622,0.31376819615557083,Stat3_Etch_MV_moriInnerCurrent,1.469135467484001,2.6847217687411256,False,0.22916666666666666,5.463313734276712,False,0.4895833333333333,0.407520193280719,False,0.6875,0,False
2024-08-05_02,7,2,1.6095984029690449,4.101532944253078,0.2692245394720751,Stat3_Etch_MV_Heater1Temp,2.072377986045799,2.6847217687411256,False,0.6354166666666666,5.463313734276712,False,0.4791666666666667,0.407520193280719,False,0.4895833333333333,0,False
2024-07-09_10,3,10,1.5273659085835791,4.0814102946228905,0.3657546398150921,Stat3_Etch_MV_Gas7Flow,1.8781619089143837,2.6847217687411256,False,0.5,5.463313734276712,False,0.46875,0.407520193280719,False,0.875,0,False
2024-07-05_07,2,7,1.3634420335066932,4.0278408561782735,0.309104556110603,Stat3_Etch_MV_Pressure,1.624685271565595,2.6847217687411256,False,0.3020833333333333,5.463313734276712,False,0.4583333333333333,0.407520193280719,False,0.6770833333333334,0,False
2024-07-11_06,4,6,1.5128588852986202,3.9461134842538095,0.22661155718389056,Stat3_Etch_MV_Heater3Temp,2.600514811095668,2.6847217687411256,False,0.4895833333333333,5.463313734276712,False,0.4479166666666667,0.407520193280719,False,0.3020833333333333,0,False
2024-08-05_01,7,1,1.5331671438048846,3.904081355186106,0.14853807279789746,Stat3_Etch_MV_Heater1Temp,2.2702505560219572,2.6847217687411256,False,0.5208333333333334,5.463313734276712,False,0.4375,0.407520193280719,False,0.020833333333333332,0,False
2024-08-07_05,8,5,1.6024820384287843,3.8972159042619023,0.27648840253990825,Stat3_Etch_MV_Gas2Flow,2.3795307015517837,2.6847217687411256,False,0.6041666666666666,5.463313734276712,False,0.4270833333333333,0.407520193280719,False,0.5416666666666666,0,False
2024-08-22_05,10,5,1.3291554709964308,3.894243566734562,0.25850186353188104,Stat3_Etch_MV_PlatenRFLoadPower,1.6760116875294584,2.6847217687411256,False,0.23958333333333334,5.463313734276712,False,0.4166666666666667,0.407520193280719,False,0.4166666666666667,0,False
2024-08-07_02,8,2,1.655877951077251,3.8928518069139963,0.23376052107822043,Stat3_Etch_MV_PlatenRFLoadCapacitor,2.367238368659314,2.6847217687411256,False,0.6979166666666666,5.463313734276712,False,0.40625,0.407520193280719,False,0.3333333333333333,0,False
2024-08-01_05,6,5,1.5547090349506933,3.8541898532682026,0.2571192975534811,Stat3_Etch_MV_PlatenRFLoadPower,2.290870489261192,2.6847217687411256,False,0.5416666666666666,5.463313734276712,False,0.3958333333333333,0.407520193280719,False,0.40625,0,False
2024-08-21_07,9,7,1.4569793096150327,3.7927650218191156,0.167947651821775,Stat3_Etch_MV_SourceRF2PeakToPeak,2.1853399728342056,2.6847217687411256,False,0.4166666666666667,5.463313734276712,False,0.3854166666666667,0.407520193280719,False,0.0625,0,False
2024-08-21_10,9,10,1.4717300624693894,3.769386520994123,0.22075005804736716,Stat3_Etch_MV_PlatenRFTuningCapacitor,1.6081422710963684,2.6847217687411256,False,0.4270833333333333,5.463313734276712,False,0.375,0.407520193280719,False,0.28125,0,False
2024-07-05_06,2,6,1.3717086798823082,3.767959447453586,0.2542850088265235,Stat3_Etch_MV_Heater1Temp,2.2108736481724547,2.6847217687411256,False,0.3125,5.463313734276712,False,0.3645833333333333,0.407520193280719,False,0.3958333333333333,0,False
2024-08-22_04,10,4,1.5874828336938065,3.7317511929249783,0.156890046767029,Stat3_Etch_MV_HeliumBPFlow,2.37871871538736,2.6847217687411256,False,0.5833333333333334,5.463313734276712,False,0.3541666666666667,0.407520193280719,False,0.041666666666666664,0,False
2024-07-05_02,2,2,1.2234996344474154,3.728843333003249,0.2742632499188913,Stat3_Etch_MV_PlatenRFLoadCapacitor,1.8655252535408542,2.6847217687411256,False,0.19791666666666666,5.463313734276712,False,0.34375,0.407520193280719,False,0.53125,0,False
2024-08-22_09,10,9,1.1918719890025693,3.7271714671308867,0.3233811984040742,Stat3_Etch_MV_Gas2Flow,1.3451934603659579,2.6847217687411256,False,0.15625,5.463313734276712,False,0.3333333333333333,0.407520193280719,False,0.7708333333333334,0,False
2024-08-21_02,9,2,1.392248841011524,3.7025417717694546,0.18281447624129135,Stat3_Etch_MV_PlatenRFLoadCapacitor,1.9533915482337376,2.6847217687411256,False,0.3333333333333333,5.463313734276712,False,0.3229166666666667,0.407520193280719,False,0.09375,0,False
2024-08-07_03,8,3,1.531704806785386,3.6846876050259647,0.2518912946486503,Stat3_Etch_MV_Heater1Temp,1.7788203723184897,2.6847217687411256,False,0.5104166666666666,5.463313734276712,False,0.3125,0.407520193280719,False,0.375,0,False
2024-08-21_06,9,6,1.4974839926604901,3.6504803598849223,0.2036595015861419,Stat3_Etch_MV_PlatenRFLoadPower,1.7103460188078126,2.6847217687411256,False,0.4479166666666667,5.463313734276712,False,0.3020833333333333,0.407520193280719,False,0.14583333333333334,0,False
2024-08-21_05,9,5,1.4326317223639287,3.6476324406852703,0.1710832081367311,Stat3_Etch_MV_SourceRF2PeakToPeak,1.646371283833085,2.6847217687411256,False,0.3854166666666667,5.463313734276712,False,0.2916666666666667,0.407520193280719,False,0.07291666666666667,0,False
2024-08-01_02,6,2,1.390651013648314,3.641074903172039,0.266520900762066,Stat3_Etch_MV_Gas7Flow,2.1668867678969708,2.6847217687411256,False,0.3229166666666667,5.463313734276712,False,0.28125,0.407520193280719,False,0.46875,0,False
2024-07-05_09,2,9,1.5432290039774912,3.6370611424653605,0.26900858146187434,Stat3_Etch_MV_SourceRFPeakToPeak,1.7759944574424826,2.6847217687411256,False,0.53125,5.463313734276712,False,0.2708333333333333,0.407520193280719,False,0.4791666666666667,0,False
2024-08-21_01,9,1,1.9120255798561785,3.62799533044683,0.20866717445993152,Stat3_Etch_MV_ForeLinePressure,2.2071028328766613,2.6847217687411256,False,0.8020833333333334,5.463313734276712,False,0.2604166666666667,0.407520193280719,False,0.1875,0,False
2024-08-22_07,10,7,1.2351042994033807,3.599453808876635,0.29981900116365545,Stat3_Etch_MV_PlatenRFLoadPower,1.5008366901782824,2.6847217687411256,False,0.20833333333333334,5.463313734276712,False,0.25,0.407520193280719,False,0.6354166666666666,0,False
2024-07-05_03,2,3,1.3528257566780062,3.5757270012375275,0.21832415522603615,Stat3_Etch_MV_moriInnerCurrent,1.9871362395167917,2.6847217687411256,False,0.2604166666666667,5.463313734276712,False,0.23958333333333334,0.407520193280719,False,0.2708333333333333,0,False
2024-07-05_10,2,10,1.6784339608018066,3.5437081532780397,0.18554386639543968,Stat3_Etch_MV_SourceRF2PeakToPeak,2.0824236357513763,2.6847217687411256,False,0.71875,5.463313734276712,False,0.22916666666666666,0.407520193280719,False,0.10416666666666667,0,False
2024-07-09_08,3,8,1.2034947446508586,3.511233833443016,0.20923078655212757,Stat3_Etch_MV_SourceRF2PeakToPeak,1.6818443586297802,2.6847217687411256,False,0.16666666666666666,5.463313734276712,False,0.21875,0.407520193280719,False,0.19791666666666666,0,False
2024-08-01_03,6,3,1.442309557906458,3.500374641741933,0.25403250108636616,Stat3_Etch_MV_SourceRFPeakToPeak,1.6127297780008467,2.6847217687411256,False,0.3958333333333333,5.463313734276712,False,0.20833333333333334,0.407520193280719,False,0.3854166666666667,0,False
2024-08-22_10,10,10,1.3997192516527446,3.485264346117897,0.2262828683773939,Stat3_Etch_MV_PlatenRFTuningCapacitor,1.4666107364009136,2.6847217687411256,False,0.34375,5.463313734276712,False,0.19791666666666666,0.407520193280719,False,0.2916666666666667,0,False
2024-07-19_10,5,10,1.190764084361099,3.391178821675249,0.19011029507258564,Stat3_Etch_MV_PlatenRFTuningCapacitor,1.4538215504859462,2.6847217687411256,False,0.14583333333333334,5.463313734276712,False,0.1875,0.407520193280719,False,0.11458333333333333,0,False
2024-07-19_06,5,6,1.0369835319197,3.390724143012994,0.2942465312315326,Stat3_Etch_MV_Gas1Flow,1.5996592469274469,2.6847217687411256,False,0.052083333333333336,5.463313734276712,False,0.17708333333333334,0.407520193280719,False,0.6145833333333334,0,False
2024-08-22_02,10,2,1.3436475978835862,3.3133047828930025,0.21116976096657292,Stat3_Etch_MV_Pressure,1.6663720270322817,2.6847217687411256,False,0.25,5.463313734276712,False,0.16666666666666666,0.407520193280719,False,0.20833333333333334,0,False
2024-07-02_10,1,10,1.2107290544830165,3.270022668485146,0.24103954856571377,Stat3_Etch_MV_PlatenRFPeakToPeak,1.8425675036160132,2.6847217687411256,False,0.1875,5.463313734276712,False,0.15625,0.407520193280719,False,0.3541666666666667,0,False
2024-07-11_08,4,8,0.9744377266620112,3.2675372000400484,0.23608307477929394,Stat3_Etch_MV_Heater1Temp,1.0458223247244502,2.6847217687411256,False,0.03125,5.463313734276712,False,0.14583333333333334,0.407520193280719,False,0.34375,0,False
2024-07-19_08,5,8,1.1048468428800464,3.261895494814873,0.2161182819192408,Stat3_Etch_MV_Heater3Temp,1.601361482910288,2.6847217687411256,False,0.10416666666666667,5.463313734276712,False,0.13541666666666666,0.407520193280719,False,0.2604166666666667,0,False
2024-08-05_04,7,4,1.1682608208709189,3.2597857829493435,0.270152042280583,Stat3_Etch_MV_SourceRFPeakToPeak,1.5065489111508352,2.6847217687411256,False,0.125,5.463313734276712,False,0.125,0.407520193280719,False,0.5,0,False
2024-07-02_07,1,7,0.9710594408302761,3.2237018401402744,0.27156856085128955,Stat3_Etch_MV_Heater3Temp,1.8641235628643384,2.6847217687411256,False,0.020833333333333332,5.463313734276712,False,0.11458333333333333,0.407520193280719,False,0.5208333333333334,0,False
2024-08-22_03,10,3,1.652095870026048,3.1983684579454987,0.15110149123586086,Stat3_Etch_MV_HeliumBPFlow,1.760175122288497,2.6847217687411256,False,0.6875,5.463313734276712,False,0.10416666666666667,0.407520193280719,False,0.03125,0,False
2024-08-21_04,9,4,1.12934292050148,3.18856715887443,0.19574041242616896,Stat3_Etch_MV_PlatenDcBias,1.5789769297501568,2.6847217687411256,False,0.11458333333333333,5.463313734276712,False,0.09375,0.407520193280719,False,0.125,0,False
2024-08-05_05,7,5,1.298020945843166,3.1607174636631608,0.2434222704240648,Stat3_Etch_MV_SourceRFPeakToPeak,1.60002596476208,2.6847217687411256,False,0.21875,5.463313734276712,False,0.08333333333333333,0.407520193280719,False,0.3645833333333333,0,False
2024-08-01_08,6,8,1.0938436790272366,3.111191548819632,0.2051015953293457,Stat3_Etch_MV_Pressure,1.6389545696128336,2.6847217687411256,False,0.07291666666666667,5.463313734276712,False,0.07291666666666667,0.407520193280719,False,0.17708333333333334,0,False
2024-07-09_07,3,7,1.1736049627495255,3.090365596763896,0.23099303921641232,Stat3_Etch_MV_SourceRFReflectedPower,1.3779542093067578,2.6847217687411256,False,0.13541666666666666,5.463313734276712,False,0.0625,0.407520193280719,False,0.3125,0,False
2024-07-09_03,3,3,1.0974374342663036,3.0893251729363658,0.31739171560251306,Stat3_Etch_MV_HeliumBPFlow,1.4038097932607614,2.6847217687411256,False,0.09375,5.463313734276712,False,0.052083333333333336,0.407520193280719,False,0.71875,0,False
2024-08-21_03,9,3,1.0968430541672558,2.8929086377565594,0.21556405871454454,Stat3_Etch_MV_Heater1Temp,1.9375431983512361,2.6847217687411256,False,0.08333333333333333,5.463313734276712,False,0.041666666666666664,0.407520193280719,False,0.23958333333333334,0,False
2024-07-19_07,5,7,1.0431866397883227,2.888021729537002,0.20491487726368077,Stat3_Etch_MV_SourceRF2PeakToPeak,1.2097603828072372,2.6847217687411256,False,0.0625,5.463313734276712,False,0.03125,0.407520193280719,False,0.16666666666666666,0,False
2024-08-05_06,7,6,0.9037024863979897,2.7350015673662478,0.2142077731345219,Stat3_Etch_MV_Heater1Temp,1.3625151764988452,2.6847217687411256,False,0.010416666666666666,5.463313734276712,False,0.020833333333333332,0.407520193280719,False,0.22916666666666666,0,False
2024-08-21_08,9,8,0.998786800500915,2.3899472364567558,0.16182376234297838,Stat3_Etch_MV_SourceRFLoadPower,1.2716680835279464,2.6847217687411256,False,0.041666666666666664,5.463313734276712,False,0.010416666666666666,0.407520193280719,False,0.052083333333333336,0,False
