experiment_key,lot_number,wafer_number,vm_informed_n_predictors,vm_informed_max_abs_z,vm_informed_pct_vs_crossfit,vm_informed_driver_feature,vm_informed_driver_sensor
2024-08-21_09,9,9,17,4.271954941658345,1.0,late_minus_early__PlatenRFTuningCapacitor,PlatenRFTuningCapacitor
2024-07-19_01,5,1,17,3.889957815518113,0.9767441860465116,std__PlatenRFTuningCapacitor,PlatenRFTuningCapacitor
2024-08-07_01,8,1,17,3.726763741341717,0.9651162790697675,std__ForeLinePressure,ForeLinePressure
2024-08-07_08,8,8,17,3.414033142294159,0.9534883720930233,late_minus_early__PlatenRFTuningCapacitor,PlatenRFTuningCapacitor
2024-07-02_02,1,2,17,3.290450400333054,0.9534883720930233,robust_width__SourceRFReflectedPower,SourceRFReflectedPower
2024-07-11_05,4,5,17,3.6781182107704686,0.9418604651162791,std__PlatenRFReflectedPower,PlatenRFReflectedPower
2024-08-22_01,10,1,17,3.4269244679906326,0.9186046511627907,std__PlatenRFTuningCapacitor,PlatenRFTuningCapacitor
2024-07-11_03,4,3,17,3.377854698818392,0.9186046511627907,std__PlatenRFReflectedPower,PlatenRFReflectedPower
2024-07-11_10,4,10,17,3.172974634493395,0.9069767441860465,std__PlatenRFReflectedPower,PlatenRFReflectedPower
2024-08-01_10,6,10,17,3.071160558404842,0.9069767441860465,robust_width__PlatenRFReflectedPower,PlatenRFReflectedPower
2024-08-01_01,6,1,17,3.050955297073463,0.9069767441860465,robust_width__ForeLinePressure,ForeLinePressure
2024-07-09_05,3,5,17,3.092485625252616,0.8837209302325582,std__PlatenRFReflectedPower,PlatenRFReflectedPower
2024-07-02_03,1,3,17,2.7469866574455466,0.8372093023255814,robust_width__SourceRFReflectedPower,SourceRFReflectedPower
2024-07-19_02,5,2,17,2.729967942543042,0.8255813953488372,main_active_duration,MainActiveWindow
2024-07-19_09,5,9,17,2.726082524296502,0.8255813953488372,std__PlatenRFReflectedPower,PlatenRFReflectedPower
2024-08-21_02,9,2,17,2.8386261560627277,0.813953488372093,std__ForeLinePressure,ForeLinePressure
2024-07-11_04,4,4,17,2.7346962387659706,0.813953488372093,late_minus_early__ForeLinePressure,ForeLinePressure
2024-07-02_04,1,4,17,2.691295251609062,0.813953488372093,std__SourceRFReflectedPower,SourceRFReflectedPower
2024-07-11_09,4,9,17,2.7085168741063863,0.8023255813953488,main_active_duration,MainActiveWindow
2024-07-09_10,3,10,17,2.6771962029992507,0.7906976744186046,main_active_duration,MainActiveWindow
2024-08-22_08,10,8,17,2.631021644218406,0.7790697674418605,late_minus_early__PlatenRFTuningCapacitor,PlatenRFTuningCapacitor
2024-07-05_01,2,1,17,2.6211096396309723,0.7790697674418605,mean__PlatenRFTuningCapacitor,PlatenRFTuningCapacitor
2024-08-21_04,9,4,17,2.641533539796052,0.7674418604651163,std__ForeLinePressure,ForeLinePressure
2024-08-21_03,9,3,17,2.631162089780766,0.7674418604651163,std__ForeLinePressure,ForeLinePressure
2024-08-01_05,6,5,17,2.6048484948889166,0.7325581395348837,robust_width__PlatenRFReflectedPower,PlatenRFReflectedPower
2024-08-01_07,6,7,17,2.6048484948889166,0.7325581395348837,robust_width__PlatenRFReflectedPower,PlatenRFReflectedPower
2024-08-01_08,6,8,17,2.6048484948889166,0.7325581395348837,robust_width__PlatenRFReflectedPower,PlatenRFReflectedPower
2024-08-01_09,6,9,17,2.6048484948889166,0.7325581395348837,robust_width__PlatenRFReflectedPower,PlatenRFReflectedPower
2024-07-02_01,1,1,17,2.5083958592910354,0.6976744186046512,mean__PlatenRFTuningCapacitor,PlatenRFTuningCapacitor
2024-08-01_06,6,6,17,2.4494106006855634,0.686046511627907,robust_width__PlatenRFReflectedPower,PlatenRFReflectedPower
2024-08-21_05,9,5,17,2.389290125605319,0.686046511627907,std__ForeLinePressure,ForeLinePressure
2024-08-21_07,9,7,17,2.3080208717025243,0.6744186046511628,std__ForeLinePressure,ForeLinePressure
2024-08-05_01,7,1,17,2.44446645389959,0.6666666666666666,late_minus_early__SourceRFReflectedPower,SourceRFReflectedPower
2024-07-02_07,1,7,17,2.4120238852953277,0.6627906976744186,std__SourceRFReflectedPower,SourceRFReflectedPower
2024-07-19_07,5,7,17,2.2344808560025844,0.6162790697674418,mean__SourceRFReflectedPower,SourceRFReflectedPower
2024-07-19_05,5,5,17,2.1860777618055183,0.6162790697674418,mean__SourceRFReflectedPower,SourceRFReflectedPower
2024-08-07_06,8,6,17,2.3300948538532316,0.6046511627906976,late_minus_early__ForeLinePressure,ForeLinePressure
2024-08-07_09,8,9,17,2.2318175026977345,0.5930232558139535,robust_width__SourceRFReflectedPower,SourceRFReflectedPower
2024-08-05_06,7,6,17,2.184169763802183,0.5777777777777777,robust_width__PlatenRFReflectedPower,PlatenRFReflectedPower
2024-07-09_01,3,1,17,2.168514586653649,0.5697674418604651,late_minus_early__SourceRFReflectedPower,SourceRFReflectedPower
2024-07-02_05,1,5,17,2.1473507149348086,0.5697674418604651,late_minus_early__ForeLinePressure,ForeLinePressure
2024-07-11_01,4,1,17,2.112240459169156,0.5465116279069767,std__ForeLinePressure,ForeLinePressure
2024-07-09_09,3,9,17,2.097535699596285,0.5465116279069767,late_minus_early__ForeLinePressure,ForeLinePressure
2024-08-21_01,9,1,17,2.0249412296537352,0.5465116279069767,late_minus_early__SourceRFReflectedPower,SourceRFReflectedPower
2024-08-05_05,7,5,17,2.048131434873308,0.5444444444444444,robust_width__PlatenRFReflectedPower,PlatenRFReflectedPower
2024-07-19_08,5,8,17,1.9597875286637283,0.5232558139534884,mean__SourceRFReflectedPower,SourceRFReflectedPower
2024-07-02_09,1,9,17,2.0338811316177487,0.5116279069767442,std__SourceRFReflectedPower,SourceRFReflectedPower
2024-07-02_06,1,6,17,2.0310352884969274,0.5116279069767442,std__SourceRFReflectedPower,SourceRFReflectedPower
2024-08-07_02,8,2,17,1.9599759757015494,0.4883720930232558,mean__PlatenRFReflectedPower,PlatenRFReflectedPower
2024-07-19_10,5,10,17,1.8854536837749498,0.47674418604651164,mean__SourceRFReflectedPower,SourceRFReflectedPower
2024-08-07_10,8,10,17,1.8627862914911195,0.45348837209302323,robust_width__ForeLinePressure,ForeLinePressure
2024-07-05_02,2,2,17,1.9260162658219868,0.4069767441860465,mean__PlatenRFTuningCapacitor,PlatenRFTuningCapacitor
2024-08-01_02,6,2,17,1.7655868242428185,0.4069767441860465,robust_width__ForeLinePressure,ForeLinePressure
2024-08-01_03,6,3,17,1.7655868242428185,0.4069767441860465,robust_width__ForeLinePressure,ForeLinePressure
2024-07-11_02,4,2,17,1.7427014720104992,0.3953488372093023,robust_width__SourceRFReflectedPower,SourceRFReflectedPower
2024-07-05_07,2,7,17,1.8627838745485963,0.38372093023255816,robust_width__ForeLinePressure,ForeLinePressure
2024-08-21_08,9,8,17,1.7181491915225287,0.37209302325581395,mean__ForeLinePressure,ForeLinePressure
2024-08-05_03,7,3,17,1.6387298115764133,0.35555555555555557,mean__PlatenRFReflectedPower,PlatenRFReflectedPower
2024-07-05_04,2,4,17,1.7443735311973323,0.3488372093023256,late_minus_early__ForeLinePressure,ForeLinePressure
2024-07-05_10,2,10,17,1.677618962323538,0.3488372093023256,mean__PlatenRFReflectedPower,PlatenRFReflectedPower
2024-08-21_06,9,6,17,1.6473506112160465,0.3372093023255814,mean__ForeLinePressure,ForeLinePressure
2024-07-09_03,3,3,17,1.6801316953043637,0.32558139534883723,robust_width__ForeLinePressure,ForeLinePressure
2024-07-09_06,3,6,17,1.6801316953043637,0.32558139534883723,robust_width__ForeLinePressure,ForeLinePressure
2024-07-02_08,1,8,17,1.7114771488764144,0.313953488372093,mean__ForeLinePressure,ForeLinePressure
2024-07-11_06,4,6,17,1.6459935975337503,0.313953488372093,late_minus_early__ForeLinePressure,ForeLinePressure
2024-07-19_03,5,3,17,1.5666757551271493,0.313953488372093,mean__ForeLinePressure,ForeLinePressure
2024-07-02_10,1,10,17,1.645586127040746,0.29069767441860467,robust_width__ForeLinePressure,ForeLinePressure
2024-07-05_08,2,8,17,1.539915593524697,0.27906976744186046,mean__ForeLinePressure,ForeLinePressure
2024-07-05_05,2,5,17,1.5344851113815152,0.27906976744186046,std__SourceRFReflectedPower,SourceRFReflectedPower
2024-07-05_03,2,3,17,1.526261206116104,0.26744186046511625,mean__PlatenRFReflectedPower,PlatenRFReflectedPower
2024-08-07_03,8,3,17,1.5233055207274029,0.2558139534883721,late_minus_early__ForeLinePressure,ForeLinePressure
2024-07-19_04,5,4,17,1.4696586580172524,0.2558139534883721,mean__ForeLinePressure,ForeLinePressure
2024-08-22_10,10,10,17,1.5709831658950038,0.23255813953488372,late_minus_early__ForeLinePressure,ForeLinePressure
2024-08-21_10,9,10,17,1.5261401654684903,0.23255813953488372,mean__ForeLinePressure,ForeLinePressure
2024-08-07_07,8,7,17,1.4326127362054135,0.19767441860465115,late_minus_early__PlatenRFReflectedPower,PlatenRFReflectedPower
2024-07-09_02,3,2,17,1.4239050470378984,0.19767441860465115,late_minus_early__ForeLinePressure,ForeLinePressure
2024-07-19_06,5,6,17,1.361347319350439,0.18604651162790697,mean__ForeLinePressure,ForeLinePressure
2024-08-01_04,6,4,17,1.3789476675162533,0.1744186046511628,mean__PlatenRFReflectedPower,PlatenRFReflectedPower
2024-08-05_02,7,2,17,1.3463322207965096,0.16666666666666666,mean__PlatenRFTuningCapacitor,PlatenRFTuningCapacitor
2024-07-05_06,2,6,17,1.38998854691362,0.16279069767441862,mean__ForeLinePressure,ForeLinePressure
2024-08-22_02,10,2,17,1.346644801704306,0.11627906976744186,robust_width__PlatenRFReflectedPower,PlatenRFReflectedPower
2024-08-22_05,10,5,17,1.3323618277676381,0.11627906976744186,std__SourceRFReflectedPower,SourceRFReflectedPower
2024-08-22_03,10,3,17,1.3276627060512383,0.11627906976744186,mean__SourceRFReflectedPower,SourceRFReflectedPower
2024-07-11_08,4,8,17,1.3186628688500441,0.11627906976744186,late_minus_early__ForeLinePressure,ForeLinePressure
2024-07-05_09,2,9,17,1.2988200555897231,0.11627906976744186,mean__ForeLinePressure,ForeLinePressure
2024-08-22_07,10,7,17,1.2887655577496109,0.10465116279069768,late_minus_early__ForeLinePressure,ForeLinePressure
2024-08-22_09,10,9,17,1.2821927025815576,0.09302325581395349,mean__ForeLinePressure,ForeLinePressure
2024-08-22_06,10,6,17,1.2640838550026523,0.06976744186046512,std__SourceRFReflectedPower,SourceRFReflectedPower
2024-07-11_07,4,7,17,1.227511972147327,0.06976744186046512,main_active_duration,MainActiveWindow
2024-07-09_08,3,8,17,1.2080566198333205,0.046511627906976744,late_minus_early__PlatenRFReflectedPower,PlatenRFReflectedPower
2024-07-09_04,3,4,17,1.182673343990358,0.046511627906976744,robust_width__SourceRFReflectedPower,SourceRFReflectedPower
2024-08-05_04,7,4,17,1.124995292728781,0.044444444444444446,std__SourceRFReflectedPower,SourceRFReflectedPower
2024-08-22_04,10,4,17,1.0616002400845928,0.03488372093023256,mean__SourceRFReflectedPower,SourceRFReflectedPower
2024-08-07_04,8,4,17,1.0445185569464175,0.023255813953488372,mean__SourceRFReflectedPower,SourceRFReflectedPower
2024-07-09_07,3,7,17,0.9828603872477407,0.011627906976744186,mean__SourceRFReflectedPower,SourceRFReflectedPower
2024-08-07_05,8,5,17,0.9283041149091601,0.0,late_minus_early__ForeLinePressure,ForeLinePressure
