lot_number,n_process_wafers,residual_review_count,mean_residual_mahalanobis,cross_lot_ood_count,mean_ood_mahalanobis,spc_i_wafer_count,spc_mr_wafer_count,n_quality_wafers,mean_quality_cv,high_quality_cv_count,vm_rmse,vm_max_abs_error
1,10,0,4.209291095523399,0,10.79555493277036,1,2,9,8.078256070138004,0,0.0651599221937952,0.1158332217849604
2,10,0,4.06710057298273,0,9.67793848251748,1,1,10,8.02444835637778,1,0.1099634353760937,0.1658598837942761
3,10,0,4.222656881014872,1,9.675005523155878,2,4,10,8.22719534154896,0,0.14304477810621,0.2275569083524757
4,10,0,4.325450037190679,0,9.465212770464293,3,1,10,8.215638732201672,1,0.1143166659010795,0.2184644268994446
5,10,0,4.130988376786507,1,10.538168975181335,3,3,10,8.141890126754902,1,0.1377102296827073,0.2700696538130813
6,10,1,4.200193170219324,0,10.092862232170797,1,1,10,8.310991293373798,1,0.1175216225258737,0.2796326991495732
7,6,0,3.6775799002471543,0,10.011384979059043,0,1,6,8.253370017217856,0,0.1183720038971864,0.2085683644432165
8,10,2,4.941380241447901,3,12.262970779509777,6,4,10,8.307087794438432,2,0.2238398479941247,0.5755522883913855
9,10,0,3.523321107393792,0,9.54259305765036,0,3,9,8.317899894808866,2,0.0697982306315652,0.1237803659948539
10,10,0,3.9603802745379992,0,9.409915442006612,2,3,4,8.31192933796719,1,0.0831534905183056,0.1081380341946669
