sensor,feature,pooled_pearson,pooled_spearman,median_within_lot_spearman,n_valid_lots,sequence_adjusted_pearson,sequence_adjusted_spearman,abs_sequence_adjusted_pearson,bootstrap_n_valid,bootstrap_valid_fraction,bootstrap_ci_low,bootstrap_median,bootstrap_ci_high,bootstrap_excludes_zero,target
PlatenRFLoadPower,Stat3_Etch_MV_PlatenRFLoadPower,-0.1075962775945254,-0.1302877672501849,-0.0242424242424242,10,-0.6090159573782149,-0.4855411926314677,0.6090159573782149,1000,1.0,-0.7525493307052288,-0.6171999739141569,-0.4208232411943537,True,Mean Si Etch
HeliumBPPressure,Stat3_Etch_MV_HeliumBPPressure,-0.349007850180684,-0.3290053582388896,-0.278030303030303,10,-0.3998537836551439,-0.4041773801556832,0.3998537836551439,1000,1.0,-0.6149241922086186,-0.4128815238880611,-0.172938121406525,True,Mean Si Etch
Gas1Flow,Stat3_Etch_MV_Gas1Flow,0.0787255953087916,-0.0428128632313057,-0.1696969696969696,10,0.3297721906649786,0.1753020323341904,0.3297721906649786,1000,1.0,-0.02480003657774,0.3216206357596343,0.5625292117254473,False,Mean Si Etch
PlatenRFPeakToPeak,Stat3_Etch_MV_PlatenRFPeakToPeak,-0.6845074351568716,-0.7146807086752845,-0.812121212121212,10,-0.3290350247951198,-0.3127927864464091,0.3290350247951198,1000,1.0,-0.5263769780669585,-0.3332357998937256,-0.1075850762832994,True,Mean Si Etch
Pressure,Stat3_Etch_MV_Pressure,-0.0297144596957452,-0.0012151738226902,-0.303030303030303,10,-0.3078857045204138,-0.2382445141065831,0.3078857045204138,1000,1.0,-0.4096475585529254,-0.3037723619640098,-0.201925700887969,True,Mean Si Etch
Heater4Temp,Stat3_Etch_MV_Heater4Temp,-0.3255919676958222,-0.2827304427459406,-0.1166666666666666,10,0.5513402581978742,0.4654291853052024,0.5513402581978742,1000,1.0,0.166881912204194,0.5510640066247328,0.8201499415153567,True,CV Si Etch
moriInnerCurrent,Stat3_Etch_MV_moriInnerCurrent,-0.572762284054323,-0.5292698390334967,-0.5878787878787879,10,-0.5008002942681009,-0.5019548448451975,0.5008002942681009,1000,1.0,-0.747371383583578,-0.5121791764073373,-0.2395929451302909,True,CV Si Etch
Gas7Flow,Stat3_Etch_MV_Gas7Flow,-0.2436386618300154,-0.1032897749286746,-0.7190476190476192,10,-0.420078130047099,-0.5653376069881301,0.420078130047099,1000,1.0,-0.9077680340241212,-0.4173514111930922,0.0705795464557595,False,CV Si Etch
PlatenRFTuningCapacitor,Stat3_Etch_MV_PlatenRFTuningCapacitor,-0.4874543550598649,-0.5126272410270861,-0.7939393939393937,10,-0.4107251636576775,-0.6259201859744287,0.4107251636576775,1000,1.0,-0.7919879441220533,-0.424263899682208,-0.0947964843477668,True,CV Si Etch
PlatenRFPeakToPeak,Stat3_Etch_MV_PlatenRFPeakToPeak,-0.4748235123505193,-0.4804515515480258,-0.6863636363636363,10,-0.4087995159904279,-0.5156915924060442,0.4087995159904279,1000,1.0,-0.7289729286104782,-0.420020576404857,-0.0586459954530182,True,CV Si Etch
Gas2Flow,Stat3_Etch_MV_Gas2Flow,0.4599717588437363,0.4089147969426931,0.1818181818181818,10,0.3276745112289107,0.2362544468317425,0.3276745112289107,1000,1.0,-0.1163083892645035,0.3019736752427482,0.6803255470285021,False,CV Si Etch
Heater2Temp,Stat3_Etch_MV_Heater2Temp,0.5418180802774891,0.573104152724455,0.4325757575757575,10,0.3158440728501829,0.2004508470994329,0.3158440728501829,1000,1.0,-0.2426041205479802,0.3076745777370661,0.6274046920485984,False,CV Si Etch
