lot_number,n_wafers,first_measured_wafer,last_measured_wafer,first_mean_si_etch,last_mean_si_etch,observed_change_um,mean_si_etch_slope_per_wafer,mean_si_etch_linear_r2,cv_slope_per_wafer,cv_linear_r2
1,9,1,10,44.28899101123595,43.28435730337079,-1.0046337078651604,-0.12323795880149911,0.8341711055137608,-0.02782999525274911,0.7235985605607269
2,10,1,10,44.20857078651686,43.10430337078652,-1.104267415730341,-0.1366955642254,0.8570747615774841,-0.049776421011359415,0.5477318925943075
3,10,1,10,44.18354494382022,42.98307262797753,-1.2004723158426955,-0.11943912665917769,0.8298923962530078,-0.01543066936729823,0.4379659490707678
4,10,1,10,44.30630482640449,43.42402808988764,-0.8822767365168502,-0.1604620296104883,0.836247095112651,-0.03355165335192967,0.674667456869041
5,10,1,10,44.31420112359551,43.02462584269663,-1.2895752808988803,-0.11382169384746439,0.8041960433046469,-0.0400278349723023,0.5676768572186346
6,10,1,10,43.75222247191011,43.2034202247191,-0.5488022471910057,-0.11252694586312512,0.6693479842233816,-0.01404193744234355,0.03169509178121466
7,6,1,6,43.83111460674157,43.370857303370784,-0.4602573033707884,-0.11158879614767062,0.6855915525224252,-0.06945510935222526,0.9626213815352953
8,10,1,10,43.74446306921348,43.21752471910112,-0.5269383501123599,-0.05576079117739054,0.6499836406540214,0.006502440825670204,0.012805338204709193
9,9,1,10,44.29168651685393,43.34042359550562,-0.9512629213483095,-0.13214068321855696,0.862710966180951,-0.046373389348032486,0.8914726626951833
10,4,1,4,44.3370988764045,43.86219509404494,-0.4749037823595543,-0.12816046055056424,0.6658963333144194,-0.12833367209565938,0.8808962835414594
