group_name,experiment_key,date,lot_number,wafer_number,terminal_gap,main_active_start,main_active_end,main_active_duration,main_active_samples,main_mean__Stat3_Etch_MV_EpdIntensity,main_mean__Stat3_Etch_MV_ForeLinePressure,main_mean__Stat3_Etch_MV_Gas1Flow,main_mean__Stat3_Etch_MV_Gas2Flow,main_mean__Stat3_Etch_MV_Gas4Flow,main_mean__Stat3_Etch_MV_Gas5Flow,main_mean__Stat3_Etch_MV_Gas7Flow,main_mean__Stat3_Etch_MV_Heater1Temp,main_mean__Stat3_Etch_MV_Heater2Temp,main_mean__Stat3_Etch_MV_Heater3Temp,main_mean__Stat3_Etch_MV_Heater4Temp,main_mean__Stat3_Etch_MV_HeliumBPFlow,main_mean__Stat3_Etch_MV_HeliumBPPressure,main_mean__Stat3_Etch_MV_PlatenDcBias,main_mean__Stat3_Etch_MV_PlatenRFLoadCapacitor,main_mean__Stat3_Etch_MV_PlatenRFLoadPower,main_mean__Stat3_Etch_MV_PlatenRFPeakToPeak,main_mean__Stat3_Etch_MV_PlatenRFReflectedPower,main_mean__Stat3_Etch_MV_PlatenRFTuningCapacitor,main_mean__Stat3_Etch_MV_Pressure,main_mean__Stat3_Etch_MV_SourceRF2PeakToPeak,main_mean__Stat3_Etch_MV_SourceRF2TuningCapacitor,main_mean__Stat3_Etch_MV_SourceRFLoadPower,main_mean__Stat3_Etch_MV_SourceRFPeakToPeak,main_mean__Stat3_Etch_MV_SourceRFReflectedPower,main_mean__Stat3_Etch_MV_SourceRFTuningCapacitor,main_mean__Stat3_Etch_MV_moriInnerCurrent
Day_2024_07_02_Wafer_01,2024-07-02_01,2024-07-02,1,1,True,29.799999952316284,627.5999999046326,597.7999999523163,2990,0.12300002574920654,133.4037628173828,0.2239665389060974,4.164785385131836,71.42115020751953,440.6698303222656,2.002394676208496,1371.013427734375,54.43598556518555,10.162574768066406,60.00641632080078,1.7187734842300415,14.986849784851074,2.288010358810425,88.54447937011719,44.18059539794922,563.817626953125,3.3795013427734375,27.959007263183594,0.04238973185420036,0.20025859773159027,2.0,2791.768310546875,3276.348388671875,143.3079071044922,3.0,9.998393058776855
Day_2024_07_02_Wafer_02,2024-07-02_02,2024-07-02,1,2,True,43.39999985694885,638.3999998569489,595.0,2976,0.12300001829862595,132.95497131347656,0.23238910734653473,3.96423077583313,71.7951431274414,439.668212890625,2.040130853652954,1371.013916015625,54.44788360595703,10.158197402954102,60.00873565673828,1.7036046981811523,14.98727035522461,3.8966681957244873,89.36408233642578,44.19310760498047,568.3067016601562,3.2039666175842285,28.04364585876465,0.04240299016237259,0.08603840321302414,2.0,2791.500732421875,3271.77294921875,139.7537841796875,3.0,9.999289512634277
Day_2024_07_02_Wafer_03,2024-07-02_03,2024-07-02,1,3,True,30.0,628.0,598.0,2991,0.12300002574920654,132.92724609375,0.20601138472557068,3.971935987472534,71.36173248291016,440.5478820800781,2.044740915298462,1371.0135498046875,54.43229675292969,10.155866622924805,60.01270294189453,1.7094197273254395,14.987339973449707,3.1830570697784424,89.07887268066406,44.136253356933594,567.5936279296875,3.133075714111328,28.128713607788086,0.042398225516080856,0.0892801582813263,2.0,2791.568603515625,3276.68798828125,143.0087127685547,3.0,9.999791145324707
Day_2024_07_02_Wafer_04,2024-07-02_04,2024-07-02,1,4,True,30.0,628.0,598.0,2991,0.12300002574920654,132.6559295654297,0.2517586052417755,3.9896624088287354,71.4278335571289,440.42706298828125,2.0525240898132324,1371.0128173828125,54.444637298583984,10.19999885559082,60.01136779785156,1.6545639038085938,14.98721981048584,3.9203274250030518,88.85464477539062,44.14205551147461,570.4479370117188,3.21022891998291,28.19908905029297,0.042378198355436325,0.05336402729153633,2.0,2791.31591796875,3272.351806640625,140.53114318847656,3.0,9.999157905578613
Day_2024_07_02_Wafer_05,2024-07-02_05,2024-07-02,1,5,True,43.40000009536743,638.2000000476837,594.7999999523163,2975,0.12300002574920654,132.60800170898438,0.2856403589248657,4.063256740570068,71.79541015625,439.4883728027344,2.0564167499542236,1371.0152587890625,54.428775787353516,10.197141647338867,60.015560150146484,1.6436172723770142,14.987268447875977,3.0294878482818604,88.74784851074219,44.206764221191406,569.4656982421875,3.4045114517211914,28.264549255371094,0.04240278899669647,0.0871957391500473,2.0,2791.514404296875,3272.397216796875,142.49281311035156,3.0,9.999791145324707
Day_2024_07_02_Wafer_06,2024-07-02_06,2024-07-02,1,6,True,30.0,628.0,598.0,2991,0.12300002574920654,132.84530639648438,0.2569575309753418,3.880892753601074,71.31305694580078,440.6143493652344,2.0640621185302734,1371.013916015625,54.427555084228516,10.166463851928711,60.010196685791016,1.6681817770004272,14.98721981048584,3.711258888244629,88.8033676147461,44.120784759521484,572.3280029296875,3.3119473457336426,28.279573440551758,0.04239434748888016,0.17850930988788605,2.0,2791.327880859375,3272.716064453125,144.577880859375,3.0,9.999217987060547
Day_2024_07_02_Wafer_07,2024-07-02_07,2024-07-02,1,7,True,30.0,628.0,598.0,2991,0.12300002574920654,132.6422576904297,0.2584386467933655,4.033019065856934,71.47147369384766,440.4184265136719,2.0478434562683105,1371.01220703125,54.41801834106445,10.197993278503418,60.01381301879883,1.6653457880020142,14.987196922302246,3.33174204826355,88.74500274658203,44.12125778198242,571.3047485351562,3.369525194168091,28.2991886138916,0.04238859936594963,0.12499222159385681,2.0,2791.36962890625,3270.783935546875,142.2391815185547,3.0,9.999739646911621
Day_2024_07_02_Wafer_08,2024-07-02_08,2024-07-02,1,8,True,43.39999985694885,638.2000000476837,594.8000001907349,2975,0.12300002574920654,132.46766662597656,0.24438989162445068,4.0866923332214355,71.87028503417969,439.4250793457031,2.0168235301971436,1371.0155029296875,54.42272186279297,10.173108100891113,60.01136016845703,1.6550452709197998,14.987322807312012,3.7010183334350586,88.68281555175781,44.18477249145508,571.8414306640625,3.3440234661102295,28.316646575927734,0.04240705817937851,0.1255618780851364,2.0,2791.360107421875,3269.1103515625,142.43641662597656,3.0,9.99903392791748
Day_2024_07_02_Wafer_09,2024-07-02_09,2024-07-02,1,9,True,29.799999952316284,627.7999999523163,598.0,2991,0.12300002574920654,132.88031005859375,0.20394517481327057,4.067820072174072,71.40557861328125,440.4692687988281,2.0774354934692383,1371.0128173828125,54.42491149902344,10.119725227355957,60.01771926879883,1.624618649482727,14.987292289733887,3.1384479999542236,88.61463928222656,44.13914489746094,571.6339721679688,3.2868006229400635,28.31488800048828,0.04240110516548157,0.06917937099933624,2.0,2791.2939453125,3272.019287109375,144.53915405273438,3.0,9.99985408782959
Day_2024_07_02_Wafer_10,2024-07-02_10,2024-07-02,1,10,True,30.0,628.0,598.0,2991,0.12300002574920654,132.6247100830078,0.26667335629463196,4.042571067810059,71.32038879394531,440.4661560058594,2.069899559020996,1371.0155029296875,54.408390045166016,10.13059139251709,60.00434494018555,1.6483725309371948,14.9872407913208,3.2360434532165527,88.50542449951172,44.102901458740234,569.5614624023438,3.328430652618408,28.315710067749023,0.04240872710943222,0.08948422968387604,2.0,2791.3056640625,3270.74951171875,143.98577880859375,3.0,9.999732971191406
Day_2024_07_05_Wafer_01,2024-07-05_01,2024-07-05,2,1,True,29.800000190734863,627.6000001430511,597.7999999523163,2990,0.12300002574920654,133.3994598388672,0.2061103731393814,4.0853447914123535,71.40704345703125,440.72705078125,1.8772574663162231,1371.0147705078125,54.08247375488281,10.126019477844238,60.04819107055664,1.5574026107788086,14.986953735351562,2.685098171234131,87.88375091552734,44.12114334106445,561.5802612304688,3.3853960037231445,27.948448181152344,0.042398061603307724,0.10931546241044998,2.0,2791.861083984375,3281.841552734375,143.61753845214844,3.0,9.997139930725098
Day_2024_07_05_Wafer_02,2024-07-05_02,2024-07-05,2,2,True,30.0,628.0,598.0,2991,0.12300002574920654,133.0200958251953,0.2118789702653885,4.069036960601807,71.63809967041016,440.1099853515625,2.0106050968170166,1371.0113525390625,54.048545837402344,10.130390167236328,60.0201530456543,1.5032762289047241,14.987135887145996,3.5984597206115723,89.16526794433594,44.083927154541016,564.8697509765625,3.1912200450897217,28.026214599609375,0.042379338294267654,0.08907609432935715,2.0,2791.633544921875,3282.68798828125,141.51170349121094,3.0,9.99886417388916
Day_2024_07_05_Wafer_03,2024-07-05_03,2024-07-05,2,3,True,30.0,628.0,598.0,2991,0.12300002574920654,132.85887145996094,0.2324506938457489,4.010294437408447,71.35891723632812,440.4317932128906,2.044520378112793,1371.01416015625,54.038814544677734,10.131125450134277,60.00715637207031,1.4842288494110107,14.987223625183105,3.680577278137207,88.84532928466797,44.10601043701172,566.3014526367188,3.2330641746520996,28.120914459228516,0.04237993806600571,0.1235637441277504,2.0,2791.51318359375,3281.119384765625,142.2896270751953,3.0,9.99976634979248
Day_2024_07_05_Wafer_04,2024-07-05_04,2024-07-05,2,4,True,43.39999985694885,638.3999998569489,595.0,2976,0.12300001829862595,132.82791137695312,0.29264113306999207,3.972184419631958,71.84629821777344,439.5793762207031,2.0488641262054443,1371.0135498046875,54.01549530029297,10.188909530639648,60.01347351074219,1.5372496843338013,14.987255096435547,3.649617910385132,88.62723541259766,44.201045989990234,569.8881225585938,3.4107666015625,28.219470977783203,0.04239559546113014,0.17607621848583221,2.0,2791.407958984375,3282.431396484375,144.9302520751953,3.0,9.999744415283203
Day_2024_07_05_Wafer_05,2024-07-05_05,2024-07-05,2,5,True,30.0,628.0,598.0,2991,0.12300002574920654,132.8219451904297,0.27180540561676025,3.9603044986724854,71.2811279296875,440.5862731933594,2.063838243484497,1371.0120849609375,54.00127029418945,10.20100212097168,60.017452239990234,1.4352738857269287,14.987223625183105,4.081062316894531,88.49830627441406,44.121490478515625,570.2315673828125,3.3330678939819336,28.24851417541504,0.04238542169332504,0.19514089822769165,2.0,2791.446044921875,3277.49169921875,141.3316192626953,3.0,9.999189376831055
Day_2024_07_05_Wafer_06,2024-07-05_06,2024-07-05,2,6,True,30.0,628.0,598.0,2991,0.12300002574920654,132.66246032714844,0.30862587690353394,3.9828286170959473,71.5746841430664,440.08905029296875,2.061601400375366,1371.0184326171875,54.017486572265625,10.197491645812988,60.00738525390625,1.4696400165557861,14.987199783325195,3.593480348587036,88.4683837890625,44.104557037353516,570.1715087890625,3.2680821418762207,28.290328979492188,0.042385756969451904,0.10912586003541946,2.0,2791.365478515625,3279.755859375,145.147216796875,3.0,9.999990463256836
Day_2024_07_05_Wafer_07,2024-07-05_07,2024-07-05,2,7,True,30.0,628.0,598.0,2991,0.12300002574920654,132.7705078125,0.3344132602214813,3.8922836780548096,71.23998260498047,440.3996276855469,2.0662152767181396,1371.011474609375,54.019893646240234,10.17131233215332,60.007659912109375,1.39800226688385,14.987184524536133,3.347740888595581,88.46131134033203,44.116432189941406,569.0758666992188,3.274954319000244,28.302526473999023,0.042357806116342545,0.15478628873825073,2.0,2791.26220703125,3277.14013671875,144.85821533203125,3.0,9.999686241149902
Day_2024_07_05_Wafer_08,2024-07-05_08,2024-07-05,2,8,True,43.40000009536743,638.4000000953674,595.0,2976,0.12300001829862595,132.56549072265625,0.32174059748649597,3.899714231491089,71.72875213623047,439.8779296875,2.0530309677124023,1371.0166015625,54.01105880737305,10.188944816589355,60.01186752319336,1.4021192789077759,14.987370491027832,3.7747888565063477,88.58150482177734,44.18111038208008,572.3527221679688,3.3825860023498535,28.317182540893555,0.042391665279865265,0.21627533435821533,2.0,2791.286865234375,3276.30419921875,145.31344604492188,3.0,10.000205993652344
Day_2024_07_05_Wafer_09,2024-07-05_09,2024-07-05,2,9,True,30.0,627.7999999523163,597.7999999523163,2990,0.12300002574920654,132.72142028808594,0.2986254096031189,4.086759090423584,71.3451919555664,440.4785461425781,2.0536789894104004,1371.0140380859375,54.0118408203125,10.20050048828125,60.008056640625,1.4565805196762085,14.987212181091309,3.612309217453003,88.42823028564453,44.1450309753418,569.3767700195312,3.3616952896118164,28.313106536865234,0.04240066930651665,0.1569814831018448,2.0,2791.347900390625,3272.816650390625,141.57110595703125,3.0,9.999380111694336
Day_2024_07_05_Wafer_10,2024-07-05_10,2024-07-05,2,10,False,30.0,628.0,598.0,2991,0.12300002574920654,132.67848205566406,0.2419658899307251,4.102962493896484,71.44586181640625,440.2935485839844,2.0387728214263916,1371.01416015625,54.019256591796875,10.197423934936523,60.00902557373047,1.4333136081695557,14.987164497375488,3.3435165882110596,88.4469223022461,44.11594772338867,569.3303833007812,3.2154481410980225,28.30895233154297,0.042366933077573776,0.0534660629928112,2.0,2791.45458984375,3275.3359375,144.58013916015625,3.0,9.999988555908203
Day_2024_07_09_Wafer_01,2024-07-09_01,2024-07-09,3,1,True,30.010000228881836,628.0100002288818,598.0,2991,0.12300002574920654,134.55294799804688,0.47321632504463196,4.231043338775635,71.60075378417969,440.16241455078125,1.9060816764831543,1371.01171875,54.933467864990234,10.165328025817871,60.00056838989258,1.3919503688812256,14.986810684204102,3.1063783168792725,87.89750671386719,44.089561462402344,564.4751586914062,3.474090337753296,28.026857376098633,0.04237218201160431,0.1067790761590004,2.0,2791.597412109375,3286.123779296875,144.5588836669922,3.0,9.99892520904541
Day_2024_07_09_Wafer_02,2024-07-09_02,2024-07-09,3,2,True,43.40000009536743,638.4000000953674,595.0,2976,0.12300001829862595,134.2760009765625,0.27746301889419556,4.274690628051758,71.90026092529297,439.6811218261719,1.8753595352172852,1371.0147705078125,54.926509857177734,10.179534912109375,60.00627899169922,1.4607199430465698,14.987189292907715,4.095930576324463,89.04065704345703,44.173160552978516,568.2424926757812,3.380340337753296,28.100095748901367,0.04239052161574364,0.12300723046064377,2.0,2791.366943359375,3283.013427734375,142.24160766601562,3.0,9.999275207519531
Day_2024_07_09_Wafer_03,2024-07-09_03,2024-07-09,3,3,True,30.0,628.0,598.0,2991,0.12300002574920654,134.13124084472656,0.27750250697135925,4.080601692199707,71.3535385131836,440.44659423828125,1.9500300884246826,1371.0128173828125,54.906219482421875,10.152321815490723,60.01029586791992,1.367211937904358,14.987207412719727,3.933234930038452,88.68578338623047,44.13249206542969,569.27783203125,3.3824422359466553,28.176258087158203,0.04239321127533913,0.10810551792383194,2.0,2791.612548828125,3282.239501953125,141.7761993408203,3.0,9.999671936035156
Day_2024_07_09_Wafer_04,2024-07-09_04,2024-07-09,3,4,True,30.0,628.0,598.0,2991,0.12300002574920654,134.000732421875,0.2956703305244446,3.991494655609131,71.41775512695312,440.5993957519531,2.032163143157959,1371.01416015625,54.897159576416016,10.12978744506836,60.01811599731445,1.4269485473632812,14.987225532531738,4.086235046386719,88.45510864257812,44.1065788269043,570.3460693359375,3.4207210540771484,28.236282348632812,0.04238265007734299,0.19202886521816254,2.0,2791.485595703125,3280.44677734375,141.794189453125,3.0,9.99890422821045
Day_2024_07_09_Wafer_05,2024-07-09_05,2024-07-09,3,5,True,15.410000085830688,617.6099998950958,602.1999998092651,3012,0.12300002574920654,133.96612548828125,0.6346812844276428,4.047755718231201,72.29280090332031,438.5875549316406,2.0600531101226807,1371.013671875,54.90178680419922,10.174866676330566,60.0119514465332,1.413656234741211,14.987127304077148,3.5255463123321533,88.67259979248047,44.069183349609375,568.6152954101562,3.6042237281799316,28.330360412597656,0.04236636683344841,0.2313712239265442,1.9980080127716064,2790.866455078125,3279.28759765625,143.02146911621094,3.0,9.999748229980469
Day_2024_07_09_Wafer_06,2024-07-09_06,2024-07-09,3,6,True,30.0,628.0,598.0,2991,0.12300002574920654,133.93421936035156,0.30946505069732666,4.124667167663574,71.34928131103516,440.4446716308594,2.0720462799072266,1371.010986328125,54.900230407714844,10.186023712158203,60.014102935791016,1.4673000574111938,14.987415313720703,3.7196154594421387,88.26553344726562,44.088768005371094,570.7496948242188,3.3005599975585938,28.31402015686035,0.042403776198625565,0.1421850323677063,2.0,2791.374755859375,3278.5517578125,143.35108947753906,3.0,9.999456405639648
Day_2024_07_09_Wafer_07,2024-07-09_07,2024-07-09,3,7,True,30.0,627.7999999523163,597.7999999523163,2990,0.12300002574920654,133.95135498046875,0.2586822509765625,3.9584548473358154,71.22248840332031,440.82708740234375,2.067418098449707,1371.0147705078125,54.901939392089844,10.175651550292969,60.01802444458008,1.4223417043685913,14.98725700378418,3.3611490726470947,88.27997589111328,44.09650802612305,570.6630249023438,3.3161323070526123,28.327659606933594,0.04238371178507805,0.12416645139455795,2.0,2791.278564453125,3280.365234375,146.28518676757812,3.0,9.999992370605469
Day_2024_07_09_Wafer_08,2024-07-09_08,2024-07-09,3,8,True,30.0,628.0,598.0,2991,0.12300002574920654,133.8786163330078,0.2634704113006592,3.9161417484283447,71.3481674194336,440.4265441894531,2.0372817516326904,1371.0179443359375,54.90240478515625,10.173853874206543,60.01474380493164,1.4070433378219604,14.987253189086914,3.6828012466430664,88.21678924560547,44.07835388183594,572.4397583007812,3.3981149196624756,28.336780548095703,0.04236837103962898,0.2110072672367096,2.0,2791.23779296875,3278.52490234375,145.57150268554688,3.0,9.999382019042969
Day_2024_07_09_Wafer_09,2024-07-09_09,2024-07-09,3,9,True,30.0,628.0099999904633,598.0099999904633,2991,0.12300002574920654,133.85166931152344,0.3176395893096924,3.926556348800659,71.34599304199219,440.35992431640625,2.026890516281128,1371.013916015625,54.904415130615234,10.192310333251953,60.00725173950195,1.5132914781570435,14.987260818481445,3.347628593444824,88.27267456054688,44.086605072021484,571.2600708007812,3.407221555709839,28.33940887451172,0.04240080341696739,0.052547749131917953,2.0,2791.397705078125,3275.861572265625,143.23043823242188,3.0,10.000067710876465
Day_2024_07_09_Wafer_10,2024-07-09_10,2024-07-09,3,10,False,56.80999994277954,648.6099998950958,591.7999999523163,2960,0.12300002574920654,133.88046264648438,0.33860811591148376,3.9950168132781982,71.28672790527344,440.48858642578125,2.012287139892578,1371.0172119140625,54.921791076660156,10.19999885559082,60.01753616333008,1.3867764472961426,14.987305641174316,3.7621588706970215,88.23624420166016,44.09880065917969,571.4425659179688,3.3298683166503906,28.34434700012207,0.042396385222673416,0.1086190938949585,2.0,2791.37158203125,3277.05078125,145.8466339111328,3.0,9.999115943908691
Day_2024_07_11_Wafer_01,2024-07-11_01,2024-07-11,4,1,True,30.0,628.0,598.0,2991,0.12300002574920654,134.521728515625,0.31577399373054504,3.9671010971069336,71.31192779541016,440.7384338378906,1.9921832084655762,1371.013916015625,54.70367431640625,10.18067455291748,59.68736267089844,1.385474443435669,14.98735523223877,3.744858980178833,87.77864074707031,44.061397552490234,562.3648681640625,3.456902265548706,27.99872589111328,0.042349714785814285,0.18264169991016388,2.0,2791.80615234375,3282.390869140625,142.5255584716797,3.0,9.998344421386719
Day_2024_07_11_Wafer_02,2024-07-11_02,2024-07-11,4,2,True,30.0,628.0,598.0,2991,0.12300002574920654,134.197265625,0.33368101716041565,3.989020347595215,71.48607635498047,440.3141784667969,2.038248062133789,1371.0186767578125,54.72173309326172,10.18806266784668,59.70284652709961,1.3653995990753174,14.987472534179688,4.060727119445801,88.84431457519531,44.05276107788086,565.88818359375,3.258164405822754,28.07347869873047,0.04240982607007027,0.06846512854099274,2.0,2791.61181640625,3282.9501953125,141.21290588378906,3.0,9.999658584594727
Day_2024_07_11_Wafer_03,2024-07-11_03,2024-07-11,4,3,True,15.599999904632568,617.5999999046326,602.0,3011,0.12300002574920654,133.9691619873047,0.6108402609825134,3.97871470451355,72.27454376220703,438.7196960449219,2.0400032997131348,1371.013427734375,54.71112060546875,10.18369197845459,59.70611572265625,1.3371878862380981,14.98729419708252,4.760502338409424,88.77436065673828,44.054508209228516,568.6416015625,3.583801507949829,28.199913024902344,0.042356591671705246,0.08767356723546982,1.9983394145965576,2791.065185546875,3279.649169921875,140.64244079589844,3.0,9.999476432800293
Day_2024_07_11_Wafer_04,2024-07-11_04,2024-07-11,4,4,True,30.0,628.0,598.0,2991,0.12300002574920654,133.88075256347656,0.3458475172519684,3.990658760070801,71.30661010742188,440.5941467285156,2.056422472000122,1371.013916015625,54.7236328125,10.175792694091797,59.699466705322266,1.3457871675491333,14.987271308898926,4.0878987312316895,88.44324493408203,44.11296463012695,568.59521484375,3.393967628479004,28.229829788208008,0.04238782823085785,0.12325764447450638,2.0,2791.37841796875,3283.389404296875,144.4309539794922,3.0,9.999653816223145
Day_2024_07_11_Wafer_05,2024-07-11_05,2024-07-11,4,5,True,15.400000095367432,617.6000001430511,602.2000000476837,3012,0.12300002574920654,133.79702758789062,0.6473206877708435,4.000086307525635,72.07793426513672,438.962646484375,2.0579614639282227,1371.0189208984375,54.69814682006836,10.148272514343262,59.7089958190918,1.3651319742202759,14.987188339233398,4.537318229675293,88.728515625,44.046749114990234,569.4629516601562,3.6926028728485107,28.32609748840332,0.04236261546611786,0.1760995090007782,1.9980080127716064,2790.783447265625,3278.0224609375,142.0012664794922,3.0,9.999375343322754
Day_2024_07_11_Wafer_06,2024-07-11_06,2024-07-11,4,6,True,30.0,628.0,598.0,2991,0.12300002574920654,133.97360229492188,0.3429889678955078,3.920297622680664,71.35977172851562,440.4268493652344,2.0615713596343994,1371.013916015625,54.703914642333984,10.121931076049805,59.70969772338867,1.366658329963684,14.987323760986328,3.9913742542266846,88.48527526855469,44.09257507324219,570.22021484375,3.324390172958374,28.305335998535156,0.0423717126250267,0.12397187948226929,2.0,2791.3642578125,3281.064453125,145.24624633789062,3.0,9.999541282653809
Day_2024_07_11_Wafer_07,2024-07-11_07,2024-07-11,4,7,True,43.39999985694885,638.3999998569489,595.0,2976,0.12300001829862595,133.84828186035156,0.3238911032676697,4.082137107849121,71.70986938476562,439.5068054199219,2.0709104537963867,1371.013916015625,54.71283721923828,10.165287971496582,59.71660232543945,1.3247740268707275,14.987349510192871,4.248174667358398,88.56573486328125,44.14674758911133,571.2816162109375,3.363973379135132,28.32709503173828,0.042410146445035934,0.08629477769136429,2.0,2791.1845703125,3279.34814453125,145.8026123046875,3.0,9.999619483947754
Day_2024_07_11_Wafer_08,2024-07-11_08,2024-07-11,4,8,True,43.39999985694885,638.3999998569489,595.0,2976,0.12300001829862595,133.78807067871094,0.3980073928833008,3.9071943759918213,71.83525848388672,439.7630615234375,2.0484373569488525,1371.0166015625,54.69835662841797,10.189481735229492,59.719520568847656,1.3157092332839966,14.98733901977539,4.0386881828308105,88.52960205078125,44.135963439941406,570.86767578125,3.376448392868042,28.33500862121582,0.042385686188936234,0.15936076641082764,2.0,2791.21728515625,3279.4677734375,145.8214111328125,3.0,9.999560356140137
Day_2024_07_11_Wafer_09,2024-07-11_09,2024-07-11,4,9,True,56.799999952316284,648.7999999523163,592.0,2961,0.12300001829862595,133.7412567138672,0.3367443382740021,3.915346145629883,71.37467193603516,440.1913146972656,2.0329177379608154,1371.012451171875,54.707393646240234,10.186320304870605,59.712528228759766,1.3318982124328613,14.987427711486816,4.470739841461182,88.41253662109375,44.07596206665039,570.7000122070312,3.4860827922821045,28.33483123779297,0.04239378497004509,0.10657257586717606,2.0,2791.3623046875,3275.560302734375,142.1044158935547,3.0,9.999628067016602
Day_2024_07_11_Wafer_10,2024-07-11_10,2024-07-11,4,10,False,15.599999904632568,617.5999999046326,602.0,3011,0.12300002574920654,133.875,0.5901228189468384,3.8858420848846436,72.14404296875,438.82061767578125,2.0856528282165527,1371.014404296875,54.69851303100586,10.187544822692871,59.70757293701172,1.3350193500518799,14.987166404724121,3.3547756671905518,88.8134536743164,44.0802001953125,568.8521118164062,3.594261407852173,28.363544464111328,0.04235636070370674,0.10475218296051025,1.9983394145965576,2790.8408203125,3277.85986328125,145.28323364257812,3.0,9.999764442443848
Day_2024_07_19_Wafer_01,2024-07-19_01,2024-07-19,5,1,True,15.599999904632568,617.7999999523163,602.2000000476837,3012,0.12300002574920654,134.66494750976562,0.5513445734977722,4.122168064117432,72.39199829101562,438.5082092285156,1.9887217283248901,1371.0106201171875,54.40159225463867,10.113810539245605,59.730411529541016,1.5550525188446045,14.987080574035645,3.384443998336792,87.901123046875,44.07588577270508,562.034423828125,3.7773797512054443,28.049028396606445,0.042343657463788986,0.14367611706256866,1.9980080127716064,2791.312744140625,3286.78076171875,147.94174194335938,3.0,9.99771785736084
Day_2024_07_19_Wafer_02,2024-07-19_02,2024-07-19,5,2,True,57.0,648.8000001907349,591.8000001907349,2960,0.12300002574920654,134.4468231201172,0.2166452705860138,4.190756797790527,71.44116973876953,440.2176208496094,2.042820930480957,1371.0157470703125,54.404598236083984,10.101046562194824,59.71759796142578,1.3779689073562622,14.987380981445312,4.287778377532959,88.64920043945312,44.183013916015625,565.2611694335938,3.2641093730926514,28.07064437866211,0.04234212636947632,0.05289187654852867,2.0,2791.630615234375,3286.204833984375,144.20477294921875,3.0,9.999034881591797
Day_2024_07_19_Wafer_03,2024-07-19_03,2024-07-19,5,3,True,30.0,628.0,598.0,2991,0.12300002574920654,134.35775756835938,0.25012704730033875,4.20068883895874,71.5027084350586,440.26708984375,2.051424264907837,1371.016357421875,54.427215576171875,10.12905216217041,59.71106719970703,1.4053618907928467,14.987347602844238,4.444223403930664,88.47937774658203,44.146236419677734,568.303466796875,3.346383571624756,28.1549072265625,0.04237579554319382,0.12335967272520065,2.0,2791.724853515625,3286.1083984375,144.2824249267578,3.0,9.99977970123291
Day_2024_07_19_Wafer_04,2024-07-19_04,2024-07-19,5,4,True,43.40000009536743,638.4000000953674,595.0,2976,0.12300001829862595,134.29763793945312,0.2285853624343872,4.174361705780029,71.83623504638672,439.3089599609375,2.066824436187744,1371.011962890625,54.42765426635742,10.167237281799316,59.71223068237305,1.399888277053833,14.987493515014648,4.377980709075928,88.39985656738281,44.265037536621094,568.4948120117188,3.4557597637176514,28.230087280273438,0.042392268776893616,0.15407949686050415,2.0,2791.32958984375,3284.354736328125,144.98184204101562,3.0,9.999650955200195
Day_2024_07_19_Wafer_05,2024-07-19_05,2024-07-19,5,5,True,30.0,627.8000001907349,597.8000001907349,2990,0.12300002574920654,134.28521728515625,0.1804213970899582,4.14630126953125,71.56962585449219,440.23724365234375,2.062959909439087,1371.01611328125,54.41889572143555,10.188761711120605,59.714351654052734,1.413291096687317,14.987241744995117,4.409292221069336,88.33070373535156,44.13125991821289,569.8006591796875,3.4479384422302246,28.267417907714844,0.0423673540353775,0.07109077274799347,2.0,2791.43017578125,3286.410400390625,148.121337890625,3.0,10.00011157989502
Day_2024_07_19_Wafer_06,2024-07-19_06,2024-07-19,5,6,True,30.0,628.0,598.0,2991,0.12300002574920654,134.23052978515625,0.13956871628761292,4.092270374298096,71.59869384765625,440.0421142578125,2.0668137073516846,1371.01416015625,54.40324783325195,10.147976875305176,59.70956802368164,1.3789620399475098,14.98736572265625,4.37890100479126,88.30451965332031,44.139915466308594,569.5673217773438,3.401650905609131,28.29772186279297,0.04236208274960518,0.13983823359012604,2.0,2791.4052734375,3282.537841796875,145.34796142578125,3.0,9.999560356140137
Day_2024_07_19_Wafer_07,2024-07-19_07,2024-07-19,5,7,True,29.799999952316284,627.7999999523163,598.0,2991,0.12300002574920654,134.29359436035156,0.2664727568626404,4.067686557769775,71.41450500488281,440.4175720214844,2.0556201934814453,1371.013427734375,54.405548095703125,10.167936325073242,59.708961486816406,1.4388092756271362,14.987298965454102,4.192412376403809,88.30069732666016,44.13170623779297,571.3467407226562,3.364351749420166,28.316089630126953,0.0423688068985939,0.05443539097905159,2.0,2791.32373046875,3284.326904296875,148.2172393798828,3.0,9.999863624572754
Day_2024_07_19_Wafer_08,2024-07-19_08,2024-07-19,5,8,True,30.009999990463257,628.0099999904633,598.0,2991,0.12300002574920654,134.3144989013672,0.2843530476093292,4.00892972946167,71.43724060058594,440.3482971191406,2.0507254600524902,1371.014892578125,54.412837982177734,10.145936965942383,59.71986389160156,1.420719861984253,14.987277030944824,4.232195854187012,88.2925033569336,44.1437873840332,570.4576416015625,3.329486846923828,28.324907302856445,0.04235723614692688,0.12305356562137604,2.0,2791.21142578125,3282.563720703125,147.67306518554688,3.0,9.999520301818848
Day_2024_07_19_Wafer_09,2024-07-19_09,2024-07-19,5,9,True,15.399999856948853,617.5999999046326,602.2000000476837,3012,0.12300002574920654,134.13856506347656,0.6395584940910339,4.118373394012451,72.3346939086914,438.53643798828125,2.0691566467285156,1371.0103759765625,54.40285873413086,10.190901756286621,59.710723876953125,1.368143916130066,14.98725414276123,3.902174234390259,88.464599609375,44.08964157104492,569.7576904296875,3.450582504272461,28.38192367553711,0.04236852377653122,0.14372676610946655,1.9980080127716064,2790.607666015625,3281.740966796875,148.5646209716797,3.0,9.999853134155273
Day_2024_07_19_Wafer_10,2024-07-19_10,2024-07-19,5,10,False,29.800000190734863,627.8000001907349,598.0,2991,0.12300002574920654,134.30604553222656,0.22309930622577667,4.137569427490234,71.33927917480469,440.2227478027344,2.0663790702819824,1371.0172119140625,54.397098541259766,10.19999885559082,59.71360778808594,1.3770976066589355,14.987410545349121,3.999251365661621,88.06085205078125,44.13593292236328,570.9576416015625,3.3252012729644775,28.332225799560547,0.04238515719771385,0.08672930300235748,2.0,2791.19189453125,3280.544921875,147.5258026123047,3.0,9.999539375305176
Day_2024_08_01_Wafer_01,2024-08-01_01,2024-08-01,6,1,True,43.40000009536743,638.4000000953674,595.0,2976,0.12300001829862595,134.56150817871094,0.38460347056388855,4.35363245010376,71.70527648925781,439.6815490722656,1.9874966144561768,1371.0135498046875,55.0130729675293,10.214078903198242,59.181922912597656,1.398550033569336,14.9873046875,4.6940155029296875,88.05165100097656,44.225093841552734,564.8875122070312,3.3769407272338867,28.049283981323242,0.0423932783305645,0.1618732064962387,2.0,2791.60107421875,3291.57470703125,144.89016723632812,3.0,9.998466491699219
Day_2024_08_01_Wafer_02,2024-08-01_02,2024-08-01,6,2,True,30.0,627.7999999523163,597.7999999523163,2990,0.12300002574920654,134.29786682128906,0.3054414689540863,4.397237300872803,71.53453063964844,440.16949462890625,1.8875819444656372,1371.0157470703125,55.02749252319336,10.21053409576416,59.19782638549805,1.33930242061615,14.987229347229004,4.549983024597168,88.49127197265625,44.1410026550293,567.2359619140625,3.318887710571289,28.119319915771484,0.04241173714399338,0.08966726064682007,2.0,2791.480224609375,3290.470947265625,142.3434295654297,3.0,9.999497413635254
Day_2024_08_01_Wafer_03,2024-08-01_03,2024-08-01,6,3,True,30.0,628.0,598.0,2991,0.12300002574920654,134.16236877441406,0.3508024215698242,4.358856678009033,71.33740997314453,440.37353515625,1.9316450357437134,1371.011474609375,55.013946533203125,10.202539443969727,59.20310974121094,1.3109853267669678,14.987248420715332,4.433703899383545,88.02332305908203,44.14931106567383,568.0181274414062,3.4007785320281982,28.191062927246094,0.04241263493895531,0.12749207019805908,2.0,2791.392578125,3287.211669921875,141.78672790527344,3.0,9.999359130859375
Day_2024_08_01_Wafer_04,2024-08-01_04,2024-08-01,6,4,True,30.0,628.0,598.0,2991,0.12300002574920654,134.01718139648438,0.35225340723991394,4.277127742767334,71.28179168701172,440.4378967285156,1.9964860677719116,1371.017333984375,55.00247573852539,10.149547576904297,59.206520080566406,1.3269717693328857,14.98720645904541,3.8876662254333496,87.84137725830078,44.07887268066406,569.380615234375,3.5543506145477295,28.247560501098633,0.0423717126250267,0.21774156391620636,2.0,2791.1728515625,3287.910400390625,142.69888305664062,3.0,10.000085830688477
Day_2024_08_01_Wafer_05,2024-08-01_05,2024-08-01,6,5,True,30.0,628.0,598.0,2991,0.12300002574920654,134.0565643310547,0.36530593037605286,4.165316104888916,71.36211395263672,440.4830017089844,2.063884735107422,1371.011474609375,54.99658203125,10.161884307861328,59.20622253417969,1.3767383098602295,14.987224578857422,3.8606882095336914,87.88172912597656,44.0369873046875,569.9896240234375,3.520296573638916,28.281383514404297,0.042386360466480255,0.17600944638252258,2.0,2791.2626953125,3287.928466796875,146.00833129882812,3.0,9.999521255493164
Day_2024_08_01_Wafer_06,2024-08-01_06,2024-08-01,6,6,True,43.200000047683716,638.0,594.7999999523163,2975,0.12300002574920654,133.81643676757812,0.40733781456947327,4.188658714294434,71.76569366455078,439.5227355957031,2.0732975006103516,1371.013427734375,55.007930755615234,10.187596321105957,59.22269058227539,1.3822309970855713,14.987221717834473,3.662180185317993,88.07234191894531,44.15536880493164,573.2438354492188,3.581082820892334,28.32761001586914,0.04239768162369728,0.09068357199430466,2.0,2791.174560546875,3288.239990234375,147.9020233154297,3.0,9.999907493591309
Day_2024_08_01_Wafer_07,2024-08-01_07,2024-08-01,6,7,True,43.40000009536743,638.2000000476837,594.7999999523163,2975,0.12300002574920654,133.89840698242188,0.3297378122806549,4.179028511047363,71.88944244384766,439.3633728027344,2.1061108112335205,1371.0166015625,55.016807556152344,10.19384765625,59.21469497680664,1.3628690242767334,14.987321853637695,3.7920916080474854,87.72367858886719,44.15450668334961,571.6397705078125,3.533412456512451,28.338855743408203,0.042418722063302994,0.21527089178562164,2.0,2790.970703125,3286.750244140625,147.61865234375,3.0,9.999493598937988
Day_2024_08_01_Wafer_08,2024-08-01_08,2024-08-01,6,8,True,30.0,628.0,598.0,2991,0.12300002574920654,133.90309143066406,0.37060514092445374,4.164440155029297,71.34516906738281,440.42108154296875,2.1083316802978516,1371.01220703125,55.021305084228516,10.1945161819458,59.211669921875,1.34952712059021,14.987149238586426,3.0626769065856934,87.96880340576172,44.06230163574219,571.1981201171875,3.4814977645874023,28.331937789916992,0.042367469519376755,0.10978908091783524,2.0,2791.079833984375,3286.328369140625,147.25949096679688,3.0,9.999783515930176
Day_2024_08_01_Wafer_09,2024-08-01_09,2024-08-01,6,9,True,29.799999952316284,627.5999999046326,597.7999999523163,2990,0.12300002574920654,133.83612060546875,0.3316989839076996,4.174063682556152,71.48970794677734,439.9786682128906,2.104785919189453,1371.0166015625,55.014949798583984,10.196989059448242,59.2059211730957,1.3273783922195435,14.987162590026855,3.3759288787841797,87.58714294433594,44.04949188232422,569.7840576171875,3.4654531478881836,28.352920532226562,0.04240310937166214,0.08859553933143616,2.0,2791.12890625,3284.731201171875,146.66046142578125,3.0,9.99962329864502
Day_2024_08_01_Wafer_10,2024-08-01_10,2024-08-01,6,10,False,29.799999952316284,627.7999999523163,598.0,2991,0.12300002574920654,133.98585510253906,0.4014209508895874,4.021474361419678,71.10624694824219,440.718017578125,2.0720293521881104,1371.0128173828125,55.018253326416016,10.196488380432129,59.212135314941406,1.4190847873687744,14.987167358398438,3.1897096633911133,87.95460510253906,44.08468246459961,571.9957275390625,3.4801199436187744,28.336462020874023,0.042387962341308594,0.17636658251285553,2.0,2791.021728515625,3281.4951171875,143.46505737304688,3.0,9.999730110168457
Day_2024_08_05_Wafer_01,2024-08-05_01,2024-08-05,7,1,True,29.799999952316284,627.6000001430511,597.8000001907349,2990,0.12300002574920654,133.80999755859375,0.3179832696914673,4.035444736480713,71.43223571777344,440.37725830078125,2.082796096801758,1371.01806640625,54.6993293762207,10.167891502380371,60.01552200317383,1.2945568561553955,14.987161636352539,4.37128210067749,87.31037902832031,44.12775802612305,562.17919921875,3.519850730895996,28.021259307861328,0.042404212057590485,0.1624421626329422,2.0,2791.603759765625,3288.669921875,144.5428009033203,3.0,9.997931480407715
Day_2024_08_05_Wafer_02,2024-08-05_02,2024-08-05,7,2,True,30.009999990463257,628.0099999904633,598.0,2991,0.12300002574920654,133.47537231445312,0.3109428286552429,4.104339599609375,71.47189331054688,439.9667053222656,2.079932928085327,1371.0103759765625,54.71738052368164,10.133633613586426,60.00320816040039,1.3137081861495972,14.98713207244873,4.540901184082031,88.35221099853516,44.165340423583984,565.9971313476562,3.3864986896514893,28.089006423950195,0.04239461570978165,0.05295589193701744,2.0,2791.530517578125,3288.75634765625,142.81687927246094,3.0,9.999292373657227
Day_2024_08_05_Wafer_03,2024-08-05_03,2024-08-05,7,3,True,43.39999985694885,638.3999998569489,595.0,2976,0.12300001829862595,133.3179931640625,0.3217204213142395,4.1066670417785645,71.71527099609375,439.8133850097656,2.095446825027466,1371.0146484375,54.729942321777344,10.18995189666748,60.02056121826172,1.2911664247512817,14.987223625183105,4.79890251159668,88.02186584472656,44.26216125488281,567.9029541015625,3.5870938301086426,28.176918029785156,0.04238443821668625,0.19832928478717804,2.0,2791.31103515625,3289.014892578125,145.71661376953125,3.0,9.999197006225586
Day_2024_08_05_Wafer_04,2024-08-05_04,2024-08-05,7,4,True,30.0,628.0,598.0,2991,0.12300002574920654,133.19273376464844,0.3142327070236206,4.1106791496276855,71.49046325683594,440.1706848144531,2.097709894180298,1371.0135498046875,54.71430969238281,10.136877059936523,60.012142181396484,1.271541714668274,14.987164497375488,3.8136708736419678,87.824951171875,44.14043045043945,568.055908203125,3.3911969661712646,28.228654861450195,0.04238762706518173,0.07132209092378616,2.0,2791.349365234375,3289.61376953125,146.17660522460938,3.0,9.999600410461426
Day_2024_08_05_Wafer_05,2024-08-05_05,2024-08-05,7,5,True,30.0,628.0,598.0,2991,0.12300002574920654,133.2396697998047,0.3218856453895569,4.1419525146484375,71.30316925048828,440.44390869140625,2.0954430103302,1371.015869140625,54.71528244018555,10.19284439086914,60.013771057128906,1.2722772359848022,14.987122535705566,3.7692043781280518,87.70724487304688,44.11964416503906,568.5773315429688,3.468656539916992,28.26673698425293,0.042411938309669495,0.12718595564365387,2.0,2791.26953125,3284.85400390625,143.18695068359375,3.0,9.999567031860352
Day_2024_08_05_Wafer_06,2024-08-05_06,2024-08-05,7,6,True,30.0,628.0,598.0,2991,0.12300002574920654,133.17886352539062,0.33208292722702026,4.160528182983398,71.45185852050781,440.3432922363281,2.101668357849121,1371.019775390625,54.69725799560547,10.153092384338379,60.01802444458008,1.2610615491867065,14.987020492553711,3.264082670211792,87.47208404541016,44.16630172729492,570.41259765625,3.5326015949249268,28.30829429626465,0.042409226298332214,0.05203757807612419,2.0,2791.248046875,3286.5712890625,146.77212524414062,3.0,10.000179290771484
Day_2024_08_07_Wafer_01,2024-08-07_01,2024-08-07,8,1,True,43.39999985694885,638.3999998569489,595.0,2976,0.12300001829862595,134.41168212890625,0.31889447569847107,4.231464862823486,71.71607971191406,439.7871398925781,2.044522762298584,1371.012451171875,54.917537689208984,10.12079906463623,59.190330505371094,1.3839768171310425,14.987147331237793,4.065853118896484,87.74882507324219,44.22758102416992,563.3443603515625,3.4634816646575928,28.010889053344727,0.04240238294005394,0.12798084318637848,2.0,2791.65966796875,3288.802490234375,144.23439025878906,3.0,9.998396873474121
Day_2024_08_07_Wafer_02,2024-08-07_02,2024-08-07,8,2,True,43.40000009536743,638.2000000476837,594.7999999523163,2975,0.12300002574920654,133.9870147705078,0.29919999837875366,4.0519561767578125,71.67840576171875,439.76885986328125,2.0853614807128906,1371.0146484375,54.92481231689453,10.189376831054688,59.2119026184082,1.2858872413635254,14.987161636352539,4.444438457489014,88.93600463867188,44.27311325073242,567.1544799804688,3.1729300022125244,28.075353622436523,0.04238705709576607,0.05247131735086441,2.0,2791.330810546875,3289.237060546875,142.22412109375,3.0,9.99966812133789
Day_2024_08_07_Wafer_03,2024-08-07_03,2024-08-07,8,3,True,43.39999985694885,638.2000000476837,594.8000001907349,2975,0.12300002574920654,133.84474182128906,0.3307327628135681,4.080352783203125,71.782958984375,439.4994812011719,2.0909039974212646,1371.0177001953125,54.9273567199707,10.201006889343262,59.2128791809082,1.2852401733398438,14.987247467041016,4.900985240936279,88.58292388916016,44.24967956542969,570.06884765625,3.343208074569702,28.15354347229004,0.0424027219414711,0.10684043169021606,2.0,2791.4609375,3286.339599609375,141.84425354003906,3.0,9.999590873718262
Day_2024_08_07_Wafer_04,2024-08-07_04,2024-08-07,8,4,True,30.0,628.0099999904633,598.0099999904633,2991,0.12300002574920654,133.81268310546875,0.34376126527786255,4.120167255401611,71.5108413696289,440.28118896484375,2.095205545425415,1371.0106201171875,54.91594696044922,10.19501781463623,59.20488739013672,1.2864465713500977,14.987086296081543,4.033912181854248,88.29423522949219,44.16210174560547,568.2389526367188,3.4099152088165283,28.216524124145508,0.04240147024393082,0.12524732947349548,2.0,2791.31494140625,3286.217041015625,141.77459716796875,3.0,9.99979019165039
Day_2024_08_07_Wafer_05,2024-08-07_05,2024-08-07,8,5,True,30.0,628.0,598.0,2991,0.12300002574920654,133.87167358398438,0.3193279802799225,4.019441604614258,71.22653198242188,440.3871765136719,2.0941221714019775,1371.0155029296875,54.90772247314453,10.164894104003906,59.21464538574219,1.3253494501113892,14.987154006958008,4.485996246337891,88.2203140258789,44.159915924072266,569.9674072265625,3.3441033363342285,28.262720108032227,0.04238315299153328,0.0911167711019516,2.0,2791.2119140625,3286.87060546875,145.1523895263672,3.0,9.999460220336914
Day_2024_08_07_Wafer_06,2024-08-07_06,2024-08-07,8,6,True,30.0,627.8100001811981,597.8100001811981,2990,0.12300002574920654,133.8206024169922,0.33029431104660034,4.151457786560059,71.21063232421875,440.5415954589844,2.088411331176758,1371.014404296875,54.888832092285156,10.180166244506836,59.211204528808594,1.2476146221160889,14.987136840820312,4.333261013031006,88.03658294677734,44.156585693359375,571.095458984375,3.4660964012145996,28.309072494506836,0.04234227538108826,0.17708899080753326,2.0,2791.23779296875,3287.0625,146.11546325683594,3.0,9.999556541442871
Day_2024_08_07_Wafer_07,2024-08-07_07,2024-08-07,8,7,True,30.0,628.0,598.0,2991,0.12300002574920654,133.9259490966797,0.3172350227832794,4.183350086212158,71.37063598632812,440.330322265625,2.097452163696289,1371.0150146484375,54.91203689575195,10.20100212097168,59.21360778808594,1.2994881868362427,14.987135887145996,4.279233932495117,87.88381958007812,44.18320083618164,570.8665161132812,3.489410400390625,28.33530044555664,0.042393915355205536,0.2005997598171234,2.0,2791.4345703125,3284.7275390625,146.03623962402344,3.0,9.999676704406738
Day_2024_08_07_Wafer_08,2024-08-07_08,2024-08-07,8,8,False,143.79999995231628,745.7999999523163,602.0,3011,0.12300002574920654,133.69154357910156,0.8110195994377136,4.5071306228637695,72.18807220458984,438.75506591796875,1.9091498851776123,1371.013916015625,54.94938278198242,10.157288551330566,59.29813766479492,1.2376747131347656,14.987052917480469,3.969879388809204,89.7273941040039,44.17283630371094,567.556640625,3.433377981185913,28.27538299560547,0.04237040877342224,0.08564643561840057,1.9983394145965576,2791.1689453125,3280.09326171875,146.51748657226562,3.0,9.998623847961426
Day_2024_08_07_Wafer_09,2024-08-07_09,2024-08-07,8,9,True,30.0,628.0,598.0,2991,0.12300002574920654,133.6522979736328,0.5384085774421692,4.507626533508301,71.4042739868164,440.3930969238281,1.9096992015838623,1371.0140380859375,54.997493743896484,10.156367301940918,59.28909683227539,1.2828181982040405,14.98690128326416,3.9737937450408936,89.38404083251953,44.139251708984375,568.7854614257812,3.1821441650390625,28.216196060180664,0.04235352575778961,0.07070988416671753,2.0,2791.517822265625,3282.9716796875,147.01324462890625,3.0,9.998339653015137
Day_2024_08_07_Wafer_10,2024-08-07_10,2024-08-07,8,10,False,30.0,628.0,598.0,2991,0.12300002574920654,133.81463623046875,0.33112001419067383,4.206532955169678,71.36117553710938,440.5086364746094,1.9955799579620361,1371.013916015625,54.96369171142578,10.120728492736816,59.23012924194336,1.4051316976547241,14.987205505371094,4.533514022827148,88.88046264648438,44.13470458984375,570.1095581054688,3.3474245071411133,28.223325729370117,0.042377229779958725,0.10320787131786346,2.0,2791.52734375,3284.36279296875,146.88253784179688,3.0,9.998760223388672
Day_2024_08_21_Wafer_01,2024-08-21_01,2024-08-21,9,1,False,30.0,627.7999999523163,597.7999999523163,2990,0.12300002574920654,133.1434783935547,0.28502675890922546,4.2495317459106445,71.27497863769531,440.2254943847656,2.060835838317871,1371.0145263671875,55.03234100341797,10.128226280212402,59.90776062011719,1.4093161821365356,14.986781120300293,3.7885308265686035,87.83030700683594,44.116817474365234,565.4332885742188,3.5344109535217285,28.06170082092285,0.04241016507148743,0.1975027173757553,2.0,2791.711181640625,3279.53515625,143.51458740234375,3.0,9.998274803161621
Day_2024_08_21_Wafer_02,2024-08-21_02,2024-08-21,9,2,False,30.0,627.7999999523163,597.7999999523163,2990,0.12300002574920654,132.82492065429688,0.31502339243888855,4.101431369781494,71.30037689208984,440.5791931152344,2.097508192062378,1371.0147705078125,55.04267501831055,10.143009185791016,59.91404724121094,1.3528653383255005,14.987042427062988,4.666596412658691,88.96900177001953,44.11906433105469,567.273681640625,3.2474961280822754,28.118078231811523,0.042407624423503876,0.21072061359882355,2.0,2791.46044921875,3278.70556640625,140.2189178466797,3.0,9.998922348022461
Day_2024_08_21_Wafer_03,2024-08-21_03,2024-08-21,9,3,False,30.0,628.0,598.0,2991,0.12300002574920654,132.62042236328125,0.32219991087913513,4.130588531494141,71.42166137695312,440.23101806640625,2.1001269817352295,1371.01025390625,55.02226638793945,10.166097640991211,59.909332275390625,1.372335433959961,14.987040519714355,4.247939586639404,88.50704956054688,44.10418701171875,569.32958984375,3.4517292976379395,28.212987899780273,0.04240046441555023,0.16029615700244904,2.0,2791.4091796875,3279.012451171875,140.6903076171875,3.0,9.999700546264648
Day_2024_08_21_Wafer_04,2024-08-21_04,2024-08-21,9,4,False,30.0,628.0,598.0,2991,0.12300002574920654,132.59930419921875,0.31405550241470337,4.1302571296691895,71.3716812133789,440.526611328125,2.109408140182495,1371.015869140625,55.01337432861328,10.18588924407959,59.90872573852539,1.335898518562317,14.987060546875,4.768877029418945,88.29618835449219,44.089561462402344,570.0316772460938,3.3931102752685547,28.2706298828125,0.042380038648843765,0.17728488147258759,2.0,2791.25244140625,3277.806640625,140.55780029296875,3.0,9.999515533447266
Day_2024_08_21_Wafer_05,2024-08-21_05,2024-08-21,9,5,False,30.0,628.0,598.0,2991,0.12300002574920654,132.54653930664062,0.2997994124889374,4.114677429199219,71.4917984008789,439.8642883300781,2.1135740280151367,1371.016845703125,55.01791763305664,10.18588924407959,59.91060256958008,1.3875597715377808,14.987041473388672,4.368258953094482,88.15532684326172,44.088104248046875,572.2637939453125,3.520893096923828,28.320497512817383,0.042395785450935364,0.08723947405815125,2.0,2791.365478515625,3279.690673828125,144.1521453857422,3.0,9.999935150146484
Day_2024_08_21_Wafer_06,2024-08-21_06,2024-08-21,9,6,False,43.40000009536743,638.4000000953674,595.0,2976,0.12300001829862595,132.5635528564453,0.30576610565185547,4.212368965148926,71.59881591796875,439.65289306640625,2.11930775642395,1371.011962890625,55.02194595336914,10.189380645751953,59.91572189331055,1.3912622928619385,14.987147331237793,4.38328218460083,88.25309753417969,44.14738845825195,572.8654174804688,3.4365320205688477,28.348722457885742,0.04240080714225769,0.2153523713350296,2.0,2791.20068359375,3276.3232421875,142.05592346191406,3.0,9.999621391296387
Day_2024_08_21_Wafer_07,2024-08-21_07,2024-08-21,9,7,False,30.0,628.0,598.0,2991,0.12300002574920654,132.49256896972656,0.3008023798465729,4.212965488433838,71.38152313232422,440.2303466796875,2.1116416454315186,1371.0155029296875,55.021366119384766,10.19284439086914,59.90772247314453,1.360524296760559,14.987020492553711,4.0221781730651855,87.91789245605469,44.058441162109375,571.5335693359375,3.4701719284057617,28.362232208251953,0.04236603155732155,0.05213961377739906,2.0,2791.374267578125,3278.640869140625,144.6680908203125,3.0,10.000083923339844
Day_2024_08_21_Wafer_08,2024-08-21_08,2024-08-21,9,8,False,30.009999990463257,628.0099999904633,598.0,2991,0.12300002574920654,132.51971435546875,0.32069873809814453,4.258228302001953,71.52812957763672,439.9951477050781,2.104543447494507,1371.0146484375,55.021934509277344,10.19999885559082,59.91100311279297,1.3492757081985474,14.987065315246582,4.074093818664551,88.10435485839844,44.06690979003906,571.5388793945312,3.3956048488616943,28.351116180419922,0.04239475354552269,0.15652087330818176,2.0,2791.402099609375,3274.820556640625,141.76596069335938,3.0,9.999801635742188
Day_2024_08_21_Wafer_09,2024-08-21_09,2024-08-21,9,9,False,15.399999856948853,617.5999999046326,602.2000000476837,3012,0.12300002574920654,132.4905548095703,0.6215006709098816,4.231194972991943,72.10011291503906,438.9322814941406,2.1340503692626953,1371.0167236328125,55.0166015625,10.2004976272583,59.90504837036133,1.3443347215652466,14.986973762512207,3.704462766647339,88.89070892333984,44.04011917114258,570.9354248046875,3.4514338970184326,28.388431549072266,0.04235700145363808,0.14154833555221558,1.9980080127716064,2790.67138671875,3273.618896484375,141.84019470214844,3.0,10.00013256072998
Day_2024_08_21_Wafer_10,2024-08-21_10,2024-08-21,9,10,False,30.0,628.0099999904633,598.0099999904633,2991,0.12300002574920654,132.63858032226562,0.31440654397010803,4.075492858886719,71.50248718261719,439.95892333984375,2.111842155456543,1371.016845703125,55.02497482299805,10.20150375366211,59.91421127319336,1.383475661277771,14.987089157104492,3.9720287322998047,87.76193237304688,44.06309509277344,570.84521484375,3.3428635597229004,28.350322723388672,0.04238515347242355,0.17912150919437408,2.0,2791.32958984375,3275.472412109375,144.38230895996094,3.0,9.999733924865723
Day_2024_08_22_Wafer_01,2024-08-22_01,2024-08-22,10,1,False,15.599999904632568,617.5999999046326,602.0,3011,0.12300002574920654,133.3790740966797,0.5484191179275513,4.225310802459717,72.29125213623047,438.5467529296875,2.1074392795562744,1371.009521484375,54.72650146484375,10.179839134216309,59.38001251220703,1.5505940914154053,14.987096786499023,4.764049530029297,88.0418472290039,44.06046676635742,564.0410766601562,3.6568844318389893,28.081636428833008,0.04235725477337837,0.18249276280403137,1.9983394145965576,2791.208984375,3276.870849609375,144.21450805664062,3.0,9.998042106628418
Day_2024_08_22_Wafer_02,2024-08-22_02,2024-08-22,10,2,False,43.40999984741211,638.4099998474121,595.0,2976,0.12300001829862595,133.1080780029297,0.2776545584201813,4.06451940536499,71.76038360595703,439.7510986328125,2.0941195487976074,1371.0135498046875,54.72748565673828,10.175201416015625,59.40625,1.4438791275024414,14.987213134765625,4.74893045425415,88.91417694091797,44.177249908447266,567.6547241210938,3.2714486122131348,28.103242874145508,0.04241297021508217,0.10588158667087555,2.0,2791.5,3279.061767578125,142.31201171875,3.0,9.999235153198242
Day_2024_08_22_Wafer_03,2024-08-22_03,2024-08-22,10,3,False,30.0,628.0,598.0,2991,0.12300002574920654,132.9954071044922,0.25191909074783325,4.131293773651123,71.32463836669922,440.3179931640625,2.1101906299591064,1371.0145263671875,54.714778900146484,10.157705307006836,59.41167068481445,1.4108730554580688,14.987131118774414,4.777865886688232,88.7673110961914,44.12342834472656,567.6065673828125,3.2535574436187744,28.161235809326172,0.04239114001393318,0.10575872659683228,2.0,2791.529296875,3277.438232421875,141.21656799316406,3.0,9.999279975891113
Day_2024_08_22_Wafer_04,2024-08-22_04,2024-08-22,10,4,False,30.0,628.0,598.0,2991,0.12300002574920654,132.95254516601562,0.23692411184310913,4.142738342285156,71.32939910888672,440.2460632324219,2.1114444732666016,1371.014404296875,54.718353271484375,10.18040657043457,59.41307067871094,1.387690782546997,14.987161636352539,4.346627235412598,88.55998992919922,44.135475158691406,567.8403930664062,3.308932065963745,28.238983154296875,0.04240946099162102,0.10728924721479416,2.0,2791.479248046875,3278.067138671875,141.7956085205078,3.0,9.99969482421875
Day_2024_08_22_Wafer_05,2024-08-22_05,2024-08-22,10,5,False,43.40000009536743,638.2000000476837,594.7999999523163,2975,0.12300002574920654,132.76278686523438,0.3078185021877289,4.166786193847656,71.82173919677734,439.2696533203125,2.11639666557312,1371.013916015625,54.71156692504883,10.16329288482666,59.41425323486328,1.4983233213424683,14.987120628356934,4.799171447753906,88.51190948486328,44.20231628417969,570.7752075195312,3.5503079891204834,28.300241470336914,0.04239818453788757,0.1593630462884903,2.0,2791.367919921875,3279.02783203125,145.67723083496094,3.0,9.99945068359375
Day_2024_08_22_Wafer_06,2024-08-22_06,2024-08-22,10,6,False,43.40000009536743,638.4000000953674,595.0,2976,0.12300001829862595,132.75294494628906,0.31270161271095276,4.195474147796631,71.9157943725586,439.1828918457031,2.1238205432891846,1371.0125732421875,54.7212028503418,10.192472457885742,59.41884994506836,1.5170170068740845,14.987166404724121,4.19972038269043,88.59423065185547,44.186588287353516,570.0606689453125,3.39972186088562,28.33330535888672,0.042360514402389526,0.05271006003022194,2.0,2791.32958984375,3279.4697265625,146.63360595703125,3.0,9.999650955200195
Day_2024_08_22_Wafer_07,2024-08-22_07,2024-08-22,10,7,False,43.60000014305115,638.6000001430511,595.0,2976,0.12300001829862595,132.7526397705078,0.34777551889419556,4.215924263000488,71.62383270263672,439.78350830078125,2.1017305850982666,1371.0167236328125,54.72163772583008,10.19999885559082,59.41055679321289,1.50783109664917,14.987214088439941,4.768414497375488,88.56785583496094,44.19865036010742,571.671875,3.477956533432007,28.347692489624023,0.04240332916378975,0.15920694172382355,2.0,2791.281494140625,3275.697265625,143.50567626953125,3.0,9.999390602111816
Day_2024_08_22_Wafer_08,2024-08-22_08,2024-08-22,10,8,False,15.400000095367432,617.4000000953674,602.0,3011,0.12300002574920654,132.68638610839844,0.5932547450065613,4.062710285186768,72.29641723632812,438.52215576171875,2.10933256149292,1371.014404296875,54.713382720947266,10.199966430664062,59.404720306396484,1.5285121202468872,14.986929893493652,4.568441867828369,88.88971710205078,44.08169174194336,571.39453125,3.541292667388916,28.401901245117188,0.04234875366091728,0.10282640159130096,1.9980072975158691,2790.638427734375,3277.2568359375,146.20713806152344,3.0,9.999556541442871
Day_2024_08_22_Wafer_09,2024-08-22_09,2024-08-22,10,9,False,30.0,628.0,598.0,2991,0.12300002574920654,132.7156219482422,0.30180877447128296,4.053403377532959,71.25457763671875,440.4315490722656,2.1022300720214844,1371.012939453125,54.7175178527832,10.201972007751465,59.4021110534668,1.4285389184951782,14.987103462219238,4.519606113433838,88.43669891357422,44.14150619506836,572.0982666015625,3.3576178550720215,28.359264373779297,0.0424003005027771,0.1407565325498581,2.0,2791.25390625,3276.26953125,145.21786499023438,3.0,9.999049186706543
Day_2024_08_22_Wafer_10,2024-08-22_10,2024-08-22,10,10,False,30.0,628.0,598.0,2991,0.12300002574920654,132.7958221435547,0.22042794525623322,4.242032527923584,71.38687133789062,440.273681640625,2.0977566242218018,1371.01513671875,54.714141845703125,10.1907377243042,59.40989685058594,1.4341070652008057,14.987065315246582,4.427918434143066,88.4737777709961,44.11655807495117,571.2782592773438,3.328507423400879,28.35648536682129,0.042398761957883835,0.0713731124997139,2.0,2791.247802734375,3273.94384765625,142.9617462158203,3.0,9.999585151672363
