feature,lot_number,n_wafers,is_flat,trend_direction,slope_per_wafer,linear_r2,spearman_rho,first_value,last_value,observed_change
Stat3_Etch_MV_EpdIntensity,1,10,True,Stable,0.0,,,0.12300000339746475,0.12300000339746475,0.0
Stat3_Etch_MV_EpdIntensity,2,10,True,Stable,0.0,,,0.12300000339746475,0.12300000339746475,0.0
Stat3_Etch_MV_EpdIntensity,3,10,True,Stable,0.0,,,0.12300000339746475,0.12300000339746475,0.0
Stat3_Etch_MV_EpdIntensity,4,10,True,Stable,0.0,,,0.12300000339746475,0.12300000339746475,0.0
Stat3_Etch_MV_EpdIntensity,5,10,True,Stable,0.0,,,0.12300000339746475,0.12300000339746475,0.0
Stat3_Etch_MV_EpdIntensity,6,10,True,Stable,0.0,,,0.12300000339746475,0.12300000339746475,0.0
Stat3_Etch_MV_EpdIntensity,7,6,True,Stable,0.0,,,0.12300000339746475,0.12300000339746475,0.0
Stat3_Etch_MV_EpdIntensity,8,10,True,Stable,0.0,,,0.12300000339746475,0.12300000339746475,0.0
Stat3_Etch_MV_EpdIntensity,9,10,True,Stable,0.0,,,0.12300000339746475,0.12300000339746475,0.0
Stat3_Etch_MV_EpdIntensity,10,10,True,Stable,0.0,,,0.12300000339746475,0.12300000339746475,0.0
Stat3_Etch_MV_ForeLinePressure,1,10,False,Decreasing,-0.05839802726286021,0.4417588386402229,-0.6727272727272726,133.4037536499891,132.6247076980249,-0.779045951964207
Stat3_Etch_MV_ForeLinePressure,2,10,False,Decreasing,-0.06289786320703201,0.6559407897123934,-0.8666666666666665,133.39946660644634,132.67847975549472,-0.7209868509516184
Stat3_Etch_MV_ForeLinePressure,3,10,False,Decreasing,-0.0634299864629203,0.7542032909015262,-0.9515151515151514,134.55295557068646,133.88047369621896,-0.6724818744675076
Stat3_Etch_MV_ForeLinePressure,4,10,False,Decreasing,-0.05962943947455862,0.5842836709946996,-0.7696969696969697,134.52173313636996,133.87500125931885,-0.6467318770511099
Stat3_Etch_MV_ForeLinePressure,5,10,False,Decreasing,-0.03437057411119754,0.5468745890001488,-0.6121212121212121,134.6649497919982,134.30603222159868,-0.35891757039951244
Stat3_Etch_MV_ForeLinePressure,6,10,False,Decreasing,-0.062460649365302275,0.6627013934808055,-0.7818181818181817,134.56150255151974,133.98584775564385,-0.5756547958758915
Stat3_Etch_MV_ForeLinePressure,7,6,False,Decreasing,-0.11394315089950663,0.7771999317853174,-0.942857142857143,133.8099867192399,133.17885695903527,-0.6311297602046295
Stat3_Etch_MV_ForeLinePressure,8,10,False,Decreasing,-0.04965947404662903,0.5122780680105878,-0.709090909090909,134.41167888205538,133.81463386971828,-0.5970450123371052
Stat3_Etch_MV_ForeLinePressure,9,10,False,Decreasing,-0.04661420330060804,0.4942636380274029,-0.6363636363636362,133.1434786295811,132.6385843741858,-0.5048942553952998
Stat3_Etch_MV_ForeLinePressure,10,10,False,Decreasing,-0.0615211177417355,0.7156366266989037,-0.8060606060606059,133.379062603178,132.79581954494364,-0.5832430582343591
Stat3_Etch_MV_Gas1Flow,1,10,False,Increasing,0.0022333554214193406,0.06574808234851637,0.309090909090909,0.22396655556150902,0.2666733542501438,0.042706798688634806
Stat3_Etch_MV_Gas1Flow,2,10,False,Increasing,0.00932431052531539,0.3722604508892777,0.6484848484848483,0.206110367834269,0.24196589844184888,0.03585553060757987
Stat3_Etch_MV_Gas1Flow,3,10,False,Decreasing,-0.008706538815739592,0.04883734990954691,-0.04242424242424241,0.4732163125597406,0.3386081084974009,-0.1346082040623397
Stat3_Etch_MV_Gas1Flow,4,10,False,Increasing,0.006401320360392007,0.020710944516157848,0.2606060606060606,0.315773989992177,0.5901228838598053,0.2743488938676283
Stat3_Etch_MV_Gas1Flow,5,10,False,Increasing,0.0015159017328205343,0.0007889697951352082,0.11515151515151514,0.5513446222221452,0.2230992983156066,-0.3282453239065386
Stat3_Etch_MV_Gas1Flow,6,10,False,Increasing,0.002476717269227808,0.05304427562958125,0.19999999999999998,0.38460349422749335,0.40142092824639863,0.016817434018905286
Stat3_Etch_MV_Gas1Flow,7,6,False,Increasing,0.0027382553977433766,0.48302800325101525,0.7142857142857143,0.3179832786570823,0.33208291623174685,0.014099637574664536
Stat3_Etch_MV_Gas1Flow,8,10,False,Increasing,0.024953402525898883,0.2182310988263263,0.5757575757575757,0.3188944897640707,0.3311200271936931,0.012225537429622402
Stat3_Etch_MV_Gas1Flow,9,10,False,Increasing,0.014354306403576822,0.1905044602474859,0.34545454545454546,0.2850267569008081,0.31440655438933773,0.029379797488529646
Stat3_Etch_MV_Gas1Flow,10,10,False,Decreasing,-0.004477125286575176,0.011215709422898512,-0.06666666666666665,0.5484191314553906,0.22042795070093618,-0.3279911807544544
Stat3_Etch_MV_Gas2Flow,1,10,False,Increasing,0.0008889830622435391,0.0011743633272031095,0.19999999999999998,4.1647859536684475,4.042571069643435,-0.1222148840250128
Stat3_Etch_MV_Gas2Flow,2,10,False,Decreasing,-0.002954319577361121,0.013283360516380127,0.0303030303030303,4.085344502200251,4.102962234035378,0.01761773183512716
Stat3_Etch_MV_Gas2Flow,3,10,False,Decreasing,-0.03276172587217273,0.6437797441815292,-0.7454545454545454,4.231043135350622,3.9950169266075704,-0.23602620874305158
Stat3_Etch_MV_Gas2Flow,4,10,False,Decreasing,-0.008545516376058448,0.1979649402862954,-0.5030303030303029,3.9671013407865043,3.885841927390604,-0.08125941339590037
Stat3_Etch_MV_Gas2Flow,5,10,False,Decreasing,-0.010308618134442941,0.28305580438930844,-0.5636363636363636,4.122168012586723,4.137569379822461,0.015401367235737595
Stat3_Etch_MV_Gas2Flow,6,10,False,Decreasing,-0.035119256152557524,0.8378898066693985,-0.8666666666666665,4.353632393383211,4.0214744592262965,-0.3321579341569141
Stat3_Etch_MV_Gas2Flow,7,6,False,Increasing,0.0212076458069309,0.8577557217027122,1.0,4.035444846121364,4.160528261021442,0.1250834149000779
Stat3_Etch_MV_Gas2Flow,8,10,False,Increasing,0.03285304934348215,0.3328971339245128,0.5272727272727272,4.231465057419833,4.206532938270735,-0.02493211914909832
Stat3_Etch_MV_Gas2Flow,9,10,False,Increasing,0.001975834221582627,0.007799518857392607,0.04242424242424241,4.249531784583892,4.075493167930126,-0.17403861665376663
Stat3_Etch_MV_Gas2Flow,10,10,False,Decreasing,-0.00013324685931884368,3.2194541859986714e-05,-0.0303030303030303,4.225310534426874,4.242032770487187,0.0167222360603132
Stat3_Etch_MV_Gas4Flow,1,10,False,Decreasing,-0.008743008667665243,0.015172002194736023,-0.1515151515151515,71.4211568840197,71.3203874135758,-0.10076947044389328
Stat3_Etch_MV_Gas4Flow,2,10,False,Decreasing,-0.008346940801457578,0.01570233661246423,-0.13939393939393938,71.40704006395337,71.4458574465523,0.03881738259892131
Stat3_Etch_MV_Gas4Flow,3,10,False,Decreasing,-0.05007510291708585,0.20326959148522672,-0.7818181818181817,71.60075539612501,71.28672624742109,-0.3140291487039235
Stat3_Etch_MV_Gas4Flow,4,10,False,Increasing,0.03033001702636107,0.06024191072284457,0.309090909090909,71.31192232495961,72.14404174312887,0.8321194181692562
Stat3_Etch_MV_Gas4Flow,5,10,False,Decreasing,-0.02898929535257196,0.052831193393516496,-0.4424242424242424,72.39199532157214,71.33927438410254,-1.0527209374696014
Stat3_Etch_MV_Gas4Flow,6,10,False,Decreasing,-0.020846413527773215,0.0670845133212068,-0.22424242424242422,71.70527196285485,71.10624849184755,-0.5990234710072997
Stat3_Etch_MV_Gas4Flow,7,6,False,Decreasing,-0.018081922455298424,0.06369087754838021,-0.14285714285714288,71.43223073183742,71.45185569288232,0.019624961044897304
Stat3_Etch_MV_Gas4Flow,8,10,False,Decreasing,-0.02135773301641072,0.04614021635432353,-0.3696969696969697,71.71607852014162,71.36117698549938,-0.35490153464223795
Stat3_Etch_MV_Gas4Flow,9,10,False,Increasing,0.050391244629059466,0.42082967509668057,0.7939393939393938,71.27497981306365,71.50248726706208,0.22750745399842742
Stat3_Etch_MV_Gas4Flow,10,10,False,Decreasing,-0.0354172095296892,0.07660993360961565,-0.19999999999999998,72.29125203039932,71.38687029403464,-0.9043817363646838
Stat3_Etch_MV_Gas5Flow,1,10,False,Decreasing,-0.004483288281629093,0.0007741483877979904,-0.23636363636363633,440.6698412488536,440.46612035897374,-0.2037208898798326
Stat3_Etch_MV_Gas5Flow,2,10,False,Decreasing,-0.012896615873092217,0.012666477398387221,-0.19999999999999998,440.7270619944984,440.29350887186666,-0.43355312263173573
Stat3_Etch_MV_Gas5Flow,3,10,False,Increasing,0.06137785187217218,0.08390171329235074,0.34545454545454546,440.16241219034964,440.4886202088079,0.3262080184582601
Stat3_Etch_MV_Gas5Flow,4,10,False,Decreasing,-0.0890980108944155,0.12507213742907375,-0.41818181818181815,440.7384105194217,438.82060319675196,-1.9178073226697165
Stat3_Etch_MV_Gas5Flow,5,10,False,Increasing,0.0436324954338324,0.031359469112966165,0.28484848484848485,438.50820552020434,440.2227301966662,1.7145246764618491
Stat3_Etch_MV_Gas5Flow,6,10,False,Increasing,0.02452671466596515,0.026270914424659786,0.19999999999999998,439.68152401604317,440.7180429130683,1.0365188970251324
Stat3_Etch_MV_Gas5Flow,7,6,False,Increasing,0.04626036683848867,0.11888335243350245,0.2571428571428572,440.3772628959605,440.34329512046753,-0.03396777549295393
Stat3_Etch_MV_Gas5Flow,8,10,False,Increasing,0.04510751024668768,0.057146254726451184,0.49090909090909085,439.78715246483205,440.50864789008455,0.721495425252499
Stat3_Etch_MV_Gas5Flow,9,10,False,Decreasing,-0.09822939156480842,0.38889592929795713,-0.6242424242424242,440.22555038322974,439.9589083451405,-0.2666420380892305
Stat3_Etch_MV_Gas5Flow,10,10,False,Increasing,0.05970676782045822,0.06286584863972577,0.2727272727272727,438.5467371287357,440.27366930782415,1.7269321790884646
Stat3_Etch_MV_Gas7Flow,1,10,False,Increasing,0.004379961496016254,0.32878303745469417,0.6606060606060605,2.0023946438744713,2.0698996487368473,0.06750500486237598
Stat3_Etch_MV_Gas7Flow,2,10,False,Increasing,0.011197121046604577,0.3583695605382343,0.4666666666666666,1.8772575262796918,2.0387729494040006,0.16151542312430878
Stat3_Etch_MV_Gas7Flow,3,10,False,Increasing,0.015579297729231558,0.4620554079768112,0.4666666666666666,1.9060815764844556,2.0122871485110876,0.10620557202663194
Stat3_Etch_MV_Gas7Flow,4,10,False,Increasing,0.005413077285441497,0.4169795435804792,0.5393939393939393,1.9921832176723118,2.08565254545576,0.09346932778344841
Stat3_Etch_MV_Gas7Flow,5,10,False,Increasing,0.005151592871031457,0.42401149557155016,0.5757575757575757,1.9887217809242081,2.0663790825576296,0.07765730163342144
Stat3_Etch_MV_Gas7Flow,6,10,False,Increasing,0.02122995684490722,0.6748745941051568,0.8060606060606059,1.98749663460479,2.0720293646231815,0.08453273001839157
Stat3_Etch_MV_Gas7Flow,7,6,False,Increasing,0.00409012481398072,0.7704769282177375,0.7714285714285715,2.0827959248054784,2.1016683012536044,0.018872376448126005
Stat3_Etch_MV_Gas7Flow,8,10,False,Decreasing,-0.015623411343586859,0.3846482073391271,-0.35757575757575755,2.044522813090714,1.9955800663304943,-0.0489427467602197
Stat3_Etch_MV_Gas7Flow,9,10,False,Increasing,0.004541616762415754,0.52414454875031,0.7212121212121211,2.060836075261285,2.1118421698844143,0.05100609462312944
Stat3_Etch_MV_Gas7Flow,10,10,False,Decreasing,-0.00034170148553875,0.013631093792582205,-0.1515151515151515,2.107439365944408,2.097756563441405,-0.009682802503002907
Stat3_Etch_MV_Heater1Temp,1,10,False,Increasing,0.00011387279373542354,0.08316062179115535,0.29696969696969694,1371.013408096977,1371.0155428443534,0.0021347473764308234
Stat3_Etch_MV_Heater1Temp,2,10,False,Increasing,0.00016530365653344564,0.051471145495571635,0.2121212121212121,1371.0146786897078,1371.0141724000125,-0.0005062896952949814
Stat3_Etch_MV_Heater1Temp,3,10,False,Increasing,0.00041039808693662253,0.3222943026767714,0.5272727272727272,1371.0117323405764,1371.0172255232528,0.00549318267644594
Stat3_Etch_MV_Heater1Temp,4,10,False,Decreasing,-0.00017432046502876262,0.055516461868858835,-0.11657319263657127,1371.014005272654,1371.0144435004593,0.0004382278052617039
Stat3_Etch_MV_Heater1Temp,5,10,False,Increasing,9.601965563090229e-05,0.014267581345942304,0.09090909090909088,1371.0106879610464,1371.0172475434115,0.006559582365071037
Stat3_Etch_MV_Heater1Temp,6,10,False,Increasing,1.1914995254126035e-05,0.0002563822254642023,-0.006060606060606061,1371.0136055484895,1371.0128353811435,-0.0007701673459905578
Stat3_Etch_MV_Heater1Temp,7,6,False,Increasing,0.0006722206018058849,0.14164770880737299,0.3714285714285715,1371.018122664742,1371.0197210283193,0.001598363577386408
Stat3_Etch_MV_Heater1Temp,8,10,False,Increasing,1.4147887096201511e-05,0.0005364667573205528,-0.10303030303030303,1371.0124633542953,1371.013871570767,0.0014082164716455736
Stat3_Etch_MV_Heater1Temp,9,10,False,Increasing,0.00031273018195274844,0.1855156720736899,0.5393939393939393,1371.0145449431045,1371.0169132886942,0.00236834558972987
Stat3_Etch_MV_Heater1Temp,10,10,False,Increasing,0.0003138946209215286,0.24928997051700752,0.41818181818181815,1371.0094629830596,1371.015108313221,0.005645330161314632
Stat3_Etch_MV_Heater2Temp,1,10,False,Decreasing,-0.003261308762492085,0.6941613759106697,-0.8909090909090909,54.43598669938818,54.40839170445092,-0.027594994937260253
Stat3_Etch_MV_Heater2Temp,2,10,False,Decreasing,-0.005668376164339379,0.5137862461522846,-0.5757575757575757,54.08247451016735,54.01925748457123,-0.06321702559612419
Stat3_Etch_MV_Heater2Temp,3,10,False,Decreasing,-0.0016124419292314683,0.14727072940932096,-0.24848484848484845,54.93346676177622,54.92179008818962,-0.011676673586599406
Stat3_Etch_MV_Heater2Temp,4,10,False,Decreasing,-0.0014386363521846203,0.21824894526510052,-0.34545454545454546,54.70367712354389,54.69850615416203,-0.005170969381858015
Stat3_Etch_MV_Heater2Temp,5,10,False,Decreasing,-0.001251780948105781,0.11991665655557027,-0.29696969696969694,54.40159346287944,54.397091288105855,-0.0045021747735845
Stat3_Etch_MV_Heater2Temp,6,10,False,Increasing,0.00030290441736185504,0.010360295237983652,0.2727272727272727,55.01307108709889,55.018254757405764,0.0051836703068701695
Stat3_Etch_MV_Heater2Temp,7,6,False,Decreasing,-0.000923057805497983,0.0200309253681048,-0.3142857142857143,54.69933071710593,54.69725888965521,-0.0020718274507203205
Stat3_Etch_MV_Heater2Temp,8,10,False,Increasing,0.006082787458833734,0.34051185697574815,0.3939393939393939,54.91753972602147,54.963691197442834,0.046151471421367773
Stat3_Etch_MV_Heater2Temp,9,10,False,Decreasing,-0.001348432807749197,0.23429065147477257,-0.38181818181818183,55.03234056581223,55.024974886767644,-0.007365679044582407
Stat3_Etch_MV_Heater2Temp,10,10,False,Decreasing,-0.0010211310667172225,0.3187931660158143,-0.5272727272727272,54.72650324740073,54.714142994831256,-0.012360252569472152
Stat3_Etch_MV_Heater3Temp,1,10,False,Decreasing,-0.0030766460772934114,0.1153475730278336,-0.19999999999999998,10.162575279350664,10.130591981748163,-0.03198329760250118
Stat3_Etch_MV_Heater3Temp,2,10,False,Increasing,0.008280025105734315,0.6269114335622106,0.6848484848484848,10.126020299471342,10.197425434159738,0.07140513468839593
Stat3_Etch_MV_Heater3Temp,3,10,False,Increasing,0.003986982931930064,0.35646538000419714,0.6363636363636362,10.165329347442759,10.199999809265137,0.034670461822377874
Stat3_Etch_MV_Heater3Temp,4,10,False,Increasing,0.00012563214577915102,0.0002995777045103898,0.17575757575757575,10.180675279253185,10.187545546421138,0.006870267167952804
Stat3_Etch_MV_Heater3Temp,5,10,False,Increasing,0.008790383732681787,0.6260709354558234,0.8060606060606059,10.11381160500515,10.199999809265137,0.08618820425998663
Stat3_Etch_MV_Heater3Temp,6,10,False,Decreasing,-0.0008159703783166306,0.0148017453091982,-0.33333333333333326,10.214079168855504,10.196489297757775,-0.01758987109772825
Stat3_Etch_MV_Heater3Temp,7,6,False,Increasing,0.0014444321108525691,0.011125808220035727,0.2,10.167892969571627,10.153092688838202,-0.014800280733425097
Stat3_Etch_MV_Heater3Temp,8,10,False,Decreasing,-0.002527665521530004,0.064035753188592,-0.38181818181818183,10.120799993635506,10.120729116084624,-7.087755088264203e-05
Stat3_Etch_MV_Heater3Temp,9,10,False,Increasing,0.007610693295566953,0.8179121943896849,0.9878787878787878,10.12822763991595,10.201504328545022,0.07327668862907188
Stat3_Etch_MV_Heater3Temp,10,10,False,Increasing,0.003543850917070359,0.47558895009404434,0.7212121212121211,10.179840509141652,10.190738774270606,0.01089826512895442
Stat3_Etch_MV_Heater4Temp,1,10,False,Increasing,0.00023906786778744038,0.03195907359275807,0.18787878787878787,60.00642115104956,60.00434615053249,-0.002075000517066883
Stat3_Etch_MV_Heater4Temp,2,10,False,Decreasing,-0.0026738293862796406,0.4201439960486357,-0.4424242424242424,60.04819333768609,60.0090269281967,-0.039166409489389764
Stat3_Etch_MV_Heater4Temp,3,10,False,Increasing,0.0011126855543446526,0.33484849944155903,0.5030303030303029,60.00056815394507,60.017533329370856,0.01696517542578846
Stat3_Etch_MV_Heater4Temp,4,10,False,Increasing,0.0022355505254867984,0.5485896637116665,0.7454545454545454,59.68736238393525,59.70757240997284,0.02021002603758859
Stat3_Etch_MV_Heater4Temp,5,10,False,Decreasing,-0.0010303880410020465,0.23204181504724264,-0.38181818181818183,59.730411732180976,59.713607576370876,-0.01680415581009953
Stat3_Etch_MV_Heater4Temp,6,10,False,Increasing,0.002499144510061526,0.4778482666945668,0.6727272727272726,59.181922190932816,59.21213653038992,0.03021433945710328
Stat3_Etch_MV_Heater4Temp,7,6,False,Increasing,0.0010222378028038699,0.10080058436107275,0.2,60.01551809789345,60.01802043474785,0.0025023368543983793
Stat3_Etch_MV_Heater4Temp,8,10,False,Increasing,0.008167797141046498,0.46776909472196126,0.7939393939393938,59.19032280547645,59.23012369909003,0.03980089361358097
Stat3_Etch_MV_Heater4Temp,9,10,False,Increasing,3.349652945248093e-05,0.000895918935846507,0.07878787878787878,59.90775987248755,59.91421001565691,0.00645014316935999
Stat3_Etch_MV_Heater4Temp,10,10,False,Increasing,0.0012259174291110702,0.12027224003571879,-0.01818181818181818,59.38000731910039,59.40989703424238,0.029889715141983686
Stat3_Etch_MV_HeliumBPFlow,1,10,False,Decreasing,-0.008493780583090783,0.6790494382832519,-0.7333333333333332,1.7187734702757769,1.6483725525790016,-0.07040091769677526
Stat3_Etch_MV_HeliumBPFlow,2,10,False,Decreasing,-0.013561183634989132,0.58484105565448,-0.7939393939393938,1.5574026162807757,1.4333136901533432,-0.1240889261274325
Stat3_Etch_MV_HeliumBPFlow,3,10,False,Increasing,0.0033964469629025134,0.05529931111465225,0.12727272727272726,1.3919505471571039,1.3867763336848569,-0.005174213472247002
Stat3_Etch_MV_HeliumBPFlow,4,10,False,Decreasing,-0.005197056552619433,0.49787350841530886,-0.7212121212121211,1.3854746237442033,1.3350192770060016,-0.05045534673820162
Stat3_Etch_MV_HeliumBPFlow,5,10,False,Decreasing,-0.009158461263789991,0.25802164855136156,-0.406060606060606,1.5550526179086324,1.3770975938651602,-0.1779550240434722
Stat3_Etch_MV_HeliumBPFlow,6,10,False,Increasing,0.0024681014804960066,0.04631276729663336,0.2121212121212121,1.3985500789537866,1.419084777325063,0.020534698371276416
Stat3_Etch_MV_HeliumBPFlow,7,6,False,Decreasing,-0.00889695921916279,0.74308352197977,-0.8857142857142858,1.2945567993416036,1.2610615476721787,-0.03349525166942491
Stat3_Etch_MV_HeliumBPFlow,8,10,False,Decreasing,-0.000651670760891037,0.001341581618853116,-0.13939393939393938,1.383976669721706,1.4051317673628643,0.021155097641158305
Stat3_Etch_MV_HeliumBPFlow,9,10,False,Decreasing,-0.001999996116349963,0.0645734608634404,-0.2606060606060606,1.4093161922234756,1.3834755637900003,-0.025840628433475343
Stat3_Etch_MV_HeliumBPFlow,10,10,False,Decreasing,-0.0011421505147405921,0.003800470899740782,-0.07878787878787878,1.5505940821906412,1.4341071084445633,-0.11648697374607786
Stat3_Etch_MV_HeliumBPPressure,1,10,False,Increasing,2.0967923176381522e-05,0.2092799332404479,0.17575757575757575,14.986849260489677,14.987240356412153,0.0003910959224757704
Stat3_Etch_MV_HeliumBPPressure,2,10,False,Increasing,1.7809625637583246e-05,0.2648189617290807,0.2606060606060606,14.986953782875801,14.987164849383662,0.00021106650786073544
Stat3_Etch_MV_HeliumBPPressure,3,10,False,Increasing,3.382657912437559e-05,0.41925771728074945,0.7939393939393938,14.986810749567939,14.987305465582255,0.0004947160143160545
Stat3_Etch_MV_HeliumBPPressure,4,10,False,Decreasing,-8.71580174011855e-06,0.07676316533062577,-0.2727272727272727,14.987356273596282,14.987166580826054,-0.000189692770227623
Stat3_Etch_MV_HeliumBPPressure,5,10,False,Increasing,7.759636014383698e-06,0.04327779277168198,0.10303030303030303,14.987079790072295,14.987410348938763,0.0003305588664677117
Stat3_Etch_MV_HeliumBPPressure,6,10,False,Decreasing,-1.1260238352421437e-05,0.35323459454945727,-0.6484848484848483,14.987304590722566,14.98716791128084,-0.00013667944172546242
Stat3_Etch_MV_HeliumBPPressure,7,6,False,Decreasing,-2.2564204135952624e-05,0.3938844779152674,-0.5428571428571429,14.987161005779253,14.987020555047916,-0.00014045073133672759
Stat3_Etch_MV_HeliumBPPressure,8,10,False,Decreasing,-1.2968396727838698e-05,0.17114245834472297,-0.3696969696969697,14.987147064619167,14.98720505069387,5.7986074702753854e-05
Stat3_Etch_MV_HeliumBPPressure,9,10,False,Increasing,1.4520057343552083e-05,0.2059237891704162,0.38181818181818183,14.98678168612579,14.987088315345817,0.0003066292200273324
Stat3_Etch_MV_HeliumBPPressure,10,10,False,Decreasing,-1.1310586761732557e-05,0.17099198924336745,-0.34545454545454546,14.98709683875949,14.987065257853946,-3.158090554400417e-05
Stat3_Etch_MV_PlatenDcBias,1,10,False,Increasing,0.028670143231683376,0.0309094782626248,0.01818181818181818,2.288010418933371,3.2360435646539227,0.9480331457205518
Stat3_Etch_MV_PlatenDcBias,2,10,False,Increasing,0.030912482494590544,0.06583479945414628,0.01818181818181818,2.6850980806510187,3.3435164731866496,0.6584183925356308
Stat3_Etch_MV_PlatenDcBias,3,10,False,Decreasing,-0.015572389391254078,0.0205761592040411,-0.19999999999999998,3.1063781698106405,3.7621589473775914,0.6557807775669509
Stat3_Etch_MV_PlatenDcBias,4,10,False,Decreasing,-0.02615057481462882,0.038199129769495466,-0.12727272727272726,3.744858854951288,3.3547757968123433,-0.3900830581389445
Stat3_Etch_MV_PlatenDcBias,5,10,False,Increasing,0.007192755579398371,0.004470502900417506,-0.2727272727272727,3.3844439331120544,3.9992511890198386,0.6148072559077842
Stat3_Etch_MV_PlatenDcBias,6,10,False,Decreasing,-0.17634847350382876,0.895887412230495,-0.9515151515151514,4.6940154314682045,3.1897097236533822,-1.5043057078148223
Stat3_Etch_MV_PlatenDcBias,7,6,False,Decreasing,-0.25246617435870344,0.6775299280838996,-0.7714285714285715,4.371281448734245,3.2640826392038256,-1.1071988095304195
Stat3_Etch_MV_PlatenDcBias,8,10,False,Decreasing,-0.019138605290528143,0.037138152763697585,-0.18787878787878787,4.0658530400645345,4.533513870736661,0.46766083067212616
Stat3_Etch_MV_PlatenDcBias,9,10,False,Decreasing,-0.04956220305315705,0.1809666916868904,-0.41818181818181815,3.7885310227256954,3.972028394002095,0.18349737127639942
Stat3_Etch_MV_PlatenDcBias,10,10,False,Decreasing,-0.030373707582002977,0.18580689084445956,-0.3696969696969697,4.764049803050639,4.427918405446748,-0.3361313976038911
Stat3_Etch_MV_PlatenRFLoadCapacitor,1,10,False,Decreasing,-0.0475835949367891,0.30900501195833285,-0.5515151515151515,88.5444742271334,88.50542219742928,-0.03905202970412347
Stat3_Etch_MV_PlatenRFLoadCapacitor,2,10,False,Decreasing,-0.011741373102685101,0.011867239654656081,-0.3696969696969697,87.8837434478428,88.44692996846757,0.5631865206247681
Stat3_Etch_MV_PlatenRFLoadCapacitor,3,10,False,Decreasing,-0.03396705377351725,0.10224063651083337,-0.35757575757575755,87.89750095037105,88.23624559274397,0.3387446423729159
Stat3_Etch_MV_PlatenRFLoadCapacitor,4,10,False,Increasing,0.03146261891312847,0.09421246000775596,0.04242424242424241,87.77864097456835,88.81345701265161,1.0348160380832638
Stat3_Etch_MV_PlatenRFLoadCapacitor,5,10,False,Decreasing,-0.0067427781453642584,0.009258274340790407,-0.2727272727272727,87.90111724377311,88.06085299887573,0.1597357551026164
Stat3_Etch_MV_PlatenRFLoadCapacitor,6,10,False,Decreasing,-0.046287532249030275,0.33832465937805645,-0.5636363636363636,88.05164556525727,87.95459835284612,-0.09704721241115521
Stat3_Etch_MV_PlatenRFLoadCapacitor,7,6,False,Decreasing,-0.03780778609152587,0.035302699017747186,-0.14285714285714288,87.31037616889213,87.47208244303962,0.16170627414749106
Stat3_Etch_MV_PlatenRFLoadCapacitor,8,10,False,Increasing,0.10683744840473536,0.2439104735304195,0.43030303030303024,87.7488314496173,88.88045500656786,1.131623556950558
Stat3_Etch_MV_PlatenRFLoadCapacitor,9,10,False,Decreasing,-0.025540115740620657,0.034784794201582425,-0.28484848484848485,87.83031664803674,87.76192977045021,-0.0683868775865335
Stat3_Etch_MV_PlatenRFLoadCapacitor,10,10,False,Increasing,0.007653738954298992,0.008488791637678017,-0.16363636363636364,88.04184857954102,88.4737701524424,0.43192157290137345
Stat3_Etch_MV_PlatenRFLoadPower,1,10,False,Decreasing,-0.005955946385065504,0.2563233800697403,-0.4787878787878787,44.180594835951176,44.10290406564134,-0.07769077030983595
Stat3_Etch_MV_PlatenRFLoadPower,2,10,False,Increasing,0.0029433350391697786,0.060760334277226824,0.24848484848484845,44.121144897563006,44.115944049622215,-0.005200847940791675
Stat3_Etch_MV_PlatenRFLoadPower,3,10,False,Decreasing,-0.004872536992889569,0.23720118588334205,-0.41818181818181815,44.08955790342116,44.09880274115382,0.00924483773265905
Stat3_Etch_MV_PlatenRFLoadPower,4,10,False,Increasing,0.005370301523923819,0.2099420842266202,0.49090909090909085,44.06139644672543,44.08020116323967,0.018804716514239317
Stat3_Etch_MV_PlatenRFLoadPower,5,10,False,Decreasing,-0.003131905076266321,0.03348652186143741,-0.19999999999999998,44.075886062733524,44.13593263029853,0.06004656756500282
Stat3_Etch_MV_PlatenRFLoadPower,6,10,False,Decreasing,-0.012085178013064404,0.370432401763495,-0.4424242424242424,44.2250887988716,44.084675527742895,-0.1404132711287076
Stat3_Etch_MV_PlatenRFLoadPower,7,6,False,Decreasing,-0.0018883192990309429,0.004629978558020387,0.08571428571428573,44.127758959384266,44.1662979062207,0.03853894683643233
Stat3_Etch_MV_PlatenRFLoadPower,8,10,False,Decreasing,-0.012709989844970323,0.6505449753197763,-0.7818181818181817,44.22758073704217,44.13470821514532,-0.09287252189685091
Stat3_Etch_MV_PlatenRFLoadPower,9,10,False,Decreasing,-0.007615127425390847,0.48821865696092104,-0.7454545454545454,44.1168120744635,44.06309528918379,-0.05371678527971113
Stat3_Etch_MV_PlatenRFLoadPower,10,10,False,Increasing,0.0013314206985343287,0.006835255099318149,0.06666666666666665,44.06046700770575,44.11655631235952,0.05608930465376716
Stat3_Etch_MV_PlatenRFPeakToPeak,1,10,False,Increasing,0.6161072124067687,0.5274453011791285,0.6969696969696969,563.8176075300644,569.5614554744147,5.743847944350364
Stat3_Etch_MV_PlatenRFPeakToPeak,2,10,False,Increasing,0.7821761804906863,0.561346165295726,0.5393939393939393,561.5802917429436,569.3304083086663,7.750116565722692
Stat3_Etch_MV_PlatenRFPeakToPeak,3,10,False,Increasing,0.6225747128880357,0.6925112418999299,0.9151515151515152,564.4751186696075,571.4425779497301,6.967459280122625
Stat3_Etch_MV_PlatenRFPeakToPeak,4,10,False,Increasing,0.6788783295337049,0.5732019341946315,0.7575757575757575,562.3648417277385,568.8521270194508,6.487285291712283
Stat3_Etch_MV_PlatenRFPeakToPeak,5,10,False,Increasing,0.7931926725074937,0.6955588714599787,0.8545454545454544,562.0344713674599,570.957631964701,8.923160597241122
Stat3_Etch_MV_PlatenRFPeakToPeak,6,10,False,Increasing,0.6529800512059063,0.6273071372138956,0.7818181818181817,564.8874812792707,571.9957121833437,7.108230904073025
Stat3_Etch_MV_PlatenRFPeakToPeak,7,6,False,Increasing,1.4017271443034112,0.8575009547734024,1.0,562.1792300833507,570.4126144353063,8.233384351955578
Stat3_Etch_MV_PlatenRFPeakToPeak,8,10,False,Increasing,0.41668969368736425,0.2953849606146194,0.5030303030303029,563.344326911434,570.1095717419593,6.765244830525262
Stat3_Etch_MV_PlatenRFPeakToPeak,9,10,False,Increasing,0.548447498962167,0.5173943949873451,0.6,565.4332941776136,570.8452528606326,5.411958683019066
Stat3_Etch_MV_PlatenRFPeakToPeak,10,10,False,Increasing,0.7633893479809994,0.8057182717170039,0.8909090909090909,564.0410828832692,571.2782821935859,7.237199310316782
Stat3_Etch_MV_PlatenRFReflectedPower,1,10,False,Increasing,0.009456153814476162,0.10507592504119323,0.16363636363636364,3.3795013448728066,3.3284306833872384,-0.05107066148556827
Stat3_Etch_MV_PlatenRFReflectedPower,2,10,False,Decreasing,-0.0003697808147430133,0.00020117905567929029,-0.07878787878787878,3.385395799627073,3.2154479160884955,-0.16994788353857748
Stat3_Etch_MV_PlatenRFReflectedPower,3,10,False,Decreasing,-0.009993285766069355,0.1173664349188992,-0.33333333333333326,3.4740899905191243,3.329868384086955,-0.1442216064321693
Stat3_Etch_MV_PlatenRFReflectedPower,4,10,False,Increasing,0.008101208464360911,0.032353019502208924,0.2121212121212121,3.456902276487932,3.5942614516351594,0.1373591751472274
Stat3_Etch_MV_PlatenRFReflectedPower,5,10,False,Decreasing,-0.0192078163168428,0.16824601310614573,-0.24848484848484845,3.7773798801212672,3.3252012936597044,-0.45217858646156284
Stat3_Etch_MV_PlatenRFReflectedPower,6,10,False,Increasing,0.014279658002900427,0.2690274577965489,0.38181818181818183,3.3769407630197064,3.4801202256697072,0.10317946265000089
Stat3_Etch_MV_PlatenRFReflectedPower,7,6,False,Increasing,0.0032666329042504044,0.005732552616947273,0.2,3.5198507662887457,3.5326016525243165,0.012750886235570746
Stat3_Etch_MV_PlatenRFReflectedPower,8,10,False,Decreasing,-0.0010223573754672428,0.0007588193936601817,0.10303030303030303,3.463481653673244,3.3474243982669822,-0.11605725540626155
Stat3_Etch_MV_PlatenRFReflectedPower,9,10,False,Decreasing,-0.0026070296983080232,0.008641791001718468,-0.24848484848484845,3.534410845839658,3.342863464709938,-0.19154738112972014
Stat3_Etch_MV_PlatenRFReflectedPower,10,10,False,Decreasing,-0.0033760921138626765,0.005676415722825623,0.06666666666666665,3.6568847051498423,3.328507210446546,-0.32837749470329625
Stat3_Etch_MV_PlatenRFTuningCapacitor,1,10,False,Increasing,0.0385695793153957,0.8367506319869747,0.9636363636363635,27.959007810509725,28.315710801099385,0.3567029905896604
Stat3_Etch_MV_PlatenRFTuningCapacitor,2,10,False,Increasing,0.039546027326917296,0.8134043619618267,0.9515151515151514,27.948446798165108,28.308951027454718,0.3605042292896101
Stat3_Etch_MV_PlatenRFTuningCapacitor,3,10,False,Increasing,0.03389691645461979,0.7979196312847893,0.9636363636363635,28.026859402058715,28.34434715928258,0.3174877572238657
Stat3_Etch_MV_PlatenRFTuningCapacitor,4,10,False,Increasing,0.03672319031010895,0.7985826096418455,0.9757575757575757,27.99872440591938,28.36354290326542,0.36481849734603955
Stat3_Etch_MV_PlatenRFTuningCapacitor,5,10,False,Increasing,0.035551544579899445,0.882498139699471,0.9878787878787878,28.049028086947256,28.332227124692764,0.2831990377455078
Stat3_Etch_MV_PlatenRFTuningCapacitor,6,10,False,Increasing,0.03178350408765761,0.8338617000124129,0.9393939393939393,28.04928418385085,28.33645951026501,0.28717532641415744
Stat3_Etch_MV_PlatenRFTuningCapacitor,7,6,False,Increasing,0.05771793607953846,0.9745755867216548,1.0,28.021256406650096,28.308295984883564,0.28703957823346826
Stat3_Etch_MV_PlatenRFTuningCapacitor,8,10,False,Increasing,0.0236950826137006,0.49412213959515283,0.6121212121212121,28.010889896141585,28.223326788583115,0.21243689244153074
Stat3_Etch_MV_PlatenRFTuningCapacitor,9,10,False,Increasing,0.03323477421866771,0.8041879719322551,0.9151515151515152,28.061700029277482,28.350320908505953,0.28862087922847124
Stat3_Etch_MV_PlatenRFTuningCapacitor,10,10,False,Increasing,0.035322997710155506,0.8588172799744441,0.9515151515151514,28.081636413629962,28.35648378150912,0.27484736787915764
Stat3_Etch_MV_Pressure,1,10,False,Increasing,1.3614320721000118e-06,0.18879900743806943,0.41818181818181815,0.04238973206912096,0.04240872569641255,1.89936272915886e-05
Stat3_Etch_MV_Pressure,2,10,False,Decreasing,-1.1225729784063372e-06,0.061540553627193906,-0.11515151515151514,0.042398059842827726,0.04236693371464699,-3.1126128180736234e-05
Stat3_Etch_MV_Pressure,3,10,False,Increasing,1.2494643248492558e-06,0.07956956641737178,0.32121212121212117,0.04237218284608926,0.04239638474065106,2.420189456179417e-05
Stat3_Etch_MV_Pressure,4,10,False,Increasing,1.024286334100711e-06,0.019440328001352647,0.16363636363636364,0.04234971541603725,0.042356359626700694,6.644210663445116e-06
Stat3_Etch_MV_Pressure,5,10,False,Increasing,2.3624892583075852e-06,0.19768159117362694,0.38181818181818183,0.04234365830358716,0.04238515527341646,4.149696982929524e-05
Stat3_Etch_MV_Pressure,6,10,False,Decreasing,-1.1014767539877514e-06,0.03771045399705519,-0.17575757575757575,0.042393279122939755,0.04238796348094103,-5.315641998723808e-06
Stat3_Etch_MV_Pressure,7,6,False,Increasing,2.291724721244533e-06,0.1394848719911862,0.4285714285714286,0.04240421373708591,0.04240922726857666,5.013531490752343e-06
Stat3_Etch_MV_Pressure,8,10,False,Decreasing,-4.158934073734227e-06,0.3625893695122432,-0.6969696969696969,0.04240238541043714,0.042377231238439145,-2.515417199799863e-05
Stat3_Etch_MV_Pressure,9,10,False,Decreasing,-3.90932766327457e-06,0.45270039087777925,-0.7333333333333332,0.04241016694347695,0.04238515514201621,-2.501180146073645e-05
Stat3_Etch_MV_Pressure,10,10,False,Increasing,1.0222490327126645e-07,0.00017450490359049997,-0.0303030303030303,0.04235725647085373,0.0423987625519873,4.1506081133575734e-05
Stat3_Etch_MV_SourceRF2PeakToPeak,1,10,False,Decreasing,-0.003802276964742297,0.05926911523864686,-0.0303030303030303,0.2002585790627776,0.08948422721778618,-0.11077435184499143
Stat3_Etch_MV_SourceRF2PeakToPeak,2,10,False,Increasing,0.001735553294235891,0.010857780974098175,0.12727272727272726,0.10931546265464961,0.05346606097385581,-0.0558494016807938
Stat3_Etch_MV_SourceRF2PeakToPeak,3,10,False,Decreasing,-0.001544975119570785,0.007188156221638375,0.06666666666666665,0.1067790723652076,0.10861908680683857,0.0018400144416309688
Stat3_Etch_MV_SourceRF2PeakToPeak,4,10,False,Decreasing,-0.0014474777139432534,0.012471354320207517,-0.09090909090909088,0.1826416992575219,0.10475217349819867,-0.07788952575932324
Stat3_Etch_MV_SourceRF2PeakToPeak,5,10,False,Decreasing,-0.0006569239414933924,0.002570056261212872,-0.0303030303030303,0.14367611696362337,0.0867292990217397,-0.056946817941883665
Stat3_Etch_MV_SourceRF2PeakToPeak,6,10,False,Decreasing,-0.00035342110361182027,0.0004442089819599593,-0.006060606060606061,0.16187320986101705,0.17636657837281375,0.014493368511796695
Stat3_Etch_MV_SourceRF2PeakToPeak,7,6,False,Decreasing,-0.013038282797672093,0.15695425860691548,-0.48571428571428577,0.1624421645965066,0.05203757864780866,-0.11040458594869793
Stat3_Etch_MV_SourceRF2PeakToPeak,8,10,False,Increasing,0.000671349869133437,0.0019614996639988336,-0.12727272727272726,0.12798084623070174,0.10320786399930586,-0.024772982231395888
Stat3_Etch_MV_SourceRF2PeakToPeak,9,10,False,Decreasing,-0.00555052257423541,0.10191883017253489,-0.38181818181818183,0.19750272948606357,0.17912150784425215,-0.018381221641811413
Stat3_Etch_MV_SourceRF2PeakToPeak,10,10,False,Decreasing,-0.004372811264214428,0.10406687236493317,-0.3939393939393939,0.18249278098631838,0.07137311082825298,-0.1111196701580654
Stat3_Etch_MV_SourceRF2TuningCapacitor,1,10,True,Stable,0.0,,,2.0,2.0,0.0
Stat3_Etch_MV_SourceRF2TuningCapacitor,2,10,True,Stable,0.0,,,2.0,2.0,0.0
Stat3_Etch_MV_SourceRF2TuningCapacitor,3,10,False,Increasing,1.2072920439463206e-05,0.003367003367045318,0.058025885318565944,2.0,2.0,0.0
Stat3_Etch_MV_SourceRF2TuningCapacitor,4,10,False,Decreasing,-2.818351304178465e-05,0.009839087247263678,-0.08989331499509895,2.0,1.9983394221188975,-0.0016605778811025207
Stat3_Etch_MV_SourceRF2TuningCapacitor,5,10,False,Increasing,2.4145840878862797e-05,0.007575757575761011,0.08703882797784893,1.99800796812749,2.0,0.0019920318725099584
Stat3_Etch_MV_SourceRF2TuningCapacitor,6,10,True,Stable,0.0,,,2.0,2.0,0.0
Stat3_Etch_MV_SourceRF2TuningCapacitor,7,6,True,Stable,0.0,,,2.0,2.0,0.0
Stat3_Etch_MV_SourceRF2TuningCapacitor,8,10,False,Decreasing,-5.0320541851531295e-05,0.08417508417508579,-0.2901294265928297,2.0,2.0,0.0
Stat3_Etch_MV_SourceRF2TuningCapacitor,9,10,False,Decreasing,-8.451044307621388e-05,0.16498316498314092,-0.4061811972299616,2.0,2.0,0.0
Stat3_Etch_MV_SourceRF2TuningCapacitor,10,10,False,Increasing,3.0192325110952765e-05,0.013943112102638433,0.11244984748999776,1.9983394221188975,2.0,0.0016605778811025207
Stat3_Etch_MV_SourceRFLoadPower,1,10,False,Decreasing,-0.04050224850648594,0.6388360934388211,-0.7818181818181817,2791.768392852477,2791.3055586028922,-0.4628342495848301
Stat3_Etch_MV_SourceRFLoadPower,2,10,False,Decreasing,-0.04428016999089955,0.5630562856225845,-0.6848484848484848,2791.861070919994,2791.4546115560224,-0.4064593639714076
Stat3_Etch_MV_SourceRFLoadPower,3,10,False,Decreasing,-0.023034644059262442,0.10871263161346834,-0.3939393939393939,2791.59737782684,2791.371630941855,-0.225746884984801
Stat3_Etch_MV_SourceRFLoadPower,4,10,False,Decreasing,-0.05862714410122929,0.3131387273293855,-0.5393939393939393,2791.8061378144853,2790.840708418092,-0.9654293963931195
Stat3_Etch_MV_SourceRFLoadPower,5,10,False,Decreasing,-0.06579002235620429,0.43795374249780905,-0.6848484848484848,2791.312508997214,2791.191808580037,-0.12070041717697677
Stat3_Etch_MV_SourceRFLoadPower,6,10,False,Decreasing,-0.060201302196514726,0.7918305743585226,-0.8787878787878788,2791.6011518252794,2791.021592854736,-0.5795589705435304
Stat3_Etch_MV_SourceRFLoadPower,7,6,False,Decreasing,-0.07209933422020695,0.8436894174590353,-0.942857142857143,2791.603738291048,2791.2480338149867,-0.355704476061419
Stat3_Etch_MV_SourceRFLoadPower,8,10,False,Decreasing,-0.005791138978901918,0.012159771269212194,-0.06666666666666665,2791.659635728405,2791.527229393258,-0.13240633514715228
Stat3_Etch_MV_SourceRFLoadPower,9,10,False,Decreasing,-0.053308650948641276,0.37074005707238833,-0.6606060606060605,2791.711185723244,2791.32958021199,-0.3816055112538379
Stat3_Etch_MV_SourceRFLoadPower,10,10,False,Decreasing,-0.039123774047871596,0.21826285640880339,-0.49090909090909085,2791.208859101913,2791.247924029249,0.039064927336312394
Stat3_Etch_MV_SourceRFPeakToPeak,1,10,False,Decreasing,-0.5511877822851731,0.49441531905110236,-0.6606060606060605,3276.3486748634773,3270.749266680249,-5.599408183228206
Stat3_Etch_MV_SourceRFPeakToPeak,2,10,False,Decreasing,-1.0020175390790975,0.810304325315639,-0.9151515151515152,3281.8412939779732,3275.336077242143,-6.505216735830345
Stat3_Etch_MV_SourceRFPeakToPeak,3,10,False,Decreasing,-0.9168358279247256,0.8424008760152986,-0.9515151515151514,3286.123821007293,3277.0505859375,-9.0732350697931
Stat3_Etch_MV_SourceRFPeakToPeak,4,10,False,Decreasing,-0.6212057555374595,0.567842414720169,-0.7818181818181817,3282.3907888215426,3277.859821847886,-4.530966973656632
Stat3_Etch_MV_SourceRFPeakToPeak,5,10,False,Decreasing,-0.6608835794769299,0.8175551537992688,-0.8909090909090909,3286.780902350883,3280.54488269496,-6.2360196559229735
Stat3_Etch_MV_SourceRFPeakToPeak,6,10,False,Decreasing,-0.8392577063964615,0.8125539883863648,-0.8787878787878788,3291.574766261603,3281.495335126473,-10.079431135130108
Stat3_Etch_MV_SourceRFPeakToPeak,7,6,False,Decreasing,-0.6171296539749104,0.4027357146930809,-0.3714285714285715,3288.6697330130382,3286.5714469254117,-2.0982860876265477
Stat3_Etch_MV_SourceRFPeakToPeak,8,10,False,Decreasing,-0.7231632657741353,0.6378322872563487,-0.8303030303030302,3288.8025116459016,3284.362808722391,-4.439702923510595
Stat3_Etch_MV_SourceRFPeakToPeak,9,10,False,Decreasing,-0.5696988629074194,0.6431870673622133,-0.7818181818181817,3279.5353100830894,3275.47259747994,-4.062712603149521
Stat3_Etch_MV_SourceRFPeakToPeak,10,10,False,Decreasing,-0.324030112858218,0.3270504176014182,-0.5272727272727272,3276.8706289827924,3273.943916139695,-2.926712843097448
Stat3_Etch_MV_SourceRFReflectedPower,1,10,False,Increasing,0.2663410013566636,0.25742364797594075,0.38181818181818183,143.30789979851764,143.9857786147342,0.6778788162165483
Stat3_Etch_MV_SourceRFReflectedPower,2,10,False,Increasing,0.1684723874573665,0.09399701070917388,0.309090909090909,143.61754513679938,144.5801498524045,0.9626047156051243
Stat3_Etch_MV_SourceRFReflectedPower,3,10,False,Increasing,0.3108519146150276,0.3096106596017848,0.5636363636363636,144.55888549207805,145.84662864079345,1.287743148715407
Stat3_Etch_MV_SourceRFReflectedPower,4,10,False,Increasing,0.3897854578983316,0.3450517758176337,0.6,142.52555284720128,145.28323968895563,2.7576868417543494
Stat3_Etch_MV_SourceRFReflectedPower,5,10,False,Increasing,0.30703843257477836,0.2795779371478364,0.4787878787878787,147.94174906425425,147.52580344067175,-0.41594562358250187
Stat3_Etch_MV_SourceRFReflectedPower,6,10,False,Increasing,0.3721822613919884,0.23244476541189574,0.5030303030303029,144.89016329665338,143.46506627592024,-1.4250970207331477
Stat3_Etch_MV_SourceRFReflectedPower,7,6,False,Increasing,0.3633411231758547,0.17506038882867447,0.5428571428571429,144.5427972104637,146.77214619883006,2.229348988366354
Stat3_Etch_MV_SourceRFReflectedPower,8,10,False,Increasing,0.5725529474491744,0.6692885001487805,0.8545454545454544,144.23440507342738,146.88253717923078,2.6481321058033984
Stat3_Etch_MV_SourceRFReflectedPower,9,10,False,Increasing,0.2107365729787887,0.1448641743029846,0.4424242424242424,143.51457846778692,144.38231531523894,0.8677368474520222
Stat3_Etch_MV_SourceRFReflectedPower,10,10,False,Increasing,0.2430630572543555,0.14805205058914905,0.3696969696969697,144.21451371787435,142.96175062166174,-1.2527630962126182
Stat3_Etch_MV_SourceRFTuningCapacitor,1,10,True,Stable,0.0,,,3.0,3.0,0.0
Stat3_Etch_MV_SourceRFTuningCapacitor,2,10,True,Stable,0.0,,,3.0,3.0,0.0
Stat3_Etch_MV_SourceRFTuningCapacitor,3,10,True,Stable,0.0,,,3.0,3.0,0.0
Stat3_Etch_MV_SourceRFTuningCapacitor,4,10,True,Stable,0.0,,,3.0,3.0,0.0
Stat3_Etch_MV_SourceRFTuningCapacitor,5,10,True,Stable,0.0,,,3.0,3.0,0.0
Stat3_Etch_MV_SourceRFTuningCapacitor,6,10,True,Stable,0.0,,,3.0,3.0,0.0
Stat3_Etch_MV_SourceRFTuningCapacitor,7,6,True,Stable,0.0,,,3.0,3.0,0.0
Stat3_Etch_MV_SourceRFTuningCapacitor,8,10,True,Stable,0.0,,,3.0,3.0,0.0
Stat3_Etch_MV_SourceRFTuningCapacitor,9,10,True,Stable,0.0,,,3.0,3.0,0.0
Stat3_Etch_MV_SourceRFTuningCapacitor,10,10,True,Stable,0.0,,,3.0,3.0,0.0
Stat3_Etch_MV_moriInnerCurrent,1,10,False,Increasing,8.109750076152984e-05,0.27260838988485325,0.32121212121212117,9.998393408670074,9.999732902001394,0.0013394933313204405
Stat3_Etch_MV_moriInnerCurrent,2,10,False,Increasing,0.00019440141553622075,0.43803521277445,0.5757575757575757,9.99714045955186,9.999988792812255,0.0028483332603954636
Stat3_Etch_MV_moriInnerCurrent,3,10,False,Increasing,5.322366342933272e-05,0.15242552624271144,0.38181818181818183,9.998925470819604,9.99911605377455,0.00019058295494644995
Stat3_Etch_MV_moriInnerCurrent,4,10,False,Increasing,7.909362842761704e-05,0.34586035683484995,0.4424242424242424,9.998344325732324,9.99976481428498,0.001420488552655641
Stat3_Etch_MV_moriInnerCurrent,5,10,False,Increasing,0.00012671159986960993,0.32167316430783266,0.32121212121212117,9.997717488492786,9.999538271134611,0.0018207826418255024
Stat3_Etch_MV_moriInnerCurrent,6,10,False,Increasing,7.869773404734108e-05,0.2962684906082802,0.49090909090909085,9.99846623373288,9.99972952667665,0.0012632929437685902
Stat3_Etch_MV_moriInnerCurrent,7,6,False,Increasing,0.00035606767470136244,0.7874882251986771,0.8857142857142858,9.99793129860358,10.000178704728892,0.002247406125311713
Stat3_Etch_MV_moriInnerCurrent,8,10,False,Decreasing,-6.734886861616346e-05,0.1226215307202757,-0.32121212121212117,9.998397199376937,9.998760488989042,0.0003632896121050777
Stat3_Etch_MV_moriInnerCurrent,9,10,False,Increasing,0.00014236458261464847,0.5739939123808251,0.7575757575757575,9.998274849091086,9.999733568393678,0.0014587193025921152
Stat3_Etch_MV_moriInnerCurrent,10,10,False,Increasing,8.026662210768165e-05,0.25252795107292125,0.35757575757575755,9.998042307118569,9.999584744822338,0.0015424377037689396
