x_mm,y_mm,radius_mm,mean_si_etch,std_si_etch_across_wafers,n_wafers
-95.0,-19.0,96.88137075826292,50.07723181818182,0.527263861739731,88
-95.0,0.0,95.0,50.11109204545455,0.6306323185396745,88
-95.0,19.0,96.88137075826292,49.354416818295455,0.5363264548462229,88
-76.0,-57.0,95.0,50.95295340909092,0.5779368851096084,88
-76.0,-38.0,84.970583144992,44.88950011409091,1.7990802639055117,88
-76.0,-19.0,78.33900688673555,42.97896875386363,0.4505227391784843,88
-76.0,0.0,76.0,42.23177159090909,0.3989680609080653,88
-76.0,19.0,78.33900688673555,42.36106136363637,0.41594535710612346,88
-76.0,38.0,84.970583144992,43.90654845443182,0.5105665415268587,88
-76.0,57.0,95.0,49.2125125,0.649203291597495,88
-57.0,-76.0,95.0,51.24600909090909,0.5513716900595946,88
-57.0,-57.0,80.61017305526643,44.15888716704546,0.4080581883500033,88
-57.0,-38.0,68.50547423381579,42.02284090909091,0.34452780519679227,88
-57.0,-19.0,60.08327554319921,41.24242954545454,0.3700521898570187,88
-57.0,0.0,57.0,40.89181477272727,0.36933968675676393,88
-57.0,19.0,60.08327554319921,40.65706363636364,0.37976550545334076,88
-57.0,38.0,68.50547423381579,40.74292272727273,0.4076133405478308,88
-57.0,57.0,80.61017305526643,42.228339772727274,0.4217738680910585,88
-57.0,76.0,95.0,48.77263253420454,0.6398783824685564,88
-38.0,-76.0,84.970583144992,45.77528273670455,0.4106086161268346,88
-38.0,-57.0,68.50547423381579,42.45178409090909,0.32785327957597,88
-38.0,-38.0,53.74011537017761,41.55959090909091,0.34336012126031895,88
-38.0,-19.0,42.485291572496,41.38422272727273,0.3364014429920111,88
-38.0,0.0,38.0,41.169470454545454,0.3378444222900842,88
-38.0,19.0,42.485291572496,40.802175,0.34875786965705474,88
-38.0,38.0,53.74011537017761,40.33852727272727,0.3665769876745697,88
-38.0,57.0,68.50547423381579,40.423418181818185,0.4030691446281138,88
-38.0,76.0,84.970583144992,43.15305681818182,0.45604896562147956,88
-19.0,-95.0,96.88137075826292,51.489306818181824,0.5599706751241238,88
-19.0,-76.0,78.33900688673555,44.05667010431818,0.3740783126954426,88
-19.0,-57.0,60.08327554319921,41.99662613636364,0.33216697796245304,88
-19.0,-38.0,42.485291572496,41.72364463534091,0.32406944855149483,88
-19.0,-19.0,26.87005768508881,41.78934772727273,0.3200588298114727,88
-19.0,0.0,19.0,41.65130568181818,0.3213887961071006,88
-19.0,19.0,26.87005768508881,41.186092045454544,0.33214996483707526,88
-19.0,38.0,42.485291572496,40.48300681818182,0.3482873747468571,88
-19.0,57.0,60.08327554319921,40.05809090909091,0.37586519997695883,88
-19.0,76.0,78.33900688673555,41.28401041079545,0.4365135808269857,88
-19.0,95.0,96.88137075826292,47.79282189136364,0.5803194199149007,88
0.0,-95.0,95.0,51.38348068181818,0.4854497307693978,88
0.0,-76.0,76.0,43.65339737613636,0.37778611721197725,88
0.0,-57.0,57.0,41.94445835261364,0.32925493391575983,88
0.0,-38.0,38.0,41.822697727272725,0.31868608377968866,88
0.0,-19.0,19.0,41.95270568181818,0.31624989125328884,88
0.0,0.0,0.0,41.86443181818182,0.31767421868146023,88
0.0,19.0,19.0,41.36511704545455,0.3222930108194852,88
0.0,38.0,38.0,40.6026375,0.3361788070332448,88
0.0,57.0,57.0,40.01339945056818,0.36009323989121805,88
0.0,76.0,76.0,40.848675,0.4187753965840055,88
0.0,95.0,95.0,48.13760208170454,0.61901955568557,88
19.0,-95.0,96.88137075826292,51.58269659090909,0.5791667008510951,88
19.0,-76.0,78.33900688673555,43.98982615261364,0.3603980932944973,88
19.0,-57.0,60.08327554319921,41.95354204545455,0.320052127402564,88
19.0,-38.0,42.485291572496,41.684762500000005,0.31319484071874615,88
19.0,-19.0,26.87005768508881,41.74705340909091,0.31038246565870664,88
19.0,0.0,19.0,41.604822727272726,0.3090861010989685,88
19.0,19.0,26.87005768508881,41.12700454545455,0.31619482375625285,88
19.0,38.0,42.485291572496,40.43895340909091,0.333481902517303,88
19.0,57.0,60.08327554319921,40.014129545454544,0.3586876842169022,88
19.0,76.0,78.33900688673555,41.21385,0.41509988337967324,88
19.0,95.0,96.88137075826292,48.039761664431815,0.6248611736960057,88
38.0,-76.0,84.970583144992,45.60315271693182,0.3818306898017661,88
38.0,-57.0,68.50547423381579,42.35440568181818,0.32793383872566956,88
38.0,-38.0,53.74011537017761,41.47226818181818,0.32047691540231893,88
38.0,-19.0,42.485291572496,41.301863636363635,0.31293750653424035,88
38.0,0.0,38.0,41.08057954545455,0.31356656396394833,88
38.0,19.0,42.485291572496,40.680156818181814,0.32284013486675595,88
38.0,38.0,53.74011537017761,40.225564772727274,0.33910024263408256,88
38.0,57.0,68.50547423381579,40.301500000000004,0.3714697344823178,88
38.0,76.0,84.970583144992,42.98687386363636,0.4272926077202193,88
57.0,-76.0,95.0,50.99034886363636,0.4710232975309084,88
57.0,-57.0,80.61017305526643,43.94205603272727,0.3643984449070797,88
57.0,-38.0,68.50547423381579,41.889207954545455,0.30704259003567536,88
57.0,-19.0,60.08327554319921,41.11559090909091,0.32701720681597024,88
57.0,0.0,57.0,40.755525,0.32822969481266917,88
57.0,19.0,60.08327554319921,40.50479886363637,0.3369230443879105,88
57.0,38.0,68.50547423381579,40.571394318181824,0.36063812709933624,88
57.0,57.0,80.61017305526643,41.99748636363636,0.38120865951179117,88
57.0,76.0,95.0,48.37256035386363,0.5764476839024086,88
76.0,-57.0,95.0,50.60533295454545,0.4854266461581623,88
76.0,-38.0,84.970583144992,44.766065827272726,0.39076993636233154,88
76.0,-19.0,78.33900688673555,42.73628085443182,0.39186813537118076,88
76.0,0.0,76.0,42.03857045454546,0.38264926444671443,88
76.0,19.0,78.33900688673555,42.138169318181816,0.39877825187974125,88
76.0,38.0,84.970583144992,43.57074523477273,0.430649791500485,88
76.0,57.0,95.0,48.774758298181816,0.5517631296209434,88
95.0,-19.0,96.88137075826292,50.46864090909091,1.3519815056928615,88
95.0,0.0,95.0,49.625332954545456,0.5101840870352566,88
95.0,19.0,96.88137075826292,50.00098522727273,0.6381424729670431,88
