lot_number,previous_experiment_key,previous_wafer_number,experiment_key,wafer_number,moving_range
1,2024-07-02_01,1,2024-07-02_02,2,2.799999952316284
1,2024-07-02_02,2,2024-07-02_03,3,3.0
1,2024-07-02_03,3,2024-07-02_04,4,0.0
1,2024-07-02_04,4,2024-07-02_05,5,3.200000047683716
1,2024-07-02_05,5,2024-07-02_06,6,3.200000047683716
1,2024-07-02_06,6,2024-07-02_07,7,0.0
1,2024-07-02_07,7,2024-07-02_08,8,3.1999998092651367
1,2024-07-02_08,8,2024-07-02_09,9,3.1999998092651367
1,2024-07-02_09,9,2024-07-02_10,10,0.0
2,2024-07-05_01,1,2024-07-05_02,2,0.20000004768371582
2,2024-07-05_02,2,2024-07-05_03,3,0.0
2,2024-07-05_03,3,2024-07-05_04,4,3.0
2,2024-07-05_04,4,2024-07-05_05,5,3.0
2,2024-07-05_05,5,2024-07-05_06,6,0.0
2,2024-07-05_06,6,2024-07-05_07,7,0.0
2,2024-07-05_07,7,2024-07-05_08,8,3.0
2,2024-07-05_08,8,2024-07-05_09,9,2.799999952316284
2,2024-07-05_09,9,2024-07-05_10,10,0.20000004768371582
3,2024-07-09_01,1,2024-07-09_02,2,3.0
3,2024-07-09_02,2,2024-07-09_03,3,3.0
3,2024-07-09_03,3,2024-07-09_04,4,0.0
3,2024-07-09_04,4,2024-07-09_05,5,4.199999809265137
3,2024-07-09_05,5,2024-07-09_06,6,4.199999809265137
3,2024-07-09_06,6,2024-07-09_07,7,0.20000004768371582
3,2024-07-09_07,7,2024-07-09_08,8,0.20000004768371582
3,2024-07-09_08,8,2024-07-09_09,9,0.009999990463256836
3,2024-07-09_09,9,2024-07-09_10,10,6.210000038146973
4,2024-07-11_01,1,2024-07-11_02,2,0.0
4,2024-07-11_02,2,2024-07-11_03,3,4.0
4,2024-07-11_03,3,2024-07-11_04,4,4.0
4,2024-07-11_04,4,2024-07-11_05,5,4.200000047683716
4,2024-07-11_05,5,2024-07-11_06,6,4.200000047683716
4,2024-07-11_06,6,2024-07-11_07,7,3.0
4,2024-07-11_07,7,2024-07-11_08,8,0.0
4,2024-07-11_08,8,2024-07-11_09,9,3.0
4,2024-07-11_09,9,2024-07-11_10,10,10.0
5,2024-07-19_01,1,2024-07-19_02,2,10.399999856948853
5,2024-07-19_02,2,2024-07-19_03,3,6.199999809265137
5,2024-07-19_03,3,2024-07-19_04,4,3.0
5,2024-07-19_04,4,2024-07-19_05,5,2.8000001907348633
5,2024-07-19_05,5,2024-07-19_06,6,0.19999980926513672
5,2024-07-19_06,6,2024-07-19_07,7,0.0
5,2024-07-19_07,7,2024-07-19_08,8,0.0
5,2024-07-19_08,8,2024-07-19_09,9,4.200000047683716
5,2024-07-19_09,9,2024-07-19_10,10,4.200000047683716
6,2024-08-01_01,1,2024-08-01_02,2,2.799999952316284
6,2024-08-01_02,2,2024-08-01_03,3,0.20000004768371582
6,2024-08-01_03,3,2024-08-01_04,4,0.0
6,2024-08-01_04,4,2024-08-01_05,5,0.0
6,2024-08-01_05,5,2024-08-01_06,6,3.200000047683716
6,2024-08-01_06,6,2024-08-01_07,7,0.0
6,2024-08-01_07,7,2024-08-01_08,8,3.200000047683716
6,2024-08-01_08,8,2024-08-01_09,9,0.20000004768371582
6,2024-08-01_09,9,2024-08-01_10,10,0.20000004768371582
7,2024-08-05_01,1,2024-08-05_02,2,0.19999980926513672
7,2024-08-05_02,2,2024-08-05_03,3,3.0
7,2024-08-05_03,3,2024-08-05_04,4,3.0
7,2024-08-05_04,4,2024-08-05_05,5,0.0
7,2024-08-05_05,5,2024-08-05_06,6,0.0
8,2024-08-07_01,1,2024-08-07_02,2,0.20000004768371582
8,2024-08-07_02,2,2024-08-07_03,3,2.384185791015625e-07
8,2024-08-07_03,3,2024-08-07_04,4,3.2099997997283936
8,2024-08-07_04,4,2024-08-07_05,5,0.009999990463256836
8,2024-08-07_05,5,2024-08-07_06,6,0.18999981880187988
8,2024-08-07_06,6,2024-08-07_07,7,0.18999981880187988
8,2024-08-07_07,7,2024-08-07_08,8,4.0
8,2024-08-07_08,8,2024-08-07_09,9,4.0
8,2024-08-07_09,9,2024-08-07_10,10,0.0
9,2024-08-21_01,1,2024-08-21_02,2,0.0
9,2024-08-21_02,2,2024-08-21_03,3,0.20000004768371582
9,2024-08-21_03,3,2024-08-21_04,4,0.0
9,2024-08-21_04,4,2024-08-21_05,5,0.0
9,2024-08-21_05,5,2024-08-21_06,6,3.0
9,2024-08-21_06,6,2024-08-21_07,7,3.0
9,2024-08-21_07,7,2024-08-21_08,8,0.0
9,2024-08-21_08,8,2024-08-21_09,9,4.200000047683716
9,2024-08-21_09,9,2024-08-21_10,10,4.190000057220459
10,2024-08-22_01,1,2024-08-22_02,2,7.0
10,2024-08-22_02,2,2024-08-22_03,3,3.0
10,2024-08-22_03,3,2024-08-22_04,4,0.0
10,2024-08-22_04,4,2024-08-22_05,5,3.200000047683716
10,2024-08-22_05,5,2024-08-22_06,6,0.20000004768371582
10,2024-08-22_06,6,2024-08-22_07,7,0.0
10,2024-08-22_07,7,2024-08-22_08,8,7.0
10,2024-08-22_08,8,2024-08-22_09,9,4.0
10,2024-08-22_09,9,2024-08-22_10,10,0.0
