feature,valid_lots,n_valid_wafers,center,sigma_mr,lcl,ucl,n_i_violations,i_violation_rate_pct,max_abs_z,mr_bar,mr_ucl,n_valid_mr_pairs,n_mr_violations,mr_violation_rate_pct
Stat3_Etch_MV_Gas7Flow,10,96,3.076242964065538e-16,0.02076309058961349,-0.062289271768840165,0.062289271768840776,8,8.333333333333332,5.018226252569582,0.023420766185084017,0.07651564312666947,86,4,4.651162790697675
Stat3_Etch_MV_PlatenRFTuningCapacitor,10,96,8.881784197001252e-16,0.028239794817027764,-0.0847193844510824,0.08471938445108418,7,7.291666666666667,3.366537890457945,0.03185448855360731,0.10406861410463508,86,0,0.0
Stat3_Etch_MV_Heater4Temp,10,96,-1.7763568394002505e-15,0.007155105555813214,-0.02146531666744142,0.021465316667437867,5,5.208333333333334,6.993740160349432,0.008070959066957305,0.026367823271749514,86,2,2.3255813953488373
Stat3_Etch_MV_Gas1Flow,10,96,5.782411586589357e-17,0.08120928503974902,-0.243627855119247,0.24362785511924712,5,5.208333333333334,4.366947443801047,0.09160407352483688,0.29927050820564205,86,8,9.30232558139535
Stat3_Etch_MV_Heater2Temp,10,96,2.3684757858670005e-15,0.009423031826029049,-0.028269095478084778,0.028269095478089517,3,3.125,4.852115054231299,0.010629179899760767,0.034725530732518425,86,2,2.3255813953488373
Stat3_Etch_MV_SourceRFLoadPower,10,96,4.121147867408581e-13,0.1664296748564938,-0.49928902456906926,0.4992890245698935,3,3.125,3.289012703933986,0.18773267323812498,0.6133226434689543,86,5,5.813953488372093
Stat3_Etch_MV_SourceRF2TuningCapacitor,6,60,2.8495724298712354e-16,0.0005460616916288694,-0.0016381850748863234,0.0016381850748868932,3,5.0,3.27214351863599,0.0006159575881573647,0.0020123334405101104,54,4,7.4074074074074066
Stat3_Etch_MV_Gas2Flow,10,96,6.291263806209221e-16,0.059098856925195904,-0.17729657077558708,0.17729657077558836,2,2.083333333333333,3.706497883546647,0.06666351061162097,0.2177896891681657,86,2,2.3255813953488373
Stat3_Etch_MV_Heater3Temp,10,96,-2.590520390792032e-16,0.01665120233854213,-0.04995360701562664,0.04995360701562613,2,2.083333333333333,3.5577156105916146,0.01878255623787552,0.06136261122913932,86,1,1.1627906976744187
Stat3_Etch_MV_ForeLinePressure,10,96,1.4802973661668755e-14,0.1006523741148668,-0.30195712234458555,0.3019571223446152,2,2.083333333333333,3.377450355129802,0.11353587800156974,0.37092171343112834,86,3,3.488372093023256
Stat3_Etch_MV_PlatenRFLoadCapacitor,10,96,3.1086244689504383e-15,0.2809358663566906,-0.8428075990700687,0.842807599070075,2,2.083333333333333,3.1709685652348645,0.31689565725034696,1.0352981122368834,86,7,8.13953488372093
Stat3_Etch_MV_HeliumBPPressure,10,96,9.251858538542972e-16,8.330944499195985e-05,-0.00024992833497495436,0.00024992833497680477,1,1.0416666666666665,3.3425682012624627,9.397305395093071e-05,0.0003070099672576906,86,3,3.488372093023256
Stat3_Etch_MV_moriInnerCurrent,10,96,1.7393494052460785e-15,0.000415059083396755,-0.0012451772501885258,0.0012451772501920044,1,1.0416666666666665,3.325960325360303,0.0004681866460715396,0.0015295657727157198,86,0,0.0
Stat3_Etch_MV_PlatenRFLoadPower,10,96,1.7023419710919068e-15,0.03718269698486114,-0.11154809095458171,0.11154809095458512,1,1.0416666666666665,3.1223597819252085,0.04194208219892336,0.13702478254388262,86,0,0.0
Stat3_Etch_MV_HeliumBPFlow,10,96,1.780982768669522e-16,0.03350011994728534,-0.10050035984185585,0.10050035984185621,1,1.0416666666666665,3.1074977052220945,0.037788135300537866,0.12345383802685721,86,2,2.3255813953488373
Stat3_Etch_MV_PlatenRFPeakToPeak,10,96,9.000207986294602e-14,1.2474413238936681,-3.7423239716809142,3.7423239716810945,0,0.0,2.805204633870484,1.4071138133520575,4.597040828221171,86,0,0.0
Stat3_Etch_MV_PlatenDcBias,10,96,6.013708050052932e-16,0.3323101728924482,-0.996930518677344,0.9969305186773451,0,0.0,2.788298685091642,0.3748458750226815,1.2246214736991006,86,1,1.1627906976744187
Stat3_Etch_MV_PlatenRFReflectedPower,10,96,-2.4054832200211723e-16,0.10092903512520636,-0.3027871053756193,0.30278710537561887,0,0.0,2.7213210580537996,0.11384795162123276,0.3719412579465674,86,3,3.488372093023256
Stat3_Etch_MV_Gas5Flow,10,96,3.197442310920451e-14,0.5856905587333234,-1.7570716761999383,1.7570716762000023,0,0.0,2.7047805336727997,0.6606589502511888,2.158372790470634,86,0,0.0
Stat3_Etch_MV_Gas4Flow,10,96,8.289665250534503e-15,0.2979488323795981,-0.8938464971387861,0.8938464971388027,0,0.0,2.537296120059608,0.33608628292418663,1.0979938863133176,86,0,0.0
Stat3_Etch_MV_SourceRFPeakToPeak,10,96,2.652692880171041e-13,1.619470139265112,-4.858410417795071,4.858410417795602,0,0.0,2.3261780243488204,1.8267623170910463,5.968032489936448,86,0,0.0
Stat3_Etch_MV_Pressure,10,96,3.541727096785981e-18,1.8267293865815714e-05,-5.48018815974436e-05,5.480188159745069e-05,0,0.0,2.166096538249002,2.0605507480640125e-05,6.731819293925128e-05,86,0,0.0
Stat3_Etch_MV_SourceRFReflectedPower,10,96,1.805962786723588e-14,1.6233087768927819,-4.869926330678328,4.869926330678363,0,0.0,2.016302825067472,1.8310923003350579,5.982178545194634,86,0,0.0
Stat3_Etch_MV_SourceRF2PeakToPeak,10,96,4.04768811061255e-18,0.05388548056562086,-0.16165644169686258,0.16165644169686258,0,0.0,1.8058159401849652,0.06078282207802033,0.1985774797288924,86,0,0.0
Stat3_Etch_MV_Heater1Temp,10,96,-2.842170943040401e-14,0.0025105181164222796,-0.0075315543492952605,0.007531554349238417,0,0.0,1.756059747105807,0.002831864435324331,0.00925170111020459,86,0,0.0
Stat3_Etch_MV_EpdIntensity,0,0,,,,,0,,,,,0,0,
Stat3_Etch_MV_SourceRFTuningCapacitor,0,0,,,,,0,,,,,0,0,
