experiment_key,lot_number,wafer_number,date,conditioning,conditioning_count,conditioning_surface,n_points,mean_si_etch,median_si_etch,std_si_etch,min_si_etch,max_si_etch,p05_si_etch,p95_si_etch,mean_oxide_etch,std_oxide_etch,interpolated_points,range_si_etch,p90_width_si_etch,cv_si_etch_pct,interpolated_pct
2024-07-02_01,1,1,2024-07-02,3C,3,Chuck,89,44.28899101123595,42.4872,3.6675814288162507,40.5896,52.6763,40.91728,51.87828,0.6018027662921348,0.07538886521260735,0,12.0867,10.960999999999999,8.28102276677696,0.0
2024-07-02_02,1,2,2024-07-02,3C,3,Chuck,89,44.038886516853935,42.2054,3.6156759805667624,40.3938,51.8768,40.67858,51.37784,0.6005827669213484,0.07321452514595322,0,11.483000000000004,10.699260000000002,8.21018937248339,0.0
2024-07-02_03,1,3,2024-07-02,3C,3,Chuck,89,44.149623595505616,42.3301,3.5834535260678626,40.5103,51.911,40.767340000000004,51.48256,0.5973194684382023,0.0745806990090462,0,11.4007,10.715219999999995,8.116611726747891,0.0
2024-07-02_04,1,4,2024-07-02,3C,3,Chuck,89,43.90529550561798,42.0998,3.532246787855696,40.3074,51.6734,40.57768,51.065099999999994,0.5911904465955057,0.07448337755894484,0,11.366,10.487419999999993,8.045149787008544,0.0
2024-07-02_05,1,5,2024-07-02,3C,3,Chuck,89,43.426591011235956,41.7122,3.4892911242553044,39.8455,51.0277,40.12304,50.60116,0.5828990922808989,0.07348338160622016,0,11.182200000000002,10.478119999999997,8.034918336906768,0.0
2024-07-02_06,1,6,2024-07-02,3C,3,Chuck,89,43.584064044943815,41.8788,3.4852465579200778,39.988,51.257,40.2758,50.82845999999999,0.5827595102808989,0.07383673975543735,0,11.268999999999998,10.552659999999996,7.996607554371472,0.0
2024-07-02_08,1,8,2024-07-02,3C,3,Chuck,89,43.09692808988764,41.4653,3.4581202774745448,39.5443,50.67,39.84616,50.20158,0.5745922288539326,0.07254429109636483,0,11.125700000000002,10.355420000000002,8.024052828688655,0.0
2024-07-02_09,1,9,2024-07-02,3C,3,Chuck,89,43.339929213483146,41.6891,3.4698494783013167,39.7618,50.9367,40.05766,50.51542,0.5764614146179775,0.07278498443225614,0,11.174900000000001,10.45776,8.006126316472708,0.0
2024-07-02_10,1,10,2024-07-02,3C,3,Chuck,89,43.28435730337079,41.6455,3.458258239845298,39.7163,50.9023,40.02738,50.431419999999996,0.5755332011685393,0.07224205739043663,0,11.186,10.404039999999995,7.9896259417856355,0.0
2024-07-05_01,2,1,2024-07-05,1C,1,Chuck,89,44.20857078651686,42.3629,3.7718510450590257,40.4464,52.6825,40.76196,51.88524,0.5954297366067416,0.07399664558895373,0,12.2361,11.123280000000001,8.531945226805206,0.0
2024-07-05_02,2,2,2024-07-05,1C,1,Chuck,89,44.20844943820225,42.4867,3.6378891360368857,40.5446,52.1452,40.85914,51.5824,0.5980765559550562,0.07570201608657114,0,11.6006,10.723260000000003,8.228945331191017,0.0
2024-07-05_03,2,3,2024-07-05,1C,1,Chuck,89,43.951485978988764,42.2873,3.5274047631088563,40.3631,51.6801,40.66008,51.18186,0.5907246180449438,0.07660272481426807,1,11.317,10.52178,8.025678050555902,1.1235955056179776
2024-07-05_04,2,4,2024-07-05,1C,1,Chuck,89,43.42695056179775,41.8261,3.447199680415539,39.9051,51.0643,40.19746,50.52952,0.5819923061797753,0.07621331609253161,0,11.159200000000006,10.332059999999998,7.937927107062419,0.0
2024-07-05_05,2,5,2024-07-05,1C,1,Chuck,89,43.54600561797753,41.961,3.4470949355489964,40.0046,51.2281,40.29946,50.69468,0.5797892122921349,0.07677618777118693,0,11.223499999999994,10.395219999999995,7.915984225487488,0.0
2024-07-05_06,2,6,2024-07-05,1C,1,Chuck,89,43.416213483146066,41.8616,3.433145727479441,39.8772,51.0924,40.17342,50.53621999999999,0.5777132975280899,0.0756277124811995,0,11.215199999999996,10.362799999999993,7.907519914909597,0.0
2024-07-05_07,2,7,2024-07-05,1C,1,Chuck,89,43.297787640449435,41.7385,3.430589230805898,39.7664,50.9669,40.06628,50.3038,0.5753676929662921,0.07577302928146723,0,11.200500000000005,10.237520000000004,7.923243698486318,0.0
2024-07-05_08,2,8,2024-07-05,1C,1,Chuck,89,42.96067191011236,41.3667,3.407443767150033,39.4479,50.5389,39.7348,50.02238,0.5709934237752808,0.07469049416194495,0,11.091000000000001,10.287579999999998,7.931542072431988,0.0
2024-07-05_09,2,9,2024-07-05,1C,1,Chuck,89,43.18773370786516,41.6006,3.428041934830096,39.6556,50.8204,39.94554,50.29128,0.5728502397977528,0.07454390881605501,0,11.1648,10.34574,7.937536055997761,0.0
2024-07-05_10,2,10,2024-07-05,1C,1,Chuck,89,43.10430337078652,41.5509,3.4070339160397003,39.5785,50.7233,39.86958,50.19294,0.5709217213146067,0.07484655323775488,0,11.144800000000004,10.323360000000001,7.9041618808501175,0.0
2024-07-09_01,3,1,2024-07-09,9C,9,Chuck,89,44.18354494382022,42.4143,3.662879918033774,40.4958,52.5449,40.8106,51.75542,0.5995751122808989,0.07687580266008538,0,12.049099999999996,10.94482,8.290144945796357,0.0
2024-07-09_02,3,2,2024-07-09,9C,9,Chuck,89,43.90555393258427,42.255,3.5997491486901936,39.2308,52.0478,40.61734,51.386540000000004,0.6032920311348314,0.07447043640666869,0,12.817,10.769200000000005,8.198846902643583,0.0
2024-07-09_03,3,3,2024-07-09,9C,9,Chuck,89,44.266009562584266,42.4556,3.7050973951345694,40.5166,52.3406,40.82608,51.73738,0.7012317207078651,0.07034745884212142,9,11.824000000000005,10.911300000000004,8.370073181989039,10.112359550561797
2024-07-09_04,3,4,2024-07-09,9C,9,Chuck,89,44.079486308876405,42.3358,3.659472321881762,40.3343,52.0542,40.6447,51.4837,0.7098651757528089,0.07052799832916355,10,11.719900000000003,10.838999999999999,8.301984955629676,11.235955056179774
2024-07-09_05,3,5,2024-07-09,9C,9,Chuck,89,43.976832691348314,42.2935,3.597192185043186,40.2553,51.8725,40.56804,51.335139999999996,0.7032826336179775,0.06934209660109852,10,11.617200000000004,10.767099999999992,8.179743662509992,11.235955056179774
2024-07-09_06,3,6,2024-07-09,9C,9,Chuck,89,43.70646829337079,42.0356,3.5921641918658307,40.0075,51.6604,40.31228,51.022020000000005,0.6941350511123595,0.06832094015403742,12,11.652900000000002,10.709740000000004,8.218838840407233,13.48314606741573
2024-07-09_07,3,7,2024-07-09,9C,9,Chuck,89,43.58551297651685,41.9626,3.575361039394092,39.8958,51.4953,40.200880000000005,50.886199999999995,0.6886078678651686,0.0661780768727992,11,11.599499999999999,10.68531999999999,8.203095008473198,12.359550561797752
2024-07-09_08,3,8,2024-07-09,9C,9,Chuck,89,43.50429716483146,41.9266,3.560468480577612,39.8245,51.3609,40.1304,50.80408,0.6871177747078652,0.06649876371694088,11,11.5364,10.673679999999997,8.184176535682242,12.359550561797752
2024-07-09_09,3,9,2024-07-09,9C,9,Chuck,89,43.42807412224719,41.8658,3.535308876931355,39.7708,51.19,40.0628,50.69348,0.6867361363370786,0.06689336669005194,11,11.419199999999996,10.630679999999998,8.140607080525127,12.359550561797752
2024-07-09_10,3,10,2024-07-09,9C,9,Chuck,89,42.98307262797753,41.4791,3.5179247787918597,39.3302,50.7712,39.62402,50.170919999999995,0.6948525237528089,0.07040728112545061,12,11.441000000000003,10.546899999999994,8.184442301833153,13.48314606741573
2024-07-11_01,4,1,2024-07-11,3C - Si,3,Si wafer,89,44.30630482640449,42.435,3.753616393752773,40.5354,52.6455,40.8503,51.86124,0.6986135878202246,0.07066122844945243,8,12.110099999999996,11.010940000000005,8.471968963468587,8.98876404494382
2024-07-11_02,4,2,2024-07-11,3C - Si,3,Si wafer,89,44.36490342820225,42.5351,3.716750176597906,40.6087,52.5266,40.9294,51.84644,0.6955457961348315,0.06987932931332855,8,11.917900000000003,10.91704,8.377681206075186,8.98876404494382
2024-07-11_03,4,3,2024-07-11,3C - Si,3,Si wafer,89,44.324505951348314,42.541,3.6474778867640154,40.6007,52.3633,40.90526,51.71864,0.7068376026067416,0.0712098114766659,9,11.762599999999999,10.813380000000002,8.2290322440764,10.112359550561797
2024-07-11_04,4,4,2024-07-11,3C - Si,3,Si wafer,89,43.998570636404494,42.2578,3.6198767069103597,40.2776,51.9429,40.586420000000004,51.35816,0.704332305977528,0.07168883195725971,8,11.665300000000002,10.771739999999994,8.227259782651366,8.98876404494382
2024-07-11_05,4,5,2024-07-11,3C - Si,3,Si wafer,89,43.92957708887641,42.3623,3.560878350323841,40.2389,51.7485,40.54422,51.21776,0.7013869613932584,0.06925292982494358,10,11.509599999999999,10.673539999999996,8.105878968785943,11.235955056179774
2024-07-11_06,4,6,2024-07-11,3C - Si,3,Si wafer,89,43.64391731,42.0833,3.570702514073297,39.9431,51.5914,40.24602,50.96418,0.6940051048876404,0.06945760584759875,9,11.648299999999999,10.718159999999997,8.18144367910612,10.112359550561797
2024-07-11_07,4,7,2024-07-11,3C - Si,3,Si wafer,89,43.214110956853936,41.6805,3.5248681690634576,39.5572,51.0043,39.84894,50.4961,0.6865208035955057,0.06798923099123368,10,11.447099999999999,10.64716,8.15675271575707,11.235955056179774
2024-07-11_08,4,8,2024-07-11,3C - Si,3,Si wafer,89,43.135930337078655,41.5848,3.520601440905925,39.4823,50.9625,39.78434,50.3613,0.6823962143258426,0.056702724183414856,0,11.480199999999996,10.57696,8.16164485938929,0.0
2024-07-11_09,4,9,2024-07-11,3C - Si,3,Si wafer,89,42.94292808988764,41.3867,3.515772821781791,39.3009,50.7659,39.59846,50.15114,0.6798821283483146,0.057644553623134046,0,11.465000000000003,10.552679999999995,8.187082199943648,0.0
2024-07-11_10,4,10,2024-07-11,3C - Si,3,Si wafer,89,43.42402808988764,41.8577,3.4989530306306302,39.775,51.2116,40.07334,50.61888,0.6849691163707865,0.05772070783839711,0,11.436599999999999,10.545539999999995,8.0576427027631,0.0
2024-07-19_01,5,1,2024-07-19,1C - Si,1,Si wafer,89,44.31420112359551,42.4469,3.7685462773602074,40.572,52.7809,40.87544,51.91662,0.6845211126067415,0.058528794161970994,0,12.2089,11.041180000000004,8.504150321585307,0.0
2024-07-19_02,5,2,2024-07-19,1C - Si,1,Si wafer,89,43.71237640449438,41.9303,3.65437838357526,40.0443,51.7959,40.345479999999995,51.10656,0.6790159967977528,0.056077038296835295,0,11.751600000000003,10.761080000000007,8.360054255022217,0.0
2024-07-19_03,5,3,2024-07-19,1C - Si,1,Si wafer,89,43.85850112359551,42.1486,3.576392815299318,40.1919,51.7073,40.48658,51.181540000000005,0.6876664316516854,0.056751414302464574,0,11.5154,10.694960000000009,8.154389054976729,0.0
2024-07-19_04,5,4,2024-07-19,1C - Si,1,Si wafer,89,43.35476853932584,41.7203,3.491146673464098,39.738,51.0861,40.02786,50.52992,0.6867590108202247,0.056820185496661985,0,11.348100000000002,10.50206,8.052509080511827,0.0
2024-07-19_05,5,5,2024-07-19,1C - Si,1,Si wafer,89,43.50141797752809,41.8678,3.5056547709928134,39.8595,51.3457,40.15402,50.7267,0.6863818737752809,0.05714109911184757,0,11.486200000000004,10.572679999999998,8.058713793660152,0.0
2024-07-19_06,5,6,2024-07-19,1C - Si,1,Si wafer,89,43.371765168539326,41.7847,3.4945687578574716,39.7342,51.1782,40.02234,50.59052,0.6859885106516854,0.05701503460333918,0,11.443999999999996,10.568179999999998,8.057243564512182,0.0
2024-07-19_07,5,7,2024-07-19,1C - Si,1,Si wafer,89,43.267224363932584,41.7065,3.4800301828093785,39.6316,50.9781,39.93448,50.4482,0.6830332948089888,0.05675458192319681,1,11.346499999999999,10.51372,8.043109383532169,1.1235955056179776
2024-07-19_08,5,8,2024-07-19,1C - Si,1,Si wafer,89,43.17212696629213,41.5276,3.4973731252863294,39.5676,51.0264,39.8662,50.41162,0.6526723126966293,0.0533610087537541,0,11.458800000000004,10.54542,8.10099796106178,0.0
2024-07-19_09,5,9,2024-07-19,1C - Si,1,Si wafer,89,43.233769856629216,41.6113,3.467313750195011,39.6471,50.9989,39.93614,50.43754,0.6486990951573034,0.052779011141345984,1,11.351799999999997,10.501399999999997,8.019919987762421,1.1235955056179776
2024-07-19_10,5,10,2024-07-19,1C - Si,1,Si wafer,89,43.02462584269663,41.4042,3.4711467290688547,39.4453,50.8589,39.72658,50.2215,0.6469587104606741,0.05391265929273077,0,11.413599999999995,10.49492,8.067813864924236,0.0
2024-08-01_01,6,1,2024-08-01,9C - Si,9,Si wafer,89,43.75222247191011,42.0051,3.6475016049854476,40.0937,51.9813,40.40732,51.23814,0.6493337256741573,0.05723225892249721,0,11.887599999999999,10.830820000000003,8.336723025503959,0.0
2024-08-01_02,6,2,2024-08-01,9C - Si,9,Si wafer,89,44.195029213483146,42.425,3.6918865131985816,40.5022,52.2677,40.82418,51.694179999999996,0.6518977663483146,0.056718628377527794,0,11.765499999999996,10.869999999999997,8.353623877846086,0.0
2024-08-01_03,6,3,2024-08-01,9C - Si,9,Si wafer,89,44.066997752808994,42.323,3.6589131145116736,40.3885,52.1867,40.697720000000004,51.4784,0.6475585641123596,0.05671496945140913,0,11.798200000000001,10.780679999999997,8.303068738733037,0.0
2024-08-01_04,6,4,2024-08-01,9C - Si,9,Si wafer,89,43.89461797752809,42.1509,3.6395515239081897,40.222,51.9347,40.52726,51.34572,0.649333190730337,0.05587320263623793,0,11.712699999999998,10.818460000000002,8.291566692234257,0.0
2024-08-01_05,6,5,2024-08-01,9C - Si,9,Si wafer,89,43.69129550561797,41.9821,3.603095307296623,40.0373,51.6084,40.33792,51.07752,0.6490255172808989,0.05512814620734618,0,11.571100000000001,10.739600000000003,8.246711995146322,0.0
2024-08-01_06,6,6,2024-08-01,9C - Si,9,Si wafer,89,43.231184269662926,41.5642,3.5591206811687828,39.5939,51.0864,39.898360000000004,50.54572,0.6492932253370786,0.05397132418736718,0,11.4925,10.647359999999999,8.232762394312575,0.0
2024-08-01_07,6,7,2024-08-01,9C - Si,9,Si wafer,89,42.97732808988764,41.4916,3.845149169385882,28.653,50.9534,39.76408,50.388619999999996,0.6838990728202247,0.05666961440335846,0,22.300400000000003,10.624539999999996,8.946924670011366,0.0
2024-08-01_08,6,8,2024-08-01,9C - Si,9,Si wafer,89,43.32931011235955,41.7748,3.530859176723535,39.6672,51.2159,39.96604,50.57142,0.6852053733483147,0.0572599738547485,0,11.548699999999997,10.605380000000004,8.148893133925917,0.0
2024-08-01_09,6,9,2024-08-01,9C - Si,9,Si wafer,89,43.23398539325843,41.6448,3.510391499839611,39.4678,50.9339,39.91016,50.45156,0.6820952078539325,0.0570808213498085,0,11.466100000000004,10.541400000000003,8.119518633105228,0.0
2024-08-01_10,6,10,2024-08-01,9C - Si,9,Si wafer,89,43.2034202247191,41.6058,3.512489810267271,39.5395,51.0186,39.83918,50.41898,0.6829520741348314,0.056735349143438744,0,11.479100000000003,10.579799999999999,8.130119772919224,0.0
2024-08-05_01,7,1,2024-08-05,3C - SiO2,3,SiO2 wafer,89,43.83111460674157,42.0238,3.697463275248195,40.0996,52.1228,40.409459999999996,51.27612,0.6818525041235955,0.05583602821951538,0,12.023199999999996,10.866660000000003,8.43570442691753,0.0
2024-08-05_02,7,2,2024-08-05,3C - SiO2,3,SiO2 wafer,89,44.11084831460674,42.3205,3.695472193517218,40.3837,52.2922,40.6963,51.6012,0.6818559953483146,0.056083757514385664,0,11.908500000000004,10.904899999999998,8.377694682179824,0.0
2024-08-05_03,7,3,2024-08-05,3C - SiO2,3,SiO2 wafer,89,43.68900561797753,41.9338,3.6128997095569586,40.0253,51.6961,40.3292,51.0228,0.6818448824269663,0.05659056991790038,0,11.6708,10.693599999999996,8.2695855821225,0.0
2024-08-05_04,7,4,2024-08-05,3C - SiO2,3,SiO2 wafer,89,43.760993258426964,42.033,3.5871333721535184,40.0782,51.5847,40.3836,51.1212,0.6875776283932584,0.056653992912259074,0,11.506499999999996,10.7376,8.197102270896814,0.0
2024-08-05_05,7,5,2024-08-05,3C - SiO2,3,SiO2 wafer,89,43.5520786516854,41.9133,3.5380630871806247,39.8751,51.3076,40.20538,50.783300000000004,0.6870660943820225,0.05713740040360379,0,11.432499999999997,10.577920000000006,8.123752520463698,0.0
2024-08-05_06,7,6,2024-08-05,3C - SiO2,3,SiO2 wafer,89,43.370857303370784,41.7852,3.5201438572138457,39.7078,51.2329,40.01076,50.6111,0.685676758752809,0.05754805660282198,0,11.525100000000002,10.600340000000003,8.116380620726767,0.0
2024-08-07_01,8,1,2024-08-07,3C - SiO2,3,SiO2 wafer,89,43.74446306921348,41.9319,3.6823590733046374,40.044,51.9915,40.353320000000004,51.22998,0.6797819038426967,0.05526051695099013,1,11.947500000000005,10.876659999999994,8.417886093328715,1.1235955056179776
2024-08-07_02,8,2,2024-08-07,3C - SiO2,3,SiO2 wafer,89,43.896177528089886,42.1267,3.662978175794793,40.1973,51.877,40.5108,51.32914,0.6783756517303371,0.0550009643551217,0,11.679700000000004,10.81834,8.344640426722332,0.0
2024-08-07_03,8,3,2024-08-07,3C - SiO2,3,SiO2 wafer,89,43.71542808988764,41.9659,3.6047035749965604,40.0513,51.5945,40.35704,51.06354,0.676412922752809,0.0550602715500443,0,11.543199999999999,10.706500000000005,8.245838443088264,0.0
2024-08-07_04,8,4,2024-08-07,3C - SiO2,3,SiO2 wafer,89,43.832687640449436,42.0939,3.596014838236006,40.1374,51.7433,40.44854,51.196220000000004,0.6872802449438202,0.056792611896605456,0,11.605899999999998,10.747680000000003,8.20395698236298,0.0
2024-08-07_05,8,5,2024-08-07,3C - SiO2,3,SiO2 wafer,89,43.646195505617975,41.9591,3.56670650821036,39.9924,51.5523,40.27898,51.02622,0.6857031971685393,0.056044580760993716,0,11.559899999999999,10.747240000000005,8.171861182611591,0.0
2024-08-07_06,8,6,2024-08-07,3C - SiO2,3,SiO2 wafer,89,43.50728202247191,41.9005,3.5530731721803623,39.8199,51.2551,40.116260000000004,50.8099,0.688791018,0.05631748335058921,0,11.435200000000002,10.693639999999995,8.166617189152765,0.0
2024-08-07_07,8,7,2024-08-07,3C - SiO2,3,SiO2 wafer,89,43.40571685393258,41.8233,3.5437692270603294,39.7304,51.2407,40.0276,50.687839999999994,0.686731098505618,0.05717335883129505,0,11.510299999999994,10.660239999999995,8.164291443419076,0.0
2024-08-07_08,8,8,2024-08-07,3C - SiO2,3,SiO2 wafer,89,43.69908426966292,41.8753,3.763192322355245,39.8948,51.9439,40.2089,51.26298,0.6884493064719102,0.05748977335346911,0,12.049100000000003,11.054079999999999,8.611604534165844,0.0
2024-08-07_09,8,9,2024-08-07,3C - SiO2,3,SiO2 wafer,89,43.47381460674157,41.7541,3.729154282517733,39.6855,51.7371,39.99694,50.97694,0.684463488764045,0.05749587311348426,0,12.0516,10.979999999999997,8.577932063820887,0.0
2024-08-07_10,8,10,2024-08-07,3C - SiO2,3,SiO2 wafer,89,43.21752471910112,41.6261,3.5292509333285165,39.5611,51.0756,39.864,50.40788,0.6817811325505617,0.056888898217751026,0,11.514499999999998,10.543880000000001,8.166249585711862,0.0
2024-08-21_01,9,1,2024-08-21,3C,3,Chuck,89,44.29168651685393,42.4532,3.791206557764748,40.5155,52.6704,40.8359,51.82304,0.6850698094382023,0.057689016933878956,0,12.154899999999998,10.987139999999997,8.559634676187173,0.0
2024-08-21_02,9,2,2024-08-21,3C,3,Chuck,89,44.376304494382026,42.524,3.7778496732814006,40.613,52.64,40.93528,51.956140000000005,0.6824940887865169,0.057606912830165516,0,12.027000000000001,11.020860000000006,8.513213789038407,0.0
2024-08-21_03,9,3,2024-08-21,3C,3,Chuck,89,44.198883146067416,42.3948,3.7122977953857714,40.4619,52.3408,40.78858,51.7103,0.680685106505618,0.05659994817759568,0,11.878900000000002,10.921719999999993,8.39907601990181,0.0
2024-08-21_04,9,4,2024-08-21,3C,3,Chuck,89,43.97901235955056,42.197,3.6637674184626974,40.2646,52.0674,40.5806,51.4063,0.6769606859213484,0.056102379601949096,0,11.802799999999998,10.825700000000005,8.330717817193243,0.0
2024-08-21_05,9,5,2024-08-21,3C,3,Chuck,89,43.781948314606744,42.0554,3.620592342378271,40.0754,51.7766,40.38552,51.12648,0.6825289215393259,0.0555497476228476,0,11.7012,10.740960000000001,8.269600786976287,0.0
2024-08-21_06,9,6,2024-08-21,3C,3,Chuck,89,43.35196179775281,41.6627,3.5666158539050863,39.689,51.2778,39.98966,50.607,0.684452794,0.05721833839346419,0,11.588799999999999,10.617339999999999,8.227115235393951,0.0
2024-08-21_07,9,7,2024-08-21,3C,3,Chuck,89,43.514860674157305,41.8556,3.5700004259156257,39.8362,51.3211,40.13926,50.73668,0.6842220685955056,0.05712334487333641,0,11.484900000000003,10.59742,8.204094809467666,0.0
2024-08-21_08,9,8,2024-08-21,3C,3,Chuck,89,43.43098426966292,41.8025,3.559863164675467,39.7517,51.2209,40.051899999999996,50.65898,0.6836194708314607,0.05698563866272539,0,11.4692,10.607080000000003,8.196597946231845,0.0
2024-08-21_10,9,10,2024-08-21,3C,3,Chuck,89,43.34042359550562,41.7087,3.5370327612826937,39.687,51.2241,39.981700000000004,50.571799999999996,0.6792952972471911,0.056340956358129,0,11.537100000000002,10.590099999999993,8.161047972889406,0.0
2024-08-22_01,10,1,2024-08-22,3C - SiO2,3,SiO2 wafer,89,44.3370988764045,42.4874,3.755675513513877,40.5799,52.5928,40.89726,51.93376,0.683461737505618,0.05848671295923544,0,12.012899999999995,11.036499999999997,8.470729047886776,0.0
2024-08-22_02,10,2,2024-08-22,3C - SiO2,3,SiO2 wafer,89,44.010087640449434,42.2143,3.6907012884895574,40.302,52.1391,40.61744,51.4911,0.6819208378314606,0.05752284216357215,0,11.8371,10.873660000000001,8.386034853285441,0.0
2024-08-22_03,10,3,2024-08-22,3C - SiO2,3,SiO2 wafer,89,44.15319438202248,42.3735,3.677514057729746,40.4314,52.1227,40.74854,51.60662,0.6797038363033708,0.05598844141070666,0,11.691300000000005,10.858080000000001,8.328987538050228,0.0
2024-08-22_04,10,4,2024-08-22,3C - SiO2,3,SiO2 wafer,89,43.86219509404494,42.2157,3.536155217020328,40.22615165,51.5528,40.57218,51.07766,0.6164995228876404,0.09068615388524387,5,11.32664835,10.505479999999999,8.061965912646315,5.617977528089887
